trase_code,uml_id,group,company,mill_name,latitude,longitude,capacity_tonnes_ffb_hour,active,earliest_year_of_existence,earliest_year_of_existence_source,kabupaten_name,kabupaten_trase_id,province_name,longitude_geom,latitude_geom
M-00001,PO1000004269,SUMBER TANI HARAPAN (STH),ABDI BUDI MULIA,ABDI BUDI MULIA 1,2.05244675041259,100.253109985984,60.0,Operating,1999,"Mill known to exist in 1999 (source: Taib, Gunatif (2000), Kajian Pengembangan Industri Crude Palm Oil Skala Kecil (Studi Kasus Pengembangan Industri Crude Palm Oil di Sumatera Barat), http://repository.ipb.ac.id/handle/123456789/5044)",LABUHAN BATU SELATAN,ID-1222,SUMATERA UTARA,100.25310999,2.05244675
M-00002,PO1000008154,SUMBER TANI HARAPAN (STH),ABDI BUDI MULIA,ABDI BUDI MULIA 2,2.11237511666291,100.273097785622,45.0,Operating,2016,"Earliest year mill found to exist based on photo-interpretation of high-resolution satellite imagery, manufacturing census data, traceability reports and other secondary sources (or combination of these sources)",LABUHAN BATU SELATAN,ID-1222,SUMATERA UTARA,100.27309779,2.11237512
M-00003,PO1000008417,UNKNOWN,PALM LAMPUNG PERSADA,PALM LAMPUNG PERSADA,-4.37461382864178,104.599497446277,60.0,Operating,2009,Establishment year imputed based on Dinas Perkebunan Plantation Statistics reports (e.g. first year a mill appears in a Dinas Perkebunan Plantation Statistics report),WAY KANAN,ID-1807,LAMPUNG,104.59949745,-4.37461383
M-00006,PO1000004351,ADIMULIA,ADIMULIA AGROLESTARI,ADIMULIA AGROLESTARI,-0.110303436558904,101.386960132929,30.0,Operating,1999,"Mill known to exist in 1999 (source: Taib, Gunatif (2000), Kajian Pengembangan Industri Crude Palm Oil Skala Kecil (Studi Kasus Pengembangan Industri Crude Palm Oil di Sumatera Barat), http://repository.ipb.ac.id/handle/123456789/5044)",KUANTAN SINGINGI,ID-1401,RIAU,101.38696013,-0.11030344
M-00007,PO1000007616,INCASI RAYA (GUNAS),SUMATERA JAYA AGRO LESTARI,TOBA,-0.410197114754866,110.182516969398,60.0,Operating,2013,Establishment year based on other government record of establishment (e.g. Permit database),SANGGAU,ID-6105,KALIMANTAN BARAT,110.18251697,-0.41019711
M-00008,PO1000000284,SAMPOERNA AGRO,AEK TARUM,BELIDA,-3.83833431461917,104.971979742141,60.0,Operating,1996,"Establishment year based off secondary sources (e.g. website, corporate report, etc)",OGAN KOMERING ILIR,ID-1602,SUMATERA SELATAN,104.97197974,-3.83833431
M-00009,PO1000004554,UNKNOWN,AGRI ANDALAS,DERMAYU,-3.99753277002698,102.429152682963,30.0,Operating,1999,"Mill known to exist in 1999 (source: Taib, Gunatif (2000), Kajian Pengembangan Industri Crude Palm Oil Skala Kecil (Studi Kasus Pengembangan Industri Crude Palm Oil di Sumatera Barat), http://repository.ipb.ac.id/handle/123456789/5044)",SELUMA,ID-1705,BENGKULU,102.42915268,-3.99753277
M-00010,PO1000004072,UNKNOWN,AGRICINAL,AGRICINAL,-3.20096878832552,101.629785899295,45.0,Operating,1999,"Mill known to exist in 1999 (source: Taib, Gunatif (2000), Kajian Pengembangan Industri Crude Palm Oil Skala Kecil (Studi Kasus Pengembangan Industri Crude Palm Oil di Sumatera Barat), http://repository.ipb.ac.id/handle/123456789/5044)",BENGKULU UTARA,ID-1703,BENGKULU,101.6297859,-3.20096879
M-00011,PO1000006188,GOODHOPE,AGRO INDOMAS,BUMI JAYA,-1.0151819679507,116.68962899076,45.0,Operating,2015,Establishment year imputed based on Dinas Perkebunan Plantation Statistics reports (e.g. first year a mill appears in a Dinas Perkebunan Plantation Statistics report),PENAJAM PASER UTARA,ID-6409,KALIMANTAN TIMUR,116.68962899,-1.01518197
M-00012,PO1000010073,KALIMANTAN PLANTATION UNIT (KPU),ADITYA AGROINDO,SIMPANG HULU BARAT,-0.4393,110.23474,60.0,Operating,2015,"Establishment year based off secondary sources (e.g. website, corporate report, etc)",KETAPANG,ID-6106,KALIMANTAN BARAT,110.23474,-0.4393
M-00014,PO1000007533,KPN CORP,WAWASAN KEBUN NUSANTARA,SUNGAI KUMBAH,1.26789702146558,109.81581508126,45.0,Operating,2016,"Establishment year based off secondary sources (e.g. website, corporate report, etc)",BENGKAYANG,ID-6102,KALIMANTAN BARAT,109.81581508,1.26789702
M-00016,PO1000004475,WILMAR,AGRONUSA INVESTAMA,PAHOMAN,0.274499077281111,109.731432710845,30.0,Operating,2011,Establishment year imputed based on Dinas Perkebunan Plantation Statistics reports (e.g. first year a mill appears in a Dinas Perkebunan Plantation Statistics report),LANDAK,ID-6103,KALIMANTAN BARAT,109.73143271,0.27449908
M-00017,PO1000004392,SARIMAS,AGRO SARIMAS INDONESIA,AGRO SARIMAS INDONESIA,-0.516701988976474,102.920476534255,45.0,Operating,2008,Establishment year imputed based on Dinas Perkebunan Plantation Statistics reports (e.g. first year a mill appears in a Dinas Perkebunan Plantation Statistics report),INDRAGIRI HILIR,ID-1403,RIAU,102.92047653,-0.51670199
M-00018,PO1000008386,UNKNOWN,AGRO WIJAYA INDUSTRI,AGRO WIJAYA INDUSTRI,-1.76068252543203,102.243762491098,45.0,Operating,2017,"Establishment year based off secondary sources (e.g. website, corporate report, etc)",MERANGIN,ID-1502,JAMBI,102.24376249,-1.76068253
M-00019,PO1000008158,UNKNOWN,AGRO WIRA LIGATSA,AGRO WIRA LIGATSA,0.22444620550327,99.7158407957249,30.0,Operating,2015,"Establishment year based off secondary sources (e.g. website, corporate report, etc)",PASAMAN BARAT,ID-1312,SUMATERA BARAT,99.7158408,0.22444621
M-00020,PO1000001637,SINAR MAS,AGRO LESTARI MANDIRI,PEKAWAI,-1.51948467271473,110.458690780933,60.0,Operating,2010,"Establishment year based off secondary sources (e.g. website, corporate report, etc)",KETAPANG,ID-6106,KALIMANTAN BARAT,110.45869078,-1.51948467
M-00022,PO1000004218,UNKNOWN,AGUNG AGRO LESTARI,AGUNG AGRO LESTARI,2.54002850663463,99.8834247483467,45.0,Operating,2008,"Earliest year mill found to exist based on photo-interpretation of high-resolution satellite imagery, manufacturing census data, traceability reports and other secondary sources (or combination of these sources)",LABUHAN BATU UTARA,ID-1223,SUMATERA UTARA,99.88342475,2.54002851
M-00023,PO1000004217,BAKRIE,GRAHADURA LEIDONGPRIMA,LEIDONG MAKMUR,2.58444424748668,99.7852621231003,30.0,Operating,2004,"Mill known to exist in 2004 (source: Golder Associates (2006). Appendix VIII: Summary of Renewable Potential in Indonesia POM, Retrieved October 10, 2018, http://www.adb.org/Documents/Reports/Consulta nt/46557-INO/36557-INO-TACR- AppendixVIII.pdf)",LABUHAN BATU UTARA,ID-1223,SUMATERA UTARA,99.78526212,2.58444425
M-00025,PO1000004842,UNKNOWN,ANEKA PURA MULTI KERTA,KAMPUNG BARU,-1.07998859325102,103.006968192472,30.0,Operating,2012,Establishment year imputed based on Dinas Perkebunan Plantation Statistics reports (e.g. first year a mill appears in a Dinas Perkebunan Plantation Statistics report),TANJUNG JABUNG BARAT,ID-1507,JAMBI,103.00696819,-1.07998859
M-00026,PO1000007627,ANGLO-EASTERN PLANTATION (AEP),SAWIT GRAHA MANUNGGAL,SAWIT GRAHA MANUNGGAL,-2.07272,115.06854,90.0,Operating,2015,Establishment year based on dinas perkebunan record of establishment (e.g. Dinas Perkebunan Plantation Statistics report of establishment dates),BARITO TIMUR,ID-6212,KALIMANTAN TENGAH,115.06854,-2.07272
M-00027,PO1000004942,ANGLO-EASTERN PLANTATION (AEP),MITRA PUDING MAS,MITRA PUDING MAS,-3.13456527218432,101.601543782188,80.0,Operating,2002,"Establishment year based off secondary sources (e.g. website, corporate report, etc)",BENGKULU UTARA,ID-1703,BENGKULU,101.60154378,-3.13456527
M-00028,PO1000004215,ANGLO-EASTERN PLANTATION (AEP),ALNO AGRO UTAMA,SUMIDO,-3.1324134066237,101.876919518231,60.0,Operating,2010,"Establishment year based off secondary sources (e.g. website, corporate report, etc)",BENGKULU UTARA,ID-1703,BENGKULU,101.87691952,-3.13241341
M-00029,PO1000004419,ANGLO-EASTERN PLANTATION (AEP),BINA FITRI JAYA,BINA FITRI JAYA,0.80922907121657,101.27754293951,60.0,Operating,2007,"Establishment year based off secondary sources (e.g. website, corporate report, etc)",SIAK,ID-1405,RIAU,101.27754294,0.80922907
M-00030,PO1000004476,ANGLO-EASTERN PLANTATION (AEP),TASIK RAJA,TASIK RAJA,1.6692799225556,100.1615074509,80.0,Operating,1991,"Establishment year based off secondary sources (e.g. website, corporate report, etc)",LABUHAN BATU SELATAN,ID-1222,SUMATERA UTARA,100.16150745,1.66927992
M-00031,PO1000004344,ANGLO-EASTERN PLANTATION (AEP),UNITED KINGDOM INDONESIA PLANTATION,BLANKAHAN,3.49487637599205,98.397940837689,45.0,Operating,2004,"Establishment year based off secondary sources (e.g. website, corporate report, etc)",LANGKAT,ID-1213,SUMATERA UTARA,98.39794084,3.49487638
M-00033,PO1000004116,DHANISTHA SURYA NUSANTARA,ANTANG GANDA UTAMA,BUTONG,-1.11326400983069,114.887711781713,60.0,Operating,1996,Establishment year based on dinas perkebunan record of establishment (e.g. Dinas Perkebunan Plantation Statistics report of establishment dates),BARITO UTARA,ID-6205,KALIMANTAN TENGAH,114.88771178,-1.11326401
M-00034,PO1000004078,SUPERVENTURE,BUMI MENTARI KARYA,BUMI MENTARI KARYA,-2.87568492077946,101.423835028731,45.0,Operating,2006,"Establishment year based off secondary sources (e.g. website, corporate report, etc)",MUKO-MUKO,ID-1706,BENGKULU,101.42383503,-2.87568492
M-00035,PO1000004403,SUPERVENTURE,BUMI MENTARI KARYA,KAMPAR,0.624844798955851,101.139688789658,45.0,Operating,2005,Establishment year imputed based on Dinas Perkebunan Plantation Statistics reports (e.g. first year a mill appears in a Dinas Perkebunan Plantation Statistics report),KAMPAR,ID-1406,RIAU,101.13968879,0.6248448
M-00036,PO1000006222,SUPERVENTURE,KEMILAU PERMATA SAWIT,TAPAN,-2.20152055768325,101.089010070283,60.0,Operating,2014,"Establishment year based off secondary sources (e.g. website, corporate report, etc)",PESISIR SELATAN,ID-1302,SUMATERA BARAT,101.08901007,-2.20152056
M-00037,PO1000004110,SUPERVENTURE,MITRA SAWIT JAMBI,MITRA SAWIT JAMBI,-1.31702157364666,103.086629744117,45.0,Operating,2003,Establishment year imputed based on Dinas Perkebunan Plantation Statistics reports (e.g. first year a mill appears in a Dinas Perkebunan Plantation Statistics report),TANJUNG JABUNG BARAT,ID-1507,JAMBI,103.08662974,-1.31702157
M-00039,PO1000004576,UNKNOWN,ANUGRAH FAJAR REZEKI,ANUGRAH FAJAR REZEKI,4.57298125968278,97.9086262542362,30.0,Operating,2014,"Establishment year based off secondary sources (e.g. website, corporate report, etc)",ACEH TIMUR,ID-1105,ACEH,97.90862625,4.57298126
M-00040,PO1000008388,UNKNOWN,AGRO SERASI LESTARI,AGRO SERASI LESTARI,2.706581,99.618478,45.0,Operating,2013,"Establishment year based off secondary sources (e.g. website, corporate report, etc)",ASAHAN,ID-1208,SUMATERA UTARA,99.618478,2.706581
M-00041,PO1000004575,SUPERVENTURE,ANUGERAH PELANGI SUKSES,ANUGERAH PELANGI SUKSES,-4.5609688521464,103.113734069552,45.0,Operating,2015,Establishment year imputed based on Dinas Perkebunan Plantation Statistics reports (e.g. first year a mill appears in a Dinas Perkebunan Plantation Statistics report),KAUR,ID-1704,BENGKULU,103.11373407,-4.56096885
M-00042,PO1000007457,ANUGERAH TANI MAKMUR,ANUGERAH TANI MAKMUR,ANUGERAH TANI MAKMUR,0.536222,101.602024,45.0,Operating,2016,Establishment year imputed based on Dinas Perkebunan Plantation Statistics reports (e.g. first year a mill appears in a Dinas Perkebunan Plantation Statistics report),SIAK,ID-1405,RIAU,101.602024,0.536222
M-00043,PO1000004513,TRIBUANA GLOBAL,ANUGRAH TANJUNG MEDAN,ANUGRAH TANJUNG MEDAN,2.06231152377231,100.147183760985,30.0,Operating,2013,"Earliest year mill found to exist based on photo-interpretation of high-resolution satellite imagery, manufacturing census data, traceability reports and other secondary sources (or combination of these sources)",LABUHAN BATU SELATAN,ID-1222,SUMATERA UTARA,100.14718376,2.06231152
M-00044,PO1000002631,FIRST RESOURCES,ARINDO TRISEJAHTERA,ARINDO TRISEJAHTERA,0.580230125899067,100.925413673613,45.0,Operating,1998,Establishment year imputed based on Dinas Perkebunan Plantation Statistics reports (e.g. first year a mill appears in a Dinas Perkebunan Plantation Statistics report),KAMPAR,ID-1406,RIAU,100.92541367,0.58023013
M-00045,PO1000007549,FIRST BORNEO PLANTATIONS (FBP),ARJUNA UTAMA SAWIT,ARJUNA UTAMA SAWIT,-2.25339042924558,113.379363737312,45.0,Operating,2015,Establishment year based on dinas perkebunan record of establishment (e.g. Dinas Perkebunan Plantation Statistics report of establishment dates),KATINGAN,ID-6209,KALIMANTAN TENGAH,113.37936374,-2.25339043
M-00046,PO1000004214,ASAM JAWA,SAPTA KARYA DAMAI,SAPTA KARYA DAMAI,-2.58287,112.62698,60.0,Operating,2009,Establishment year based on dinas perkebunan record of establishment (e.g. Dinas Perkebunan Plantation Statistics report of establishment dates),KOTAWARINGIN TIMUR,ID-6202,KALIMANTAN TENGAH,112.62698,-2.58287
M-00047,PO1000008170,MUSIRAWAS,MUSIRAWAS CITRA HARPINDO,PKS 2,-2.44990983606131,112.213086859779,60.0,Operating,2011,Establishment year based on dinas perkebunan record of establishment (e.g. Dinas Perkebunan Plantation Statistics report of establishment dates),SERUYAN,ID-6208,KALIMANTAN TENGAH,112.21308686,-2.44990984
M-00048,PO1000004192,MUSIRAWAS,MUSIRAWAS CITRA HARPINDO,PKS 1,-2.39771449599818,112.223669273866,30.0,Operating,2001,Establishment year based on dinas perkebunan record of establishment (e.g. Dinas Perkebunan Plantation Statistics report of establishment dates),SERUYAN,ID-6208,KALIMANTAN TENGAH,112.22366927,-2.3977145
M-00049,PO1000004931,MAHITALA INGKENG GEMAH (MIG),SWADAYA SAPTA PUTRA,SWADAYA SAPTA PUTRA,-1.993683,112.831683,45.0,Operating,2009,Establishment year based on dinas perkebunan record of establishment (e.g. Dinas Perkebunan Plantation Statistics report of establishment dates),KOTAWARINGIN TIMUR,ID-6202,KALIMANTAN TENGAH,112.831683,-1.993683
M-00050,PO1000008591,MUSIRAWAS,UNI PRIMACOM,UNI PRIMACOM PKS 1,-1.94368276637401,112.728658594256,20.0,Operating,2005,Establishment year based on dinas perkebunan record of establishment (e.g. Dinas Perkebunan Plantation Statistics report of establishment dates),KOTAWARINGIN TIMUR,ID-6202,KALIMANTAN TENGAH,112.72865859,-1.94368277
M-00051,PO1000009022,MUSIRAWAS,UNI PRIMACOM,UNI PRIMACOM PKS 2,-1.86179856906875,112.720659629129,45.0,Operating,2014,Establishment year based on dinas perkebunan record of establishment (e.g. Dinas Perkebunan Plantation Statistics report of establishment dates),KOTAWARINGIN TIMUR,ID-6202,KALIMANTAN TENGAH,112.72065963,-1.86179857
M-00052,PO1000004500,ASAM JAWA,ASAM JAWA,ASAM JAWA,1.90020952566936,100.186378572308,60.0,Operating,1987,"Establishment year based off secondary sources (e.g. website, corporate report, etc)",LABUHAN BATU SELATAN,ID-1222,SUMATERA UTARA,100.18637857,1.90020953
M-00053,PO1000007468,SK PLUS,ASIA SAWIT LESTARI,ASIA SAWIT LESTARI,-1.83725882745238,103.37786012081,45.0,Operating,2015,"Establishment year based off secondary sources (e.g. website, corporate report, etc)",BATANG HARI,ID-1504,JAMBI,103.37786012,-1.83725883
M-00054,PO1000004315,SUPERVENTURE,ASIA SAWIT MAKMUR JAYA,ASIA SAWIT MAKMUR JAYA,-0.48549,101.45201,45.0,Operating,2006,"Establishment year based off secondary sources (e.g. website, corporate report, etc)",KUANTAN SINGINGI,ID-1401,RIAU,101.45201,-0.48549
M-00056,PO1000006173,ROYAL GOLDEN EAGLE,INTI INDOSAWIT SUBUR,TANJUNG PAUH,-0.0984620747487003,101.297645769679,45.0,Operating,2012,Establishment year imputed based on Dinas Perkebunan Plantation Statistics reports (e.g. first year a mill appears in a Dinas Perkebunan Plantation Statistics report),KUANTAN SINGINGI,ID-1401,RIAU,101.29764577,-0.09846207
M-00058,PO1000004265,SUPERVENTURE,SINAR SAWIT SUBUR LESTARI,SINAR SAWIT SUBUR LESTARI,1.58881647574587,99.8728830889791,60.0,Operating,2012,"Earliest year mill found to exist based on photo-interpretation of high-resolution satellite imagery, manufacturing census data, traceability reports and other secondary sources (or combination of these sources)",PADANG LAWAS UTARA,ID-1220,SUMATERA UTARA,99.87288309,1.58881648
M-00059,PO1000004266,NAGAMAS,DJAYA GLOBALINDO SENTOSA,DJAYA GLOBALINDO SENTOSA,1.69552009229032,101.043011356086,30.0,Operating,2013,Establishment year imputed based on Dinas Perkebunan Plantation Statistics reports (e.g. first year a mill appears in a Dinas Perkebunan Plantation Statistics report),ROKAN HILIR,ID-1409,RIAU,101.04301136,1.69552009
M-00060,PO1000002607,ROYAL GOLDEN EAGLE,INDO SEPADAN JAYA,TANJUNG SELAMAT,2.12798279024898,100.002376304227,45.0,Operating,1999,"Mill known to exist in 1999 (source: Taib, Gunatif (2000), Kajian Pengembangan Industri Crude Palm Oil Skala Kecil (Studi Kasus Pengembangan Industri Crude Palm Oil di Sumatera Barat), http://repository.ipb.ac.id/handle/123456789/5044)",LABUHAN BATU,ID-1207,SUMATERA UTARA,100.0023763,2.12798279
M-00061,PO1000004228,ASTRA AGRO LESTARI,SUBUR AGRO MAKMUR,SUBUR AGRO MAKMUR,-2.65292205498359,114.970810763591,45.0,Operating,2012,Establishment year imputed based on Dinas Perkebunan Plantation Statistics reports (e.g. first year a mill appears in a Dinas Perkebunan Plantation Statistics report),HULU SUNGAI SELATAN,ID-6306,KALIMANTAN SELATAN,114.97081076,-2.65292205
M-00062,PO1000004179,ASTRA AGRO LESTARI,GUNUNG SEJAHTERA IBU PERTIWI,GUNUNG SEJAHTERA IBU PERTIWI,-2.3772888724,111.79292503,60.0,Operating,1997,Establishment year based on dinas perkebunan record of establishment (e.g. Dinas Perkebunan Plantation Statistics report of establishment dates),KOTAWARINGIN BARAT,ID-6201,KALIMANTAN TENGAH,111.79292503,-2.37728887
M-00063,PO1000004176,ASTRA AGRO LESTARI,GUNUNG SEJAHTERA PUTI PESONA,GUNUNG SEJAHTERA PUTI PESONA,-2.36560390916672,111.95511518767,60.0,Operating,2002,Establishment year based on dinas perkebunan record of establishment (e.g. Dinas Perkebunan Plantation Statistics report of establishment dates),KOTAWARINGIN BARAT,ID-6201,KALIMANTAN TENGAH,111.95511519,-2.36560391
M-00064,PO1000004165,ASTRA AGRO LESTARI,GUNUNG SEJAHTERA DUA INDAH,GUNUNG SEJAHTERA DUA INDAH,-2.30085,111.837333,60.0,Operating,2005,Establishment year based on dinas perkebunan record of establishment (e.g. Dinas Perkebunan Plantation Statistics report of establishment dates),KOTAWARINGIN BARAT,ID-6201,KALIMANTAN TENGAH,111.837333,-2.30085
M-00065,PO1000004156,ASTRA AGRO LESTARI,SURYARAYA LESTARI,SURYARAYA LESTARI 2,-2.115465,119.256649,60.0,Operating,2007,"Establishment year based off secondary sources (e.g. website, corporate report, etc)",MAMUJU TENGAH,ID-7606,SULAWESI BARAT,119.256649,-2.115465
M-00068,PO1000004093,ASTRA AGRO LESTARI,AGRO NUSA ABADI,AGRO NUSA ABADI,-2.129894,121.484959,45.0,Operating,2013,"Establishment year based off secondary sources (e.g. website, corporate report, etc)",MOROWALI UTARA,ID-7212,SULAWESI TENGAH,121.484959,-2.129894
M-00069,PO1000004932,ASTRA AGRO LESTARI,NIRMALA AGRO LESTARI,NIRMALA AGRO LESTARI,-2.091933,111.48705,50.0,Operating,2011,Establishment year based on dinas perkebunan record of establishment (e.g. Dinas Perkebunan Plantation Statistics report of establishment dates),LAMANDAU,ID-6207,KALIMANTAN TENGAH,111.48705,-2.091933
M-00070,PO1000004096,ASTRA AGRO LESTARI,BORNEO INDAH MARJAYA,BORNEO INDAH MARJAYA,-2.03319799999081,116.401023000214,60.0,Operating,2012,Establishment year imputed based on Dinas Perkebunan Plantation Statistics reports (e.g. first year a mill appears in a Dinas Perkebunan Plantation Statistics report),PASER,ID-6401,KALIMANTAN TIMUR,116.401023,-2.033198
M-00072,PO1000004509,ASTRA AGRO LESTARI,ASTRA AGRO LESTARI,ASTRA AGRO LESTARI 1,-1.99155973322661,115.509105022743,45.0,Operating,2012,Establishment year based on dinas perkebunan record of establishment (e.g. Dinas Perkebunan Plantation Statistics report of establishment dates),TABALONG,ID-6309,KALIMANTAN SELATAN,115.50910502,-1.99155973
M-00073,PO1000004505,ASTRA AGRO LESTARI,SARI ADITYA LOKA,SARI ADITYA LOKA 1,-1.95962125055102,102.370491378726,60.0,Operating,1999,"Mill known to exist in 1999 (source: Taib, Gunatif (2000), Kajian Pengembangan Industri Crude Palm Oil Skala Kecil (Studi Kasus Pengembangan Industri Crude Palm Oil di Sumatera Barat), http://repository.ipb.ac.id/handle/123456789/5044)",MERANGIN,ID-1502,JAMBI,102.37049138,-1.95962125
M-00074,PO1000004481,ASTRA AGRO LESTARI,SURYARAYA LESTARI,SURYARAYA LESTARI 1,-1.69379,119.36168,50.0,Operating,1996,"Establishment year based off secondary sources (e.g. website, corporate report, etc)",MAMUJU UTARA,ID-7605,SULAWESI BARAT,119.36168,-1.69379
M-00075,PO1000006198,ASTRA AGRO LESTARI,SUKSES TANI NUSASUBUR,SUKSES TANI NUSASUBUR,-1.381201,116.474659,45.0,Operating,2015,Establishment year imputed based on Dinas Perkebunan Plantation Statistics reports (e.g. first year a mill appears in a Dinas Perkebunan Plantation Statistics report),PENAJAM PASER UTARA,ID-6409,KALIMANTAN TIMUR,116.474659,-1.381201
M-00076,PO1000008218,ASTRA AGRO LESTARI,LESTARI TANI TELADAN,LESTARI TANI TELADAN,-1.370466,119.486578,45.0,Operating,2014,"Establishment year based off secondary sources (e.g. website, corporate report, etc)",DONGGALA,ID-7205,SULAWESI TENGAH,119.486578,-1.370466
M-00077,PO1000004113,ASTRA AGRO LESTARI,PASANGKAYU,PASANGKAYU,-1.222355,119.472451,60.0,Operating,1999,"Establishment year based off secondary sources (e.g. website, corporate report, etc)",MAMUJU UTARA,ID-7605,SULAWESI BARAT,119.472451,-1.222355
M-00078,PO1000004372,ASTRA AGRO LESTARI,TUNGGAL PERKASA PLANTATIONS,TUNGGAL PERKASA PLANTATIONS,-0.3023555316,102.27255556,70.0,Operating,1988,"Establishment year based off secondary sources (e.g. website, corporate report, etc)",INDRAGIRI HULU,ID-1402,RIAU,102.27255556,-0.30235553
M-00079,PO1000004935,ASTRA AGRO LESTARI,SARI LEMBAH SUBUR,SARI LEMBAH SUBUR 1,-0.049777776003,102.25244444,60.0,Operating,1992,"Establishment year based off secondary sources (e.g. website, corporate report, etc)",PELALAWAN,ID-1404,RIAU,102.25244444,-0.04977778
M-00081,PO1000007596,ASTRA AGRO LESTARI,SARI LEMBAH SUBUR,SARI LEMBAH SUBUR 2,-0.0021,102.19644,45.0,Operating,1999,"Mill known to exist in 1999 (source: Taib, Gunatif (2000), Kajian Pengembangan Industri Crude Palm Oil Skala Kecil (Studi Kasus Pengembangan Industri Crude Palm Oil di Sumatera Barat), http://repository.ipb.ac.id/handle/123456789/5044)",PELALAWAN,ID-1404,RIAU,102.19644,-0.0021
M-00082,PO1000004408,ASTRA AGRO LESTARI,KIMIA TIRTA UTAMA,KIMIA TIRTA UTAMA,0.676218,101.726641,45.0,Operating,1998,"Establishment year based off secondary sources (e.g. website, corporate report, etc)",SIAK,ID-1405,RIAU,101.726641,0.676218
M-00083,PO1000004422,ASTRA AGRO LESTARI,EKA DURA INDONESIA,EKA DURA INDONESIA,0.88412367596,100.6143997,60.0,Operating,1999,"Mill known to exist in 1999 (source: Taib, Gunatif (2000), Kajian Pengembangan Industri Crude Palm Oil Skala Kecil (Studi Kasus Pengembangan Industri Crude Palm Oil di Sumatera Barat), http://repository.ipb.ac.id/handle/123456789/5044)",ROKAN HULU,ID-1407,RIAU,100.6143997,0.88412368
M-00084,PO1000004843,ASTRA AGRO LESTARI,SUMBER KHARISMA PERSADA,SUMBER KHARISMA PERSADA,1.01405596331135,118.04854288038,30.0,Operating,2011,Establishment year imputed based on Dinas Perkebunan Plantation Statistics reports (e.g. first year a mill appears in a Dinas Perkebunan Plantation Statistics report),KUTAI TIMUR,ID-6404,KALIMANTAN TIMUR,118.04854288,1.01405596
M-00085,PO1000004167,ASTRA AGRO LESTARI,PERKEBUNAN LEMBAH BHAKTI,PERKEBUNAN LEMBAH BHAKTI 1,2.31596865648376,97.9959549322294,45.0,Operating,1993,Establishment year based on other government record of establishment (e.g. Permit database),ACEH SINGKIL,ID-1102,ACEH,97.99595493,2.31596866
M-00086,PO1000004571,ASTRA AGRO LESTARI,KARYA TANAH SUBUR,KARYA TANAH SUBUR,4.35011576418742,96.1645767996611,50.0,Operating,1995,"Establishment year based off secondary sources (e.g. website, corporate report, etc)",ACEH BARAT,ID-1107,ACEH,96.1645768,4.35011576
M-00087,PO1000000531,ANJ AGRO,SAHABAT MEWAH & MAKMUR,JANGKANG,-2.996917,107.87665,60.0,Operating,1996,"Establishment year based off secondary sources (e.g. website, corporate report, etc)",BELITUNG TIMUR,ID-1906,KEP. BANGKA BELITUNG,107.87665,-2.996917
M-00088,PO1000006366,ANJ AGRO,KAYUNG AGRO LESTARI,KAYUNG AGRO LESTARI,-1.44990274769741,110.230720905421,90.0,Operating,2016,"Establishment year based off secondary sources (e.g. website, corporate report, etc)",KETAPANG,ID-6106,KALIMANTAN BARAT,110.23072091,-1.44990275
M-00089,PO1000001992,ANJ AGRO,AUSTINDO NUSANTARA JAYA AGRI SIAIS,AUSTINDO NUSANTARA JAYA AGRI SIAIS,1.17502572694265,99.156110445563,60.0,Operating,2011,"Establishment year based off secondary sources (e.g. website, corporate report, etc)",TAPANULI SELATAN,ID-1203,SUMATERA UTARA,99.15611045,1.17502573
M-00090,PO1000000530,ANJ AGRO,AUSTINDO NUSANTARA JAYA AGRI,BINANGA,1.47936326960553,99.9593074042178,60.0,Operating,1999,"Mill known to exist in 1999 (source: Taib, Gunatif (2000), Kajian Pengembangan Industri Crude Palm Oil Skala Kecil (Studi Kasus Pengembangan Industri Crude Palm Oil di Sumatera Barat), http://repository.ipb.ac.id/handle/123456789/5044)",PADANG LAWAS,ID-1221,SUMATERA UTARA,99.9593074,1.47936327
M-00091,PO1000004946,GAGAH PUTERA SATRIA (GPS),BUANA KARYA BHAKTI,BATULAKI,-3.67390712764937,115.481056369887,90.0,Operating,2005,"Establishment year based off secondary sources (e.g. website, corporate report, etc)",TANAH BUMBU,ID-6310,KALIMANTAN SELATAN,115.48105637,-3.67390713
M-00092,PO1000004572,UNKNOWN,BUMI SAMA GANDA,BUMI SAMA GANDA,4.35613317212845,98.1078291937282,45.0,Operating,2006,Establishment year based on other government record of establishment (e.g. Permit database),ACEH TAMIANG,ID-1114,ACEH,98.10782919,4.35613317
M-00093,PO1000004101,BAKRIE,SUMBERTAMA NUSAPERTIWI,SUMBERTAMA NUSAPERTIWI,-1.68079768504876,103.8009844639,30.0,Operating,2005,"Establishment year based off secondary sources (e.g. website, corporate report, etc)",MUARO JAMBI,ID-1505,JAMBI,103.80098446,-1.68079769
M-00094,PO1000000884,BAKRIE,AGRO MITRA MADANI,AGRO MITRA MADANI,-1.07716511761101,103.109568909456,60.0,Operating,2004,Establishment year imputed based on Dinas Perkebunan Plantation Statistics reports (e.g. first year a mill appears in a Dinas Perkebunan Plantation Statistics report),TANJUNG JABUNG BARAT,ID-1507,JAMBI,103.10956891,-1.07716512
M-00095,PO1000004365,BAKRIE,BAKRIE PASAMAN PLANTATIONS,AIR BALAM,0.228828553490389,99.4746182110877,60.0,Operating,1990,Establishment year based on other government record of establishment (e.g. Permit database),PASAMAN BARAT,ID-1312,SUMATERA BARAT,99.47461821,0.22882855
M-00096,PO1000000184,BAKRIE,BAKRIE SUMATERA PLANTATIONS,UNIT KISARAN,3.04070983717385,99.5832388471207,45.0,Operating,2007,"Establishment year based off secondary sources (e.g. website, corporate report, etc)",ASAHAN,ID-1208,SUMATERA UTARA,99.58323885,3.04070984
M-00098,PO1000004522,UNKNOWN,SAWIT PERMAI ABADI,SAWIT PERMAI ABADI,3.65264404736093,98.4292611120785,,Operating,2010,"Earliest year mill found to exist based on photo-interpretation of high-resolution satellite imagery, manufacturing census data, traceability reports and other secondary sources (or combination of these sources)",LANGKAT,ID-1213,SUMATERA UTARA,98.42926111,3.65264405
M-00099,PO1000008211,NT CORP,BANGKIT GIAT USAHA MANDIRI,BANGKIT GIAT USAHA MANDIRI,-1.47528866720846,112.749536005104,45.0,Operating,2010,Establishment year based on dinas perkebunan record of establishment (e.g. Dinas Perkebunan Plantation Statistics report of establishment dates),KOTAWARINGIN TIMUR,ID-6202,KALIMANTAN TENGAH,112.74953601,-1.47528867
M-00100,PO1000001638,SINAR MAS,KENCANA GRAHA PERMAI,KENANGA,-2.14196479519258,110.516452170729,80.0,Operating,2013,Establishment year imputed based on Dinas Perkebunan Plantation Statistics reports (e.g. first year a mill appears in a Dinas Perkebunan Plantation Statistics report),KETAPANG,ID-6106,KALIMANTAN BARAT,110.51645217,-2.1419648
M-00101,PO1000004274,UNKNOWN,BANGUN SEMPURNA LESTARI,BANGUN SEMPURNA LESTARI,2.63307902326817,97.9504185968679,30.0,Operating,2011,"Establishment year based off secondary sources (e.g. website, corporate report, etc)",SUBULUSSALAM (KOTA),ID-1175,ACEH,97.9504186,2.63307902
M-00103,PO1000005204,UNKNOWN,KENCANA KATARA KEWALA,KENCANA KATARA KEWALA,-3.36366736187035,101.826690449956,30.0,Operating,2012,Establishment year imputed based on Dinas Perkebunan Plantation Statistics reports (e.g. first year a mill appears in a Dinas Perkebunan Plantation Statistics report),BENGKULU UTARA,ID-1703,BENGKULU,101.82669045,-3.36366736
M-00104,PO1000004318,PASIFIK AGRO SENTOSA (PAS),CIPTA USAHA SEJATI,MABALI,-0.999893466179454,110.19602566922,75.0,Operating,2014,Establishment year imputed based on Dinas Perkebunan Plantation Statistics reports (e.g. first year a mill appears in a Dinas Perkebunan Plantation Statistics report),KAYONG UTARA,ID-6111,KALIMANTAN BARAT,110.19602567,-0.99989347
M-00105,PO1000001315,PASIFIK AGRO SENTOSA (PAS),BARUMUN AGRO SENTOSA,AEK SIGALA GALA,1.61968284349138,100.103592370245,60.0,Operating,1995,"Establishment year based off secondary sources (e.g. website, corporate report, etc)",PADANG LAWAS UTARA,ID-1220,SUMATERA UTARA,100.10359237,1.61968284
M-00107,PO1000005206,SAWIT LESTARI,BENGKULU SAWIT LESTARI,AIR SULAU,-4.53362884518927,103.057015650709,30.0,Operating,2013,"Establishment year based off secondary sources (e.g. website, corporate report, etc)",BENGKULU SELATAN,ID-1701,BENGKULU,103.05701565,-4.53362885
M-00109,PO1000007652,SUPERVENTURE,BERKAT SAWIT SEJAHTERA,BERKAT SAWIT SEJAHTERA 2,-0.708447765834447,102.658761283415,45.0,Operating,2015,"Earliest year mill found to exist based on photo-interpretation of high-resolution satellite imagery, manufacturing census data, traceability reports and other secondary sources (or combination of these sources)",INDRAGIRI HILIR,ID-1403,RIAU,102.65876128,-0.70844777
M-00110,PO1000000092,MUSIM MAS,AGRO WIRATAMA,AGROWIRATAMA,0.197736992325585,99.6261698668668,45.0,Operating,2000,"Establishment year based off secondary sources (e.g. website, corporate report, etc)",PASAMAN BARAT,ID-1312,SUMATERA BARAT,99.62616987,0.19773699
M-00111,PO1000004366,SUPERVENTURE,BERKAT SAWIT SEJAHTERA,BERKAT SAWIT SEJAHTERA,0.23852785573578,99.7043523614119,60.0,Operating,2014,"Establishment year based off secondary sources (e.g. website, corporate report, etc)",PASAMAN BARAT,ID-1312,SUMATERA BARAT,99.70435236,0.23852786
M-00113,PO1000004303,UNKNOWN,BEURATA SUBUR PERSADA,BEURATA SUBUR PERSADA,4.12509724301112,96.3414085683575,30.0,Operating,2013,"Establishment year based off secondary sources (e.g. website, corporate report, etc)",NAGAN RAYA,ID-1115,ACEH,96.34140857,4.12509724
M-00115,PO1000004482,UNKNOWN,BICCON AGRO MAKMUR,BICCON AGRO MAKMUR,-1.74439492737052,103.870191469411,45.0,Operating,2015,"Establishment year based off secondary sources (e.g. website, corporate report, etc)",MUARO JAMBI,ID-1505,JAMBI,103.87019147,-1.74439493
M-00116,PO1000007467,DHARMA SATYA NUSANTARA (DSN),BIMA AGRI SAWIT,POM 10,1.26513378155693,117.602541114511,30.0,Operating,2016,Establishment year imputed based on Dinas Perkebunan Plantation Statistics reports (e.g. first year a mill appears in a Dinas Perkebunan Plantation Statistics report),KUTAI TIMUR,ID-6404,KALIMANTAN TIMUR,117.60254111,1.26513378
M-00117,PO1000006150,DHARMA SATYA NUSANTARA (DSN),BIMA PALMA NUGRAHA,POM 9,0.75124122,117.40575604,60.0,Operating,2011,"Establishment year based off secondary sources (e.g. website, corporate report, etc)",KUTAI TIMUR,ID-6404,KALIMANTAN TIMUR,117.40575604,0.75124122
M-00118,PO1000007481,SUPERVENTURE,BINA MITRA MAKMUR,BINA MITRA MAKMUR,-1.4984416443249,102.240643047154,45.0,Operating,2006,Establishment year imputed based on Dinas Perkebunan Plantation Statistics reports (e.g. first year a mill appears in a Dinas Perkebunan Plantation Statistics report),BUNGO,ID-1509,JAMBI,102.24064305,-1.49844164
M-00119,PO1000004486,UNKNOWN,PALM TRIMITRA INDOTAMA,PALM TRIMITRA INDOTAMA,3.541944,98.794167,12.5,Operating,2002,"Earliest year mill found to exist based on photo-interpretation of high-resolution satellite imagery, manufacturing census data, traceability reports and other secondary sources (or combination of these sources)",DELI SERDANG,ID-1212,SUMATERA UTARA,98.794167,3.541944
M-00120,PO1000007628,SAWIT LESTARI,BINAKARYA ERAMANDIRI,MANGSANG,-2.17307715546421,103.986747904054,60.0,Operating,2016,"Establishment year based off secondary sources (e.g. website, corporate report, etc)",MUSI BANYUASIN,ID-1606,SUMATERA SELATAN,103.9867479,-2.17307716
M-00121,PO1000004352,BINTANG HARAPAN DESA (BHD),BINTANG HARAPAN DESA,BINTANG HARAPAN DESA,-0.111538242458447,110.333023246935,45.0,Operating,1996,Establishment year based on other government record of establishment (e.g. Permit database),SANGGAU,ID-6105,KALIMANTAN BARAT,110.33302325,-0.11153824
M-00122,PO1000004945,UNKNOWN,BIO NUSANTARA TEKNOLOGI,SEI LEMAU,-3.64395557847878,102.241021896425,30.0,Operating,1999,Establishment year based on other government record of establishment (e.g. Permit database),BENGKULU TENGAH,ID-1709,BENGKULU,102.2410219,-3.64395558
M-00123,PO1000004582,SUBARNI,BLANG KETUMBA,BLANG KETUMBA,4.98558368478556,96.7002094037994,25.0,Operating,2011,"Establishment year based off secondary sources (e.g. website, corporate report, etc)",BIREUEN,ID-1110,ACEH,96.7002094,4.98558368
M-00125,PO1000004925,BINTANG HARAPAN DESA (BHD),SURYA BORNEO INDAH,PADU,-0.0399953909817058,110.193861972194,30.0,Operating,2005,Establishment year based on other government record of establishment (e.g. Permit database),SANGGAU,ID-6105,KALIMANTAN BARAT,110.19386197,-0.03999539
M-00126,PO1000008147,UNKNOWN,BORNEO SAWIT PERSADA,BORNEO SAWIT PERSADA,-3.02077146239726,115.946705252652,60.0,Operating,2017,"Establishment year based off secondary sources (e.g. website, corporate report, etc)",KOTABARU,ID-6302,KALIMANTAN SELATAN,115.94670525,-3.02077146
M-00127,PO1000004579,CAPITOL,DUTA SAWITMAS ACEH,DUTA SAWITMAS ACEH,4.69698601259865,95.6652504587491,30.0,Operating,2013,"Establishment year based off secondary sources (e.g. website, corporate report, etc)",ACEH JAYA,ID-1116,ACEH,95.66525046,4.69698601
M-00128,PO1000004127,SIPEF,DENDY MARKER INDAH LESTARI,DENDYMARKER,-2.795033,102.944683,60.0,Operating,2006,"Establishment year based off secondary sources (e.g. website, corporate report, etc)",MUSI RAWAS UTARA,ID-1613,SUMATERA SELATAN,102.944683,-2.795033
M-00129,PO1000008217,UNKNOWN,BUANA SAWIT INDAH,BUANA SAWIT INDAH,3.14300280079754,99.5116653101474,45.0,Operating,2014,"Establishment year based off secondary sources (e.g. website, corporate report, etc)",BATU BARA,ID-1219,SUMATERA UTARA,99.51166531,3.1430028
M-00130,PO1000010259,KARYAMAS PLANTATION,BUANA TUNAS SEJAHTERA,SAWIT SERIANG,0.956287713206835,111.882821846396,40.0,Operating,2015,Establishment year imputed based on Dinas Perkebunan Plantation Statistics reports (e.g. first year a mill appears in a Dinas Perkebunan Plantation Statistics report),KAPUAS HULU,ID-6108,KALIMANTAN BARAT,111.88282185,0.95628771
M-00131,PO1000004499,UNKNOWN,BUANA WIRASUBUR SAKTI,BUANA WIRASUBUR SAKTI,-1.88521661,116.05992655,30.0,Operating,2011,Establishment year imputed based on Dinas Perkebunan Plantation Statistics reports (e.g. first year a mill appears in a Dinas Perkebunan Plantation Statistics report),PASER,ID-6401,KALIMANTAN TIMUR,116.05992655,-1.88521661
M-00132,PO1000007486,SUNGAI BUDI,BUDI NABATI PERKASA,PKS 7,-1.6921344977685,102.160796678209,45.0,Operating,2015,"Earliest year mill found to exist based on photo-interpretation of high-resolution satellite imagery, manufacturing census data, traceability reports and other secondary sources (or combination of these sources)",BUNGO,ID-1509,JAMBI,102.16079668,-1.6921345
M-00133,PO1000004204,UNKNOWN,BUDI TANI KEMBANG JAYA,BUDI TANI KEMBANG JAYA,0.5420975444524,101.579732874565,30.0,Operating,2012,Establishment year imputed based on Dinas Perkebunan Plantation Statistics reports (e.g. first year a mill appears in a Dinas Perkebunan Plantation Statistics report),PEKANBARU (KOTA),ID-1471,RIAU,101.57973287,0.54209754
M-00134,PO1000004490,EKAJAYA,EKA JAYA MULTI PERKASA,EKA JAYA MULTI PERKASA,-3.55467285504373,103.300170645324,45.0,Operating,2005,Establishment year imputed based on Dinas Perkebunan Plantation Statistics reports (e.g. first year a mill appears in a Dinas Perkebunan Plantation Statistics report),LAHAT,ID-1604,SUMATERA SELATAN,103.30017065,-3.55467286
M-00136,PO1000004455,KRISTON AGRO,BATANGHARI SAWIT SEJAHTERA,BATANGHARI SAWIT SEJAHTERA,-1.34863118640716,103.541393271031,45.0,Operating,2004,Establishment year imputed based on Dinas Perkebunan Plantation Statistics reports (e.g. first year a mill appears in a Dinas Perkebunan Plantation Statistics report),MUARO JAMBI,ID-1505,JAMBI,103.54139327,-1.34863119
M-00137,PO1000004154,RIFANSI,FLORA WAHANA TIRTA,FLORA WAHANA TIRTA,0.136029539351177,101.266325703202,45.0,Operating,2004,"Mill known to exist in 2004 (source: Golder Associates (2006). Appendix VIII: Summary of Renewable Potential in Indonesia POM, Retrieved October 10, 2018, http://www.adb.org/Documents/Reports/Consulta nt/46557-INO/36557-INO-TACR- AppendixVIII.pdf)",KAMPAR,ID-1406,RIAU,101.2663257,0.13602954
M-00138,PO1000004457,UNKNOWN,BUKIT BINTANG SAWIT,BUKIT BINTANG SAWIT,-1.38674658252906,103.495483950384,20.0,Operating,2003,Establishment year imputed based on Dinas Perkebunan Plantation Statistics reports (e.g. first year a mill appears in a Dinas Perkebunan Plantation Statistics report),MUARO JAMBI,ID-1505,JAMBI,103.49548395,-1.38674658
M-00139,PO1000008176,PALM MAS ASRI,BUKIT PALEM,BUKIT PALEM,-2.37281165753155,110.644251451535,35.0,Operating,1998,Establishment year imputed based on Dinas Perkebunan Plantation Statistics reports (e.g. first year a mill appears in a Dinas Perkebunan Plantation Statistics report),KETAPANG,ID-6106,KALIMANTAN BARAT,110.64425145,-2.37281166
M-00140,PO1000004470,SARIMAS,MESKOM AGRO SARIMAS,MESKOM AGRO SARIMAS,1.54875,102.08845,75.0,Operating,2013,"Establishment year based off secondary sources (e.g. website, corporate report, etc)",BENGKALIS,ID-1408,RIAU,102.08845,1.54875
M-00141,PO1000007637,TUDUNG,BUMI MEKAR TANI,BUMI MEKAR TANI,-2.49557497732064,102.873839871485,45.0,Operating,2017,"Establishment year based off secondary sources (e.g. website, corporate report, etc)",MUSI RAWAS UTARA,ID-1613,SUMATERA SELATAN,102.87383987,-2.49557498
M-00142,PO1000001761,SINAR MAS,BUMI PERMAI LESTARI,BUKIT PERAK,-1.820496,105.551168,60.0,Operating,1993,Establishment year based on other government record of establishment (e.g. Permit database),BANGKA BARAT,ID-1903,KEP. BANGKA BELITUNG,105.551168,-1.820496
M-00144,PO1000004866,BUMITAMA GUNAJAYA AGRO (BGA),AGRO SEJAHTERA MANUNGGAL,PEMBANGUNAN RAYA,-2.54706209210583,110.382413212911,60.0,Operating,2014,"Establishment year based off secondary sources (e.g. website, corporate report, etc)",KETAPANG,ID-6106,KALIMANTAN BARAT,110.38241321,-2.54706209
M-00145,PO1000004191,BUMITAMA GUNAJAYA AGRO (BGA),BUMITAMA GUNAJAYA ABADI,KOTAWARINGIN,-2.391111,111.373333,90.0,Operating,2009,Establishment year based on dinas perkebunan record of establishment (e.g. Dinas Perkebunan Plantation Statistics report of establishment dates),KOTAWARINGIN BARAT,ID-6201,KALIMANTAN TENGAH,111.373333,-2.391111
M-00147,PO1000008180,BUMITAMA GUNAJAYA AGRO (BGA),KARYA BAKTI AGRO SEJAHTERA,SUNGAI RASAU,-2.28290244681154,110.503069950213,45.0,Operating,2015,"Establishment year based off secondary sources (e.g. website, corporate report, etc)",KETAPANG,ID-6106,KALIMANTAN BARAT,110.50306995,-2.28290245
M-00148,PO1000001683,BUMITAMA GUNAJAYA AGRO (BGA),WINDU NABATINDO LESTARI,PUNDU NABATINDO,-1.99370237872631,113.061967114333,90.0,Operating,2007,Establishment year based on dinas perkebunan record of establishment (e.g. Dinas Perkebunan Plantation Statistics report of establishment dates),KOTAWARINGIN TIMUR,ID-6202,KALIMANTAN TENGAH,113.06196711,-1.99370238
M-00149,PO1000004930,BUMITAMA GUNAJAYA AGRO (BGA),WINDU NABATINDO LESTARI,SELUCING AGRO,-1.883033,113.03175,90.0,Operating,2011,Establishment year based on dinas perkebunan record of establishment (e.g. Dinas Perkebunan Plantation Statistics report of establishment dates),KOTAWARINGIN TIMUR,ID-6202,KALIMANTAN TENGAH,113.03175,-1.883033
M-00150,PO1000001684,BUMITAMA GUNAJAYA AGRO (BGA),KARYA MAKMUR BAHAGIA,GUNUNG MAKMUR,-1.76067613474854,112.598986444264,90.0,Operating,2002,Establishment year based on dinas perkebunan record of establishment (e.g. Dinas Perkebunan Plantation Statistics report of establishment dates),KOTAWARINGIN TIMUR,ID-6202,KALIMANTAN TENGAH,112.59898644,-1.76067613
M-00152,PO1000004410,BUMITAMA GUNAJAYA AGRO (BGA),ROHUL SAWIT INDUSTRI,SUKADAMAI,0.681584377226363,100.527876707241,90.0,Operating,2004,"Establishment year based off secondary sources (e.g. website, corporate report, etc)",ROKAN HULU,ID-1407,RIAU,100.52787671,0.68158438
M-00153,PO1000008216,UNKNOWN,BUNGO LIMBUR,BUNGO LIMBUR,-1.3741306316722,101.884670209256,60.0,Operating,2016,Establishment year imputed based on Dinas Perkebunan Plantation Statistics reports (e.g. first year a mill appears in a Dinas Perkebunan Plantation Statistics report),BUNGO,ID-1509,JAMBI,101.88467021,-1.37413063
M-00154,PO1000007623,TELADAN PRIMA,CAHAYA ANUGERAH PLANTATION,FELIZA,-0.08953947,117.03389247,30.0,Operating,2013,Establishment year imputed based on Dinas Perkebunan Plantation Statistics reports (e.g. first year a mill appears in a Dinas Perkebunan Plantation Statistics report),KUTAI KARTANEGARA,ID-6403,KALIMANTAN TIMUR,117.03389247,-0.08953947
M-00155,PO1000008200,SUPERVENTURE,CAHAYA BINTANG SAWIT SEJATI,CAHAYA BINTANG SAWIT SEJATI 1,-1.842808,116.06802961617,60.0,Operating,2015,Establishment year imputed based on Dinas Perkebunan Plantation Statistics reports (e.g. first year a mill appears in a Dinas Perkebunan Plantation Statistics report),PASER,ID-6401,KALIMANTAN TIMUR,116.06802962,-1.842808
M-00156,PO1000004210,SUPERVENTURE,CAHAYA CEMERLANG LESTARI,CAHAYA CEMERLANG LESTARI,-2.53617661492877,104.150788063818,45.0,Operating,2008,"Establishment year based off secondary sources (e.g. website, corporate report, etc)",BANYUASIN,ID-1607,SUMATERA SELATAN,104.15078806,-2.53617661
M-00157,PO1000007537,UNKNOWN,CAHAYA INTI SAWIT,CAHAYA INTI SAWIT,1.4408402718133,100.291126572727,15.0,Operating,2016,"Earliest year mill found to exist based on photo-interpretation of high-resolution satellite imagery, manufacturing census data, traceability reports and other secondary sources (or combination of these sources)",PADANG LAWAS UTARA,ID-1220,SUMATERA UTARA,100.29112657,1.44084027
M-00158,PO1000004531,UNKNOWN,CAMPANG TIGA,CAMPANG TIGA,-3.76421433240158,104.739424052859,30.0,Operating,2009,Establishment year imputed based on Dinas Perkebunan Plantation Statistics reports (e.g. first year a mill appears in a Dinas Perkebunan Plantation Statistics report),OGAN KOMERING ULU TIMUR,ID-1609,SUMATERA SELATAN,104.73942405,-3.76421433
M-00160,PO1000000058,CARGILL,HINDOLI,SUNGAI LILIN,-2.61247225959821,104.126796649654,120.0,Operating,1997,"Establishment year based off secondary sources (e.g. website, corporate report, etc)",MUSI BANYUASIN,ID-1606,SUMATERA SELATAN,104.12679665,-2.61247226
M-00161,PO1000009068,CARGILL,HINDOLI,TANJUNG DALAM,-2.54956353605539,103.943700500367,60.0,Operating,2005,"Establishment year based off secondary sources (e.g. website, corporate report, etc)",MUSI BANYUASIN,ID-1606,SUMATERA SELATAN,103.9437005,-2.54956354
M-00162,PO1000002360,CARGILL,INDO SAWIT KEKAL,RIVER VIEW,-2.51455941009145,110.915224387374,30.0,Operating,2011,"Establishment year based off secondary sources (e.g. website, corporate report, etc)",KETAPANG,ID-6106,KALIMANTAN BARAT,110.91522439,-2.51455941
M-00163,PO1000001208,CARGILL,HARAPAN SAWIT LESTARI,MANIS MATA,-2.48240026874183,111.017621475373,60.0,Operating,1998,"Establishment year based off secondary sources (e.g. website, corporate report, etc)",KETAPANG,ID-6106,KALIMANTAN BARAT,111.01762148,-2.48240027
M-00164,PO1000003254,CARGILL,HINDOLI,MUKUT,-2.44135092862392,104.428086202373,120.0,Operating,2015,"Establishment year based off secondary sources (e.g. website, corporate report, etc)",BANYUASIN,ID-1607,SUMATERA SELATAN,104.4280862,-2.44135093
M-00165,PO1000001207,CARGILL,AYU SAWIT LESTARI,PAKU JUANG,-2.43344063920182,110.81797231368,60.0,Operating,2006,"Establishment year based off secondary sources (e.g. website, corporate report, etc)",KETAPANG,ID-6106,KALIMANTAN BARAT,110.81797231,-2.43344064
M-00166,PO1000004853,CARGILL,MAYA AGRO INVESTAMA,KEDIPI,-2.33936582252036,110.967401557782,30.0,Operating,2013,"Establishment year based off secondary sources (e.g. website, corporate report, etc)",KETAPANG,ID-6106,KALIMANTAN BARAT,110.96740156,-2.33936582
M-00168,PO1000007629,ADIMULIA,SURYA AGROLIKA REKSA,SURYA AGROLIKA REKSA 2,-0.20548599,101.319423,30.0,Operating,2012,Establishment year imputed based on Dinas Perkebunan Plantation Statistics reports (e.g. first year a mill appears in a Dinas Perkebunan Plantation Statistics report),KUANTAN SINGINGI,ID-1401,RIAU,101.319423,-0.20548599
M-00169,PO1000004358,ADIMULIA,SURYA AGROLIKA REKSA,SURYA AGROLIKA REKSA,-0.138702303663561,101.395812719313,60.0,Operating,2008,Establishment year imputed based on Dinas Perkebunan Plantation Statistics reports (e.g. first year a mill appears in a Dinas Perkebunan Plantation Statistics report),KUANTAN SINGINGI,ID-1401,RIAU,101.39581272,-0.1387023
M-00170,PO1000004934,CHELLAM PLANTATIONS,PUCUK JAYA,PUCUK JAYA,-2.23398983203613,116.049187135237,30.0,Operating,2011,"Establishment year based off secondary sources (e.g. website, corporate report, etc)",PASER,ID-6401,KALIMANTAN TIMUR,116.04918714,-2.23398983
M-00171,PO1000007462,CHORA AGRO RESOURCES,MITRA ABADIMAS SEJAHTERA,MITRA ABADIMAS SEJAHTERA,1.18092165058027,109.436404714983,45.0,Operating,2015,"Establishment year based off secondary sources (e.g. website, corporate report, etc)",SAMBAS,ID-6101,KALIMANTAN BARAT,109.43640471,1.18092165
M-00172,PO1000004160,FIRST RESOURCES,CILIANDRA PERKASA,CILIANDRA PERKASA,0.1601017286226,101.054417911115,60.0,Operating,2001,"Establishment year based off secondary sources (e.g. website, corporate report, etc)",KAMPAR,ID-1406,RIAU,101.05441791,0.16010173
M-00173,PO1000004307,UNKNOWN,CINTA RAJA,SILINDA,3.21678714214789,98.7809608492454,30.0,Operating,2004,"Mill known to exist in 2004 (source: Golder Associates (2006). Appendix VIII: Summary of Renewable Potential in Indonesia POM, Retrieved October 10, 2018, http://www.adb.org/Documents/Reports/Consulta nt/46557-INO/36557-INO-TACR- AppendixVIII.pdf)",SERDANG BEDAGAI,ID-1218,SUMATERA UTARA,98.78096085,3.21678714
M-00174,PO1000004313,TRIBUANA GLOBAL,CIPTA AGRO SEJATI,CIPTA AGRO SEJATI,1.87185121729187,100.430178687081,30.0,Operating,2014,"Establishment year based off secondary sources (e.g. website, corporate report, etc)",ROKAN HILIR,ID-1409,RIAU,100.43017869,1.87185122
M-00175,PO1000004546,UNKNOWN,CIPTA CHEMICAL MEDAN OIL,CIPTA CHEMICAL MEDAN OIL,3.85406963303027,98.3438302257897,,Operating,2013,"Earliest year mill found to exist based on photo-interpretation of high-resolution satellite imagery, manufacturing census data, traceability reports and other secondary sources (or combination of these sources)",LANGKAT,ID-1213,SUMATERA UTARA,98.34383023,3.85406963
M-00176,PO1000009358,UNKNOWN,CIPTA FUTURA,CIPTA FUTURA,-3.507413,103.6996,45.0,Operating,1998,Establishment year based on other government record of establishment (e.g. Permit database),MUARA ENIM,ID-1603,SUMATERA SELATAN,103.6996,-3.507413
M-00177,PO1000008184,NUSANTARA SAWIT SEJAHTERA (NSS),NUSANTARA SAWIT PERSADA,NUSANTARA SAWIT PERSADA,-2.106758,112.794124,60.0,Operating,2016,Establishment year based on dinas perkebunan record of establishment (e.g. Dinas Perkebunan Plantation Statistics report of establishment dates),KOTAWARINGIN TIMUR,ID-6202,KALIMANTAN TENGAH,112.794124,-2.106758
M-00178,PO1000004153,CISADANE RAYA,CISADANE SAWIT RAYA,CISADANE SAWIT RAYA,2.24327416478673,100.190116959235,45.0,Operating,2007,"Establishment year based off secondary sources (e.g. website, corporate report, etc)",LABUHAN BATU,ID-1207,SUMATERA UTARA,100.19011696,2.24327416
M-00179,PO1000003120,CITRA BORNEO INDAH (CBI),SAWIT SUMBERMAS SARANA,SELANGKUN,-2.4172222,111.5547222,60.0,Operating,2013,Establishment year based on dinas perkebunan record of establishment (e.g. Dinas Perkebunan Plantation Statistics report of establishment dates),KOTAWARINGIN BARAT,ID-6201,KALIMANTAN TENGAH,111.5547222,-2.4172222
M-00181,PO1000003257,CITRA BORNEO INDAH (CBI),MITRA MENDAWAI SEJATI,SUAYAP,-2.26549074610058,111.722007042547,60.0,Operating,2011,Establishment year based on dinas perkebunan record of establishment (e.g. Dinas Perkebunan Plantation Statistics report of establishment dates),KOTAWARINGIN BARAT,ID-6201,KALIMANTAN TENGAH,111.72200704,-2.26549075
M-00183,PO1000004270,UNKNOWN,CITRA INDAH PERTIWI,CITRA INDAH PERTIWI,2.07242955031259,100.009788234682,30.0,Operating,1999,"Mill known to exist in 1999 (source: Taib, Gunatif (2000), Kajian Pengembangan Industri Crude Palm Oil Skala Kecil (Studi Kasus Pengembangan Industri Crude Palm Oil di Sumatera Barat), http://repository.ipb.ac.id/handle/123456789/5044)",LABUHAN BATU,ID-1207,SUMATERA UTARA,100.00978823,2.07242955
M-00184,PO1000004374,KPN CORP,CITRA RIAU SARANA,TESO II,-0.323107246487605,101.559080168093,30.0,Operating,2011,Establishment year imputed based on Dinas Perkebunan Plantation Statistics reports (e.g. first year a mill appears in a Dinas Perkebunan Plantation Statistics report),KUANTAN SINGINGI,ID-1401,RIAU,101.55908017,-0.32310725
M-00185,PO1000004367,KPN CORP,CITRA RIAU SARANA,TESO III,-0.243332999999972,101.583633,30.0,Operating,2013,Establishment year imputed based on Dinas Perkebunan Plantation Statistics reports (e.g. first year a mill appears in a Dinas Perkebunan Plantation Statistics report),KUANTAN SINGINGI,ID-1401,RIAU,101.583633,-0.243333
M-00186,PO1000004362,KPN CORP,CITRA RIAU SARANA,TESO I,-0.212423210845537,101.473480824978,30.0,Operating,2004,"Mill known to exist in 2004 (source: Golder Associates (2006). Appendix VIII: Summary of Renewable Potential in Indonesia POM, Retrieved October 10, 2018, http://www.adb.org/Documents/Reports/Consulta nt/46557-INO/36557-INO-TACR- AppendixVIII.pdf)",KUANTAN SINGINGI,ID-1401,RIAU,101.47348082,-0.21242321
M-00187,PO1000006208,HARUM AGRO,CITRA SAWIT HARUM,CITRA SAWIT HARUM,-1.74247602135908,102.05368765642,60.0,Operating,2016,"Establishment year based off secondary sources (e.g. website, corporate report, etc)",BUNGO,ID-1509,JAMBI,102.05368766,-1.74247602
M-00188,PO1000004353,SALIM GROUP,CITRANUSA INTISAWIT,KEDUKUL,0.114864208716351,110.758166541912,30.0,Operating,2006,Establishment year based on other government record of establishment (e.g. Permit database),SANGGAU,ID-6105,KALIMANTAN BARAT,110.75816654,0.11486421
M-00189,PO1000006249,SINAR ALAM,CITRA PUTRA KEBUN ASRI,JORONG FACTORY,-3.9451453521222,114.953396223322,30.0,Operating,2014,"Establishment year based off secondary sources (e.g. website, corporate report, etc)",TANAH LAUT,ID-6301,KALIMANTAN SELATAN,114.95339622,-3.94514535
M-00190,PO1000007511,SARIMAS,TRI BAKTI SARIMAS,IBUL,-0.859868814301848,101.751616352994,60.0,Operating,2010,"Earliest year mill found to exist based on photo-interpretation of high-resolution satellite imagery, manufacturing census data, traceability reports and other secondary sources (or combination of these sources)",KUANTAN SINGINGI,ID-1401,RIAU,101.75161635,-0.85986881
M-00191,PO1000007496,UNKNOWN,DAMASRAYA SAWIT LESTARI,KOTO BARU,-1.14965318278173,101.740187054011,60.0,Operating,2015,"Establishment year based off secondary sources (e.g. website, corporate report, etc)",DHARMASRAYA,ID-1311,SUMATERA BARAT,101.74018705,-1.14965318
M-00192,PO1000004488,BISMA,BISMA DHARMA KENCANA,KALANAMAN,-1.801,113.1817,40.0,Operating,2005,Establishment year based on dinas perkebunan record of establishment (e.g. Dinas Perkebunan Plantation Statistics report of establishment dates),KATINGAN,ID-6209,KALIMANTAN TENGAH,113.1817,-1.801
M-00193,PO1000004085,WIDYA,DARIA DHARMA PRATAMA,IPUH,-2.98063496532273,101.506567397063,45.0,Operating,1992,Establishment year based on other government record of establishment (e.g. Permit database),MUKO-MUKO,ID-1706,BENGKULU,101.5065674,-2.98063497
M-00194,PO1000004081,WIDYA,DARIA DHARMA PRATAMA,LUBUK BENTO,-2.79338602866469,101.402017103555,60.0,Operating,2015,Establishment year imputed based on Dinas Perkebunan Plantation Statistics reports (e.g. first year a mill appears in a Dinas Perkebunan Plantation Statistics report),MUKO-MUKO,ID-1706,BENGKULU,101.4020171,-2.79338603
M-00195,PO1000002037,DHARMA SATYA NUSANTARA (DSN),PILAR WANAPERSADA,POM 5,-1.97111,111.3519,60.0,Operating,2013,Establishment year based on dinas perkebunan record of establishment (e.g. Dinas Perkebunan Plantation Statistics report of establishment dates),LAMANDAU,ID-6207,KALIMANTAN TENGAH,111.3519,-1.97111
M-00196,PO1000000354,DHARMA SATYA NUSANTARA (DSN),SWAKARSA SINARSENTOSA,POM 1,1.12385212715452,116.851881814128,80.0,Operating,2002,"Establishment year based off secondary sources (e.g. website, corporate report, etc)",KUTAI TIMUR,ID-6404,KALIMANTAN TIMUR,116.85188181,1.12385213
M-00197,PO1000002088,DHARMA SATYA NUSANTARA (DSN),SWAKARSA SINARSENTOSA,POM 4,1.15223485641417,116.746618534944,60.0,Operating,2012,"Establishment year based off secondary sources (e.g. website, corporate report, etc)",KUTAI TIMUR,ID-6404,KALIMANTAN TIMUR,116.74661853,1.15223486
M-00199,PO1000000939,DHARMA SATYA NUSANTARA (DSN),DHARMA AGROTAMA NUSANTARA,POM 2,1.24970377240955,116.728404688106,60.0,Operating,2010,"Establishment year based off secondary sources (e.g. website, corporate report, etc)",KUTAI TIMUR,ID-6404,KALIMANTAN TIMUR,116.72840469,1.24970377
M-00200,PO1000000950,DHARMA SATYA NUSANTARA (DSN),DHARMA INTISAWIT NUGRAHA,POM 3,1.25586412610058,116.875918260328,60.0,Operating,2011,"Establishment year based off secondary sources (e.g. website, corporate report, etc)",KUTAI TIMUR,ID-6404,KALIMANTAN TIMUR,116.87591826,1.25586413
M-00201,PO1000008273,AEK NATIO,DIAN ANGGARA PERSADA,MUTIARA SAM-SAM KANDIS,0.980291224060849,101.044789722618,30.0,Operating,2007,Establishment year imputed based on Dinas Perkebunan Plantation Statistics reports (e.g. first year a mill appears in a Dinas Perkebunan Plantation Statistics report),SIAK,ID-1405,RIAU,101.04478972,0.98029122
M-00202,PO1000004198,UNKNOWN,WIRA KARYA PRAMITRA,WIRA KARYA PRAMITRA,0.544309463988557,101.253018180998,45.0,Operating,2006,Establishment year imputed based on Dinas Perkebunan Plantation Statistics reports (e.g. first year a mill appears in a Dinas Perkebunan Plantation Statistics report),KAMPAR,ID-1406,RIAU,101.25301818,0.54430946
M-00203,PO1000004162,HPI-AGRO (DJARUM),PENITI SUNGAI PURUN,ENGGANG,0.300708608556073,109.17632856397,60.0,Operating,2014,"Establishment year based off secondary sources (e.g. website, corporate report, etc)",MEMPAWAH,ID-6104,KALIMANTAN BARAT,109.17632856,0.30070861
M-00204,PO1000008151,DUTA MARGA,BENUA LAWAS LESTARI,BENUA LAWAS LESTARI,-2.9981944,115.956777,30.0,Operating,2011,"Establishment year based off secondary sources (e.g. website, corporate report, etc)",KOTABARU,ID-6302,KALIMANTAN SELATAN,115.956777,-2.9981944
M-00205,PO1000004434,DUTA MARGA,DHARMASRAYA LESTARINDO,DHARMASRAYA LESTARINDO,-1.07931248925999,101.664792950856,45.0,Operating,2015,"Establishment year based off secondary sources (e.g. website, corporate report, etc)",DHARMASRAYA,ID-1311,SUMATERA BARAT,101.66479295,-1.07931249
M-00206,PO1000004495,MEWAH,SIMPANG KANAN LESTARINDO,SIMPANG KANAN LESTARINDO,1.85091478695162,100.294377182437,45.0,Operating,2003,"Establishment year based off secondary sources (e.g. website, corporate report, etc)",ROKAN HILIR,ID-1409,RIAU,100.29437718,1.85091479
M-00207,PO1000004511,DUTA MARGA,GUNUNG SELAMAT LESTARI,GUNUNG SELAMAT LESTARI,2.03896504553676,100.04610267115,45.0,Operating,2007,"Establishment year based off secondary sources (e.g. website, corporate report, etc)",LABUHAN BATU,ID-1207,SUMATERA UTARA,100.04610267,2.03896505
M-00208,PO1000004242,DUTA MARGA,SAMUDERA SAWIT NABATI,SAMUDERA SAWIT NABATI,2.76963270533819,97.9394767882003,30.0,Operating,2003,"Establishment year based off secondary sources (e.g. website, corporate report, etc)",SUBULUSSALAM (KOTA),ID-1175,ACEH,97.93947679,2.76963271
M-00209,PO1000004321,DUTA MARGA,TALES INTI SAWIT,TALES INTI SAWIT,3.32731376563927,98.7643562973302,40.0,Operating,2003,"Establishment year based off secondary sources (e.g. website, corporate report, etc)",DELI SERDANG,ID-1212,SUMATERA UTARA,98.7643563,3.32731377
M-00210,PO1000007648,GENTING PLANTATIONS,DWIE WARNA KARYA,GOLDEN HILL,-0.842659649938412,114.079146011276,80.0,Operating,2013,Establishment year based on dinas perkebunan record of establishment (e.g. Dinas Perkebunan Plantation Statistics report of establishment dates),KAPUAS,ID-6203,KALIMANTAN TENGAH,114.07914601,-0.84265965
M-00212,PO1000004070,EAGLE HIGH PLANTATIONS,SURYABUMI TUNGGAL PERKASA,BATU BULAN,-3.3365581696765,115.771155884243,70.0,Operating,2007,Establishment year based on dinas perkebunan record of establishment (e.g. Dinas Perkebunan Plantation Statistics report of establishment dates),TANAH BUMBU,ID-6310,KALIMANTAN SELATAN,115.77115588,-3.33655817
M-00213,PO1000004234,EAGLE HIGH PLANTATIONS,BUMI LANGGENG PERDANATRADA,BEDAUN,-2.71894976335024,111.823630362492,60.0,Operating,2004,Establishment year based on dinas perkebunan record of establishment (e.g. Dinas Perkebunan Plantation Statistics report of establishment dates),KOTAWARINGIN BARAT,ID-6201,KALIMANTAN TENGAH,111.82363036,-2.71894976
M-00215,PO1000006230,EAGLE HIGH PLANTATIONS,PESONALINTAS SURASEJATI,SAFIR,-2.62347157880159,116.156934047591,45.0,Operating,2014,"Establishment year based off secondary sources (e.g. website, corporate report, etc)",KOTABARU,ID-6302,KALIMANTAN SELATAN,116.15693405,-2.62347158
M-00216,PO1000004865,EAGLE HIGH PLANTATIONS,BUMI HUTANI LESTARI,BUMI HUTANI LESTARI,-1.67862344936771,112.937444114333,60.0,Operating,2008,Establishment year based on dinas perkebunan record of establishment (e.g. Dinas Perkebunan Plantation Statistics report of establishment dates),KATINGAN,ID-6209,KALIMANTAN TENGAH,112.93744411,-1.67862345
M-00217,PO1000004102,EAGLE HIGH PLANTATIONS,ADHYAKSA DHARMA SATYA,ADHYAKSA DHARMA SATYA,-1.588931,112.861883,45.0,Operating,2012,Establishment year based on dinas perkebunan record of establishment (e.g. Dinas Perkebunan Plantation Statistics report of establishment dates),KOTAWARINGIN TIMUR,ID-6202,KALIMANTAN TENGAH,112.861883,-1.588931
M-00218,PO1000006156,EAGLE HIGH PLANTATIONS,SAWIT SUKSES SEJAHTERA,SAWIT SUKSES SEJAHTERA,0.42142864,116.49069317,60.0,Operating,2014,"Establishment year based off secondary sources (e.g. website, corporate report, etc)",KUTAI TIMUR,ID-6404,KALIMANTAN TIMUR,116.49069317,0.42142864
M-00220,PO1000004285,UNKNOWN,KWALA GUNUNG,LIMA PULUH,3.16413480523018,99.4814718396053,20.0,Operating,1999,"Mill known to exist in 1999 (source: Taib, Gunatif (2000), Kajian Pengembangan Industri Crude Palm Oil Skala Kecil (Studi Kasus Pengembangan Industri Crude Palm Oil di Sumatera Barat), http://repository.ipb.ac.id/handle/123456789/5044)",BATU BARA,ID-1219,SUMATERA UTARA,99.48147184,3.16413481
M-00221,PO1000009019,ENSEM,ENSEM SAWITA,ENSEM SAWITA,4.56589715114363,97.916813204886,30.0,Operating,2010,"Establishment year based off secondary sources (e.g. website, corporate report, etc)",ACEH TIMUR,ID-1105,ACEH,97.9168132,4.56589715
M-00222,PO1000005145,UNKNOWN,NAULI SAWIT,SIRANDORUNG,2.08297415737804,98.3119185845372,45.0,Operating,2012,"Earliest year mill found to exist based on photo-interpretation of high-resolution satellite imagery, manufacturing census data, traceability reports and other secondary sources (or combination of these sources)",TAPANULI TENGAH,ID-1204,SUMATERA UTARA,98.31191858,2.08297416
M-00223,PO1000008398,UNKNOWN,MULTIAGRO SUMATERA JAYA,ALIAGA,1.07883551387862,100.054836472707,30.0,Operating,2017,"Establishment year based off secondary sources (e.g. website, corporate report, etc)",PADANG LAWAS,ID-1221,SUMATERA UTARA,100.05483647,1.07883551
M-00225,PO1000004245,UNKNOWN,ERA SAWITA,ERA SAWITA,1.07887222200008,100.4912333,30.0,Operating,2013,Establishment year imputed based on Dinas Perkebunan Plantation Statistics reports (e.g. first year a mill appears in a Dinas Perkebunan Plantation Statistics report),ROKAN HULU,ID-1407,RIAU,100.4912333,1.07887222
M-00227,PO1000004103,UNKNOWN,ERASAKTI WIRAFORESTAMA,ERASAKTI WIRA FORESTAMA 1,-1.52996522918341,103.726372363098,40.0,Operating,2011,Establishment year imputed based on Dinas Perkebunan Plantation Statistics reports (e.g. first year a mill appears in a Dinas Perkebunan Plantation Statistics report),MUARO JAMBI,ID-1505,JAMBI,103.72637236,-1.52996523
M-00228,PO1000008264,KALIMANTAN PLANTATION UNIT (KPU),KEMILAU INDAH NUSANTARA,SUNGAI BENGALON,0.72390979,117.65845866,45.0,Operating,2013,Establishment year imputed based on Dinas Perkebunan Plantation Statistics reports (e.g. first year a mill appears in a Dinas Perkebunan Plantation Statistics report),KUTAI TIMUR,ID-6404,KALIMANTAN TIMUR,117.65845866,0.72390979
M-00229,PO1000008153,SYNTHESIS AGRO,FAJAR AGRO SEJAHTERA,CANTUNG,-2.97085815565694,115.954716120548,20.0,Operating,2015,"Earliest year mill found to exist based on photo-interpretation of high-resolution satellite imagery, manufacturing census data, traceability reports and other secondary sources (or combination of these sources)",KOTABARU,ID-6302,KALIMANTAN SELATAN,115.95471612,-2.97085816
M-00230,PO1000004565,FAJAR BAIZURY,FAJAR BAIZURI & BROTHERS,FAJAR BAIZURI & BROTHERS,4.11621384260732,96.4430268770354,30.0,Operating,1998,"Establishment year based off secondary sources (e.g. website, corporate report, etc)",NAGAN RAYA,ID-1115,ACEH,96.44302688,4.11621384
M-00232,PO1000008348,KARYA TEKNIK,TEKNIK UTAMA MANDIRI,KRISTAL,3.6129767089509,117.029386861441,60.0,Operating,2015,Establishment year based on other government record of establishment (e.g. Permit database),TANA TIDUNG,ID-6503,KALIMANTAN UTARA,117.02938686,3.61297671
M-00233,PO1000001960,PASIFIK AGRO SENTOSA (PAS),RIMBA MUJUR MAHKOTA,SIKARAKARA,0.6704594558359,99.0916278836793,45.0,Operating,2011,"Establishment year based off secondary sources (e.g. website, corporate report, etc)",MANDAILING NATAL,ID-1202,SUMATERA UTARA,99.09162788,0.67045946
M-00234,PO1000004190,SUPERVENTURE,FORTIUS AGRO ASIA,FORTIUS AGRO ASIA,0.477815819675001,100.751155432781,60.0,Operating,2007,Establishment year imputed based on Dinas Perkebunan Plantation Statistics reports (e.g. first year a mill appears in a Dinas Perkebunan Plantation Statistics report),ROKAN HULU,ID-1407,RIAU,100.75115543,0.47781582
M-00235,PO1000008601,FORTIUS CORP,FORTIUS WAJO PERKEBUNAN,FORTIUS WAJO PERKEBUNAN,-1.0490443,102.9010345,45.0,Operating,2016,Establishment year imputed based on Dinas Perkebunan Plantation Statistics reports (e.g. first year a mill appears in a Dinas Perkebunan Plantation Statistics report),TANJUNG JABUNG BARAT,ID-1507,JAMBI,102.9010345,-1.0490443
M-00237,PO1000008138,UNKNOWN,GANDA BUANINDO,GANDA BUANINDO,0.0071612067042379,101.239532514514,30.0,Operating,2002,Establishment year based on other government record of establishment (e.g. Permit database),KAMPAR,ID-1406,RIAU,101.23953251,0.00716121
M-00238,PO1000004869,KPN CORP,PATIWARE,SUNGAI ADONG,0.73923137462557,108.942421598445,45.0,Operating,2011,Establishment year imputed based on Dinas Perkebunan Plantation Statistics reports (e.g. first year a mill appears in a Dinas Perkebunan Plantation Statistics report),BENGKAYANG,ID-6102,KALIMANTAN BARAT,108.9424216,0.73923137
M-00239,PO1000004504,KPN CORP,JATIM JAYA PERKASA,SIMPANG DAMAR,1.9458346590898,100.73813229914,45.0,Operating,2009,"Establishment year based off secondary sources (e.g. website, corporate report, etc)",ROKAN HILIR,ID-1409,RIAU,100.7381323,1.94583466
M-00240,PO1000004064,SAHABAT AGRO,GARUDA BUMI PERKASA,GARUDA BUMI PERKASA,-4.02882383915575,105.15805949551,60.0,Operating,2009,Establishment year imputed based on Dinas Perkebunan Plantation Statistics reports (e.g. first year a mill appears in a Dinas Perkebunan Plantation Statistics report),MESUJI,ID-1811,LAMPUNG,105.1580595,-4.02882384
M-00241,PO1000001740,WINGS AGRO,GAWI MAKMUR KALIMANTAN,JORONG,-3.82289247996353,114.963710636141,90.0,Operating,2009,"Establishment year based off secondary sources (e.g. website, corporate report, etc)",TANAH LAUT,ID-6301,KALIMANTAN SELATAN,114.96371064,-3.82289248
M-00242,PO1000002103,WINGS AGRO,GAWI MAKMUR KALIMANTAN,SATUI,-3.73841697476363,115.454086139599,60.0,Operating,2000,Establishment year based on dinas perkebunan record of establishment (e.g. Dinas Perkebunan Plantation Statistics report of establishment dates),TANAH BUMBU,ID-6310,KALIMANTAN SELATAN,115.45408614,-3.73841697
M-00243,PO1000004525,KARYA TEKNIK,GEMAREKSA MEKARSARI,GEMAREKSA MEKARSARI,-2.1256873517766,111.556318784402,60.0,Operating,2001,Establishment year based on dinas perkebunan record of establishment (e.g. Dinas Perkebunan Plantation Statistics report of establishment dates),LAMANDAU,ID-6207,KALIMANTAN TENGAH,111.55631878,-2.12568735
M-00244,PO1000008197,SUPERVENTURE,GEMILANG CAHAYA MENTARI,GEMILANG CAHAYA MENTARI,-1.950305556,105.7893889,30.0,Operating,2011,"Establishment year based off secondary sources (e.g. website, corporate report, etc)",BANGKA,ID-1901,KEP. BANGKA BELITUNG,105.7893889,-1.95030556
M-00245,PO1000007508,SUPERVENTURE,GEMILANG SAWIT LESTARI,GEMILANG SAWIT LESTARI,-0.454809999999897,101.82702,30.0,Operating,2015,"Earliest year mill found to exist based on photo-interpretation of high-resolution satellite imagery, manufacturing census data, traceability reports and other secondary sources (or combination of these sources)",KUANTAN SINGINGI,ID-1401,RIAU,101.82702,-0.45481
M-00246,PO1000004458,GENTING PLANTATIONS,SEPANJANG INTISURYA MULIA,MULIA,-1.3839451025044,110.478387037279,80.0,Operating,2013,Establishment year imputed based on Dinas Perkebunan Plantation Statistics reports (e.g. first year a mill appears in a Dinas Perkebunan Plantation Statistics report),KETAPANG,ID-6106,KALIMANTAN BARAT,110.47838704,-1.3839451
M-00247,PO1000001343,SINAR MAS,SUMBER INDAH PERKASA,SUNGAI MERAH,-4.21910224371952,105.589266022581,60.0,Operating,2006,Establishment year imputed based on Dinas Perkebunan Plantation Statistics reports (e.g. first year a mill appears in a Dinas Perkebunan Plantation Statistics report),TULANG BAWANG,ID-1808,LAMPUNG,105.58926602,-4.21910224
M-00248,PO1000001152,SINAR MAS,SINAR MAS AGRO RESOURCES AND TECHNOLOGY,TANAH LAUT,-3.79016784396298,115.283260423303,30.0,Operating,2005,Establishment year based on dinas perkebunan record of establishment (e.g. Dinas Perkebunan Plantation Statistics report of establishment dates),TANAH LAUT,ID-6301,KALIMANTAN SELATAN,115.28326042,-3.79016784
M-00249,PO1000001151,SINAR MAS,SINAR MAS AGRO RESOURCES AND TECHNOLOGY,BATU AMPAR,-3.19756107052314,116.021162300819,60.0,Operating,2000,Establishment year based on dinas perkebunan record of establishment (e.g. Dinas Perkebunan Plantation Statistics report of establishment dates),KOTABARU,ID-6302,KALIMANTAN SELATAN,116.0211623,-3.19756107
M-00250,PO1000001383,SINAR MAS,FORESTA LESTARI DWIKARYA,TANJUNG KEMBIRI,-3.03125,107.771833,60.0,Operating,2004,"Mill known to exist in 2004 (source: Golder Associates (2006). Appendix VIII: Summary of Renewable Potential in Indonesia POM, Retrieved October 10, 2018, http://www.adb.org/Documents/Reports/Consulta nt/46557-INO/36557-INO-TACR- AppendixVIII.pdf)",BELITUNG,ID-1902,KEP. BANGKA BELITUNG,107.771833,-3.03125
M-00251,PO1000004177,SALIM GROUP,PERUSAHAAN PERKEBUNAN LONDON SUMATRA INDONESIA,TERAWAS INDAH,-2.97582827721993,102.788320576571,20.0,Operating,2004,"Mill known to exist in 2004 (source: Golder Associates (2006). Appendix VIII: Summary of Renewable Potential in Indonesia POM, Retrieved October 10, 2018, http://www.adb.org/Documents/Reports/Consulta nt/46557-INO/36557-INO-TACR- AppendixVIII.pdf)",MUSI RAWAS UTARA,ID-1613,SUMATERA SELATAN,102.78832058,-2.97582828
M-00252,PO1000006977,SINAR MAS,SINAR KENCANA INTI PERKASA,KASUARI,-2.973111,140.029917,60.0,Operating,2004,"Mill known to exist in 2004 (source: Golder Associates (2006). Appendix VIII: Summary of Renewable Potential in Indonesia POM, Retrieved October 10, 2018, http://www.adb.org/Documents/Reports/Consulta nt/46557-INO/36557-INO-TACR- AppendixVIII.pdf)",JAYAPURA,ID-9403,PAPUA,140.029917,-2.973111
M-00253,PO1000002320,SINAR MAS,SINAR MAS AGRO RESOURCES AND TECHNOLOGY,BUKIT KAPUR,-2.94330333630314,116.046731880933,45.0,Operating,2008,Establishment year based on dinas perkebunan record of establishment (e.g. Dinas Perkebunan Plantation Statistics report of establishment dates),KOTABARU,ID-6302,KALIMANTAN SELATAN,116.04673188,-2.94330334
M-00254,PO1000001631,SINAR MAS,DJUANDA SAWIT LESTARI,MUARA KANDIS,-2.89960298987769,103.17826395685,60.0,Operating,2007,Establishment year imputed based on Dinas Perkebunan Plantation Statistics reports (e.g. first year a mill appears in a Dinas Perkebunan Plantation Statistics report),MUSI RAWAS,ID-1605,SUMATERA SELATAN,103.17826396,-2.89960299
M-00255,PO1000004132,SINAR MAS,SINAR KENCANA INTI PERKASA,SUNGAI MAGALAU,-2.785186,116.17128,15.0,Operating,1992,Establishment year based on dinas perkebunan record of establishment (e.g. Dinas Perkebunan Plantation Statistics report of establishment dates),KOTABARU,ID-6302,KALIMANTAN SELATAN,116.17128,-2.785186
M-00256,PO1000007602,SINAR MAS,SAWITA KARYA MANUNGGUL,SAWITA,-2.54732615758999,116.140000896612,40.0,Operating,2012,Establishment year based on dinas perkebunan record of establishment (e.g. Dinas Perkebunan Plantation Statistics report of establishment dates),KOTABARU,ID-6302,KALIMANTAN SELATAN,116.1400009,-2.54732616
M-00257,PO1000002198,SINAR MAS,BINASAWIT ABADI PRATAMA,PERDANA,-2.422506,112.359586,80.0,Operating,2010,Establishment year based on dinas perkebunan record of establishment (e.g. Dinas Perkebunan Plantation Statistics report of establishment dates),SERUYAN,ID-6208,KALIMANTAN TENGAH,112.359586,-2.422506
M-00258,PO1000001154,SINAR MAS,TAPIAN NADENGGAN,HANAU,-2.360861,112.109694,80.0,Operating,2001,Establishment year based on dinas perkebunan record of establishment (e.g. Dinas Perkebunan Plantation Statistics report of establishment dates),SERUYAN,ID-6208,KALIMANTAN TENGAH,112.109694,-2.360861
M-00260,PO1000001155,SINAR MAS,BINASAWIT ABADI PRATAMA,SUNGAI RUNGAU,-2.32024308084913,112.334785222132,80.0,Operating,2004,Establishment year based on dinas perkebunan record of establishment (e.g. Dinas Perkebunan Plantation Statistics report of establishment dates),SERUYAN,ID-6208,KALIMANTAN TENGAH,112.33478522,-2.32024308
M-00261,PO1000001156,SINAR MAS,TAPIAN NADENGGAN,SEMILAR,-2.248111,112.340417,80.0,Operating,2008,Establishment year based on dinas perkebunan record of establishment (e.g. Dinas Perkebunan Plantation Statistics report of establishment dates),SERUYAN,ID-6208,KALIMANTAN TENGAH,112.340417,-2.248111
M-00262,PO1000004656,SINAR MAS,MITRA KARYA AGRO INDO,TANGAR,-2.243602,112.299345,80.0,Operating,2013,Establishment year based on dinas perkebunan record of establishment (e.g. Dinas Perkebunan Plantation Statistics report of establishment dates),SERUYAN,ID-6208,KALIMANTAN TENGAH,112.299345,-2.243602
M-00263,PO1000002863,SINAR MAS,KRESNA DUTA AGROINDO,PELAKAR,-2.1854503425387,102.641042836895,60.0,Operating,1999,"Establishment year based off secondary sources (e.g. website, corporate report, etc)",SAROLANGUN,ID-1503,JAMBI,102.64104284,-2.18545034
M-00265,PO1000001345,SINAR MAS,KRESNA DUTA AGROINDO,LANGLING,-2.09991209028219,102.375398223897,60.0,Operating,1999,"Mill known to exist in 1999 (source: Taib, Gunatif (2000), Kajian Pengembangan Industri Crude Palm Oil Skala Kecil (Studi Kasus Pengembangan Industri Crude Palm Oil di Sumatera Barat), http://repository.ipb.ac.id/handle/123456789/5044)",MERANGIN,ID-1502,JAMBI,102.37539822,-2.09991209
M-00266,PO1000008429,SINAR MAS,BAHANA KARYA SEMESTA,SUNGAI AIR JERNIH,-2.08625640053934,102.801084691421,60.0,Operating,2006,"Establishment year based off secondary sources (e.g. website, corporate report, etc)",SAROLANGUN,ID-1503,JAMBI,102.80108469,-2.0862564
M-00267,PO1000001344,SINAR MAS,KRESNA DUTA AGROINDO,JELATANG,-2.07105398720348,102.485729071815,30.0,Operating,1999,"Mill known to exist in 1999 (source: Taib, Gunatif (2000), Kajian Pengembangan Industri Crude Palm Oil Skala Kecil (Studi Kasus Pengembangan Industri Crude Palm Oil di Sumatera Barat), http://repository.ipb.ac.id/handle/123456789/5044)",MERANGIN,ID-1502,JAMBI,102.48572907,-2.07105399
M-00268,PO1000004655,SINAR MAS,AGROKARYA PRIMA LESTARI,KUAYAN,-1.970503,112.370324,80.0,Operating,2011,Establishment year based on dinas perkebunan record of establishment (e.g. Dinas Perkebunan Plantation Statistics report of establishment dates),KOTAWARINGIN TIMUR,ID-6202,KALIMANTAN TENGAH,112.370324,-1.970503
M-00270,PO1000001722,SINAR MAS,SATYA KISMA USAHA,SUNGAI BENGKAL,-1.59148860665201,102.609255662565,30.0,Operating,2005,Establishment year imputed based on Dinas Perkebunan Plantation Statistics reports (e.g. first year a mill appears in a Dinas Perkebunan Plantation Statistics report),TEBO,ID-1508,JAMBI,102.60925566,-1.59148861
M-00271,PO1000001064,SINAR MAS,BUMIPALMA LESTARIPERSADA,BUMI PALMA,-0.5984299,102.9837653,30.0,Operating,2004,"Mill known to exist in 2004 (source: Golder Associates (2006). Appendix VIII: Summary of Renewable Potential in Indonesia POM, Retrieved October 10, 2018, http://www.adb.org/Documents/Reports/Consulta nt/46557-INO/36557-INO-TACR- AppendixVIII.pdf)",INDRAGIRI HILIR,ID-1403,RIAU,102.9837653,-0.5984299
M-00272,PO1000001065,SINAR MAS,MEGANUSA INTISAWIT,INDRA SAKTI,-0.569421723597505,102.304515885714,60.0,Operating,2013,Establishment year imputed based on Dinas Perkebunan Plantation Statistics reports (e.g. first year a mill appears in a Dinas Perkebunan Plantation Statistics report),INDRAGIRI HULU,ID-1402,RIAU,102.30451589,-0.56942172
M-00274,PO1000003782,SINAR MAS,PARAMITRA INTERNUSA PRATAMA,BELIAN,0.486407965309328,111.844502067128,80.0,Operating,2015,Establishment year imputed based on Dinas Perkebunan Plantation Statistics reports (e.g. first year a mill appears in a Dinas Perkebunan Plantation Statistics report),KAPUAS HULU,ID-6108,KALIMANTAN BARAT,111.84450207,0.48640797
M-00275,PO1000001920,SINAR MAS,TAPIAN NADENGGAN,JAK LUAY,0.9513082,116.9154001,80.0,Operating,2010,Establishment year imputed based on Dinas Perkebunan Plantation Statistics reports (e.g. first year a mill appears in a Dinas Perkebunan Plantation Statistics report),KUTAI TIMUR,ID-6404,KALIMANTAN TIMUR,116.9154001,0.9513082
M-00276,PO1000010249,SINAR MAS,KRESNA DUTA AGROINDO,GUNUNG KOMBENG,1.112055,117.02188,15.0,Operating,2010,Establishment year imputed based on Dinas Perkebunan Plantation Statistics reports (e.g. first year a mill appears in a Dinas Perkebunan Plantation Statistics report),KUTAI TIMUR,ID-6404,KALIMANTAN TIMUR,117.02188,1.112055
M-00277,PO1000001765,SINAR MAS,KRESNA DUTA AGROINDO,MUARA WAHAU,1.109973,117.022772,60.0,Operating,2005,Establishment year imputed based on Dinas Perkebunan Plantation Statistics reports (e.g. first year a mill appears in a Dinas Perkebunan Plantation Statistics report),KUTAI TIMUR,ID-6404,KALIMANTAN TIMUR,117.022772,1.109973
M-00278,PO1000001150,SINAR MAS,TAPIAN NADENGGAN,LANGGA PAYUNG,1.65547052535203,99.8866220405212,60.0,Operating,1988,"Establishment year based off secondary sources (e.g. website, corporate report, etc)",PADANG LAWAS UTARA,ID-1220,SUMATERA UTARA,99.88662204,1.65547053
M-00279,PO1000007626,SINAR MAS,ADITUNGGAL MAHAJAYA,SAKO,-2.0356,112.2387,80.0,Operating,2016,Establishment year based on dinas perkebunan record of establishment (e.g. Dinas Perkebunan Plantation Statistics report of establishment dates),SERUYAN,ID-6208,KALIMANTAN TENGAH,112.2387,-2.0356
M-00280,PO1000007509,UNKNOWN,GOLDEN OILINDO NUSANTARA,GOLDEN OILINDO NUSANTARA,-3.11916721009593,104.694150102081,45.0,Operating,2016,"Establishment year based off secondary sources (e.g. website, corporate report, etc)",OGAN ILIR,ID-1610,SUMATERA SELATAN,104.6941501,-3.11916721
M-00281,PO1000003333,GOODHOPE,AGRO BUKIT,SUNGAI BINTI,-2.56374806172586,112.769351052908,90.0,Operating,2010,Establishment year based on dinas perkebunan record of establishment (e.g. Dinas Perkebunan Plantation Statistics report of establishment dates),KOTAWARINGIN TIMUR,ID-6202,KALIMANTAN TENGAH,112.76935105,-2.56374806
M-00282,PO1000002677,GOODHOPE,AGRO INDOMAS,TERAWAN,-2.55998728766946,112.373477174767,90.0,Operating,2001,Establishment year based on dinas perkebunan record of establishment (e.g. Dinas Perkebunan Plantation Statistics report of establishment dates),SERUYAN,ID-6208,KALIMANTAN TENGAH,112.37347717,-2.55998729
M-00285,PO1000003927,GOODHOPE,AGRO WANA LESTARI,BUKIT SANTUAI,-1.857639,112.397722,90.0,Operating,2012,Establishment year based on dinas perkebunan record of establishment (e.g. Dinas Perkebunan Plantation Statistics report of establishment dates),KOTAWARINGIN TIMUR,ID-6202,KALIMANTAN TENGAH,112.397722,-1.857639
M-00286,PO1000008343,GOZCO PLANTATIONS,SURYABUMI AGROLANGGENG,SURYABUMI AGROLANGGENG,-3.35944135444241,103.885744151068,90.0,Operating,2004,"Establishment year based off secondary sources (e.g. website, corporate report, etc)",MUARA ENIM,ID-1603,SUMATERA SELATAN,103.88574415,-3.35944135
M-00287,PO1000004456,ERAKARYA,PUJUD KARYA SAWIT,PUJUD KARYA SAWIT,1.37639552190721,100.526178392345,45.0,Operating,2014,"Establishment year based off secondary sources (e.g. website, corporate report, etc)",ROKAN HILIR,ID-1409,RIAU,100.52617839,1.37639552
M-00288,PO1000004291,UNKNOWN,DEWA RENCANA PERANGIN ANGIN,DEWA RENCANA PERANGIN ANGIN,3.50311565630157,98.435244441031,,Operating,2003,Establishment year based on other government record of establishment (e.g. Permit database),LANGKAT,ID-1213,SUMATERA UTARA,98.43524444,3.50311566
M-00289,PO1000004309,ERAKARYA,KOPERASI PRIMA JASA,KOPERASI PRIMA JASA,4.59779349712855,97.9018798027916,30.0,Operating,2014,"Establishment year based off secondary sources (e.g. website, corporate report, etc)",ACEH TIMUR,ID-1105,ACEH,97.9018798,4.5977935
M-00290,PO1000008277,UNKNOWN,GRAHA PERMATA HIJAU,GRAHA PERMATA HIJAU,1.1199428056567,100.849918282682,30.0,Operating,2014,Establishment year imputed based on Dinas Perkebunan Plantation Statistics reports (e.g. first year a mill appears in a Dinas Perkebunan Plantation Statistics report),ROKAN HULU,ID-1407,RIAU,100.84991828,1.11994281
M-00291,PO1000004094,MENTARI,GRAHACIPTA BANGKOJAYA,GRAHACIPTA BANGKOJAYA,-2.08329388506123,102.436322486642,60.0,Operating,2005,Establishment year based on other government record of establishment (e.g. Permit database),MERANGIN,ID-1502,JAMBI,102.43632249,-2.08329389
M-00292,PO1000007541,MUJUR,GRUTI LESTARI PRATAMA,GRUTI LESTARI PRATAMA,0.51384450067575,99.2711066233601,45.0,Operating,2015,"Establishment year based off secondary sources (e.g. website, corporate report, etc)",MANDAILING NATAL,ID-1202,SUMATERA UTARA,99.27110662,0.5138445
M-00293,PO1000006328,UNKNOWN,GUNA AGUNG SEMESTA,GUNA AGUNG SEMESTA,0.987795143629682,101.244785179567,60.0,Operating,2008,Establishment year imputed based on Dinas Perkebunan Plantation Statistics reports (e.g. first year a mill appears in a Dinas Perkebunan Plantation Statistics report),SIAK,ID-1405,RIAU,101.24478518,0.98779514
M-00294,PO1000008224,UNKNOWN,GUNA SETIA PRATAMA,GUNA SETIA PRATAMA,0.428700852762281,101.596693752425,45.0,Operating,2014,"Establishment year based off secondary sources (e.g. website, corporate report, etc)",PELALAWAN,ID-1404,RIAU,101.59669375,0.42870085
M-00295,PO1000007547,INCASI RAYA (GUNAS),AGRO SUKSES LESTARI,AGRO SUKSES LESTARI,0.227617906706274,111.664990093843,100.0,Operating,2014,Establishment year based on other government record of establishment (e.g. Permit database),SINTANG,ID-6107,KALIMANTAN BARAT,111.66499009,0.22761791
M-00296,PO1000004427,SALIM GROUP,MULTI PACIFIC INTERNATIONAL,CIPTA GRAHA,1.00040300000012,117.768977,45.0,Operating,2011,Establishment year imputed based on Dinas Perkebunan Plantation Statistics reports (e.g. first year a mill appears in a Dinas Perkebunan Plantation Statistics report),KUTAI TIMUR,ID-6404,KALIMANTAN TIMUR,117.768977,1.000403
M-00297,PO1000006293,INDOGUNTA,GUNTA SAMBA,AMPENAS,1.2123174,117.8084828,60.0,Operating,2010,Establishment year imputed based on Dinas Perkebunan Plantation Statistics reports (e.g. first year a mill appears in a Dinas Perkebunan Plantation Statistics report),KUTAI TIMUR,ID-6404,KALIMANTAN TIMUR,117.8084828,1.2123174
M-00298,PO1000008131,UNKNOWN,GUNUNG SAWIT ABADI,KINALI,-0.0462983855847025,99.9148044840826,45.0,Operating,2017,"Establishment year based off secondary sources (e.g. website, corporate report, etc)",PASAMAN BARAT,ID-1312,SUMATERA BARAT,99.91480448,-0.04629839
M-00299,PO1000009580,UNKNOWN,GUNUNG SAWIT MAS,GUNUNG SAWIT MAS,1.0819503,100.2951493,40.0,Operating,2014,"Establishment year based off secondary sources (e.g. website, corporate report, etc)",ROKAN HULU,ID-1407,RIAU,100.2951493,1.0819503
M-00300,PO1000004320,UNKNOWN,HARAPAN JAYA SAWITA,HARAPAN JAYA SAWITA,3.86300084077145,98.4213310553454,,Operating,2013,"Earliest year mill found to exist based on photo-interpretation of high-resolution satellite imagery, manufacturing census data, traceability reports and other secondary sources (or combination of these sources)",LANGKAT,ID-1213,SUMATERA UTARA,98.42133106,3.86300084
M-00301,PO1000006210,KPN CORP,HARAPAN SAWIT SEJAHTERAH,HARAPAN SAWIT SEJAHTERAH,-1.7533389,116.121336,30.0,Operating,2005,Establishment year imputed based on Dinas Perkebunan Plantation Statistics reports (e.g. first year a mill appears in a Dinas Perkebunan Plantation Statistics report),PASER,ID-6401,KALIMANTAN TIMUR,116.121336,-1.7533389
M-00302,PO1000006348,CENTRAL CIPTA MURDAYA (CCM),HARDAYA INTI PLANTATIONS,LEOK,1.026388889,121.3608333,90.0,Operating,2000,"Establishment year based off secondary sources (e.g. website, corporate report, etc)",BUOL,ID-7207,SULAWESI TENGAH,121.3608333,1.02638889
M-00304,PO1000004555,CENTRAL CIPTA MURDAYA (CCM),SEBAKIS INTI LESTARI,SEBAKIS INTI LESTARI,4.00826952451661,117.254920371592,60.0,Operating,2011,Establishment year imputed based on Dinas Perkebunan Plantation Statistics reports (e.g. first year a mill appears in a Dinas Perkebunan Plantation Statistics report),NUNUKAN,ID-6504,KALIMANTAN UTARA,117.25492037,4.00826952
M-00305,PO1000004203,GROWTH STEEL,HARKAT SEJAHTERA,HARKAT SEJAHTERA,3.06171809839431,99.4296553467692,45.0,Operating,2005,"Establishment year based off secondary sources (e.g. website, corporate report, etc)",SIMALUNGUN,ID-1209,SUMATERA UTARA,99.42965535,3.0617181
M-00306,PO1000004260,SUPERVENTURE,HASIL KARYA BUMI SEJATI,HASIL KARYA BUMI SEJATI,1.45130596303987,100.615914207233,45.0,Operating,2007,Establishment year based on other government record of establishment (e.g. Permit database),ROKAN HILIR,ID-1409,RIAU,100.61591421,1.45130596
M-00307,PO1000006236,HASNUR,HASNUR CITRA TERPADU,HASNUR CITRA TERPADU,-2.96157954435297,114.985850555953,45.0,Operating,2013,"Establishment year based off secondary sources (e.g. website, corporate report, etc)",TAPIN,ID-6305,KALIMANTAN SELATAN,114.98585056,-2.96157954
M-00308,PO1000004496,HERFINTA,HERFINTA FARM & PLANTATION,HERFINTA FARM & PLANTATION,1.85413338740215,100.166075932037,40.0,Operating,1999,"Establishment year based off secondary sources (e.g. website, corporate report, etc)",LABUHAN BATU SELATAN,ID-1222,SUMATERA UTARA,100.16607593,1.85413339
M-00309,PO1000004241,HUTAHAEAN,HUTAHAEAN,TELUK SONO,1.06,100.7572,30.0,Operating,2004,"Establishment year based off secondary sources (e.g. website, corporate report, etc)",ROKAN HULU,ID-1407,RIAU,100.7572,1.06
M-00310,PO1000004443,HUTAHAEAN,HUTAHAEAN,DALU DALU,1.17954861874993,100.268950446966,60.0,Operating,1998,"Establishment year based off secondary sources (e.g. website, corporate report, etc)",ROKAN HULU,ID-1407,RIAU,100.26895045,1.17954862
M-00311,PO1000004533,KUALA LUMPUR KEPONG (KLK),HUTAN HIJAU MAS,BERAU,2.21203979771408,117.167111386089,120.0,Operating,2010,Establishment year imputed based on Dinas Perkebunan Plantation Statistics reports (e.g. first year a mill appears in a Dinas Perkebunan Plantation Statistics report),BERAU,ID-6405,KALIMANTAN TIMUR,117.16711139,2.2120398
M-00314,PO1000004169,INCASI RAYA (GUNAS),SUMATERA JAYA AGRO LESTARI,SILAUT,-2.3280484601208,100.994055933907,60.0,Operating,2013,"Earliest year mill found to exist based on photo-interpretation of high-resolution satellite imagery, manufacturing census data, traceability reports and other secondary sources (or combination of these sources)",PESISIR SELATAN,ID-1302,SUMATERA BARAT,100.99405593,-2.32804846
M-00315,PO1000004530,INCASI RAYA (GUNAS),INCASI RAYA,SODETAN,-2.18273043001235,100.918089071478,20.0,Operating,2008,"Earliest year mill found to exist based on photo-interpretation of high-resolution satellite imagery, manufacturing census data, traceability reports and other secondary sources (or combination of these sources)",PESISIR SELATAN,ID-1302,SUMATERA BARAT,100.91808907,-2.18273043
M-00316,PO1000004100,INCASI RAYA (GUNAS),MEGASAWINDO PERKASA,MEGASAWINDO PERKASA,-1.68378254167567,102.234669648245,80.0,Operating,2009,Establishment year imputed based on Dinas Perkebunan Plantation Statistics reports (e.g. first year a mill appears in a Dinas Perkebunan Plantation Statistics report),BUNGO,ID-1509,JAMBI,102.23466965,-1.68378254
M-00318,PO1000004464,INCASI RAYA (GUNAS),JAMIKA RAYA,JAMIKA RAYA,-1.44476140061021,101.751347378194,60.0,Operating,1999,Establishment year based on other government record of establishment (e.g. Permit database),BUNGO,ID-1509,JAMBI,101.75134738,-1.4447614
M-00319,PO1000004864,INCASI RAYA (GUNAS),BINA PRATAMA SAKATO JAYA,SOLOK SELATAN,-1.39267768767438,101.594011810817,60.0,Operating,2015,"Establishment year based off secondary sources (e.g. website, corporate report, etc)",SOLOK SELATAN,ID-1310,SUMATERA BARAT,101.59401181,-1.39267769
M-00320,PO1000004451,INCASI RAYA (GUNAS),INCASI RAYA,PANGIAN,-1.32115716497465,101.647169733879,50.0,Operating,1999,"Mill known to exist in 1999 (source: Taib, Gunatif (2000), Kajian Pengembangan Industri Crude Palm Oil Skala Kecil (Studi Kasus Pengembangan Industri Crude Palm Oil di Sumatera Barat), http://repository.ipb.ac.id/handle/123456789/5044)",DHARMASRAYA,ID-1311,SUMATERA BARAT,101.64716973,-1.32115716
M-00321,PO1000004447,INCASI RAYA (GUNAS),SELAGO MAKMUR PLANTATION,SELAGO MAKMUR PLANTATION,-1.25102006919337,101.573597926635,40.0,Operating,2006,"Earliest year mill found to exist based on photo-interpretation of high-resolution satellite imagery, manufacturing census data, traceability reports and other secondary sources (or combination of these sources)",DHARMASRAYA,ID-1311,SUMATERA BARAT,101.57359793,-1.25102007
M-00322,PO1000004426,INCASI RAYA (GUNAS),SUMBAR ANDALAS KENCANA,SUMBAR ANDALAS KENCANA,-0.996382973498193,101.740116375303,60.0,Operating,1999,"Mill known to exist in 1999 (source: Taib, Gunatif (2000), Kajian Pengembangan Industri Crude Palm Oil Skala Kecil (Studi Kasus Pengembangan Industri Crude Palm Oil di Sumatera Barat), http://repository.ipb.ac.id/handle/123456789/5044)",DHARMASRAYA,ID-1311,SUMATERA BARAT,101.74011638,-0.99638297
M-00323,PO1000004337,INCASI RAYA (GUNAS),MULTI JAYA PERKASA,MULTI JAYA PERKASA,-0.040759488443615,110.806385307519,30.0,Operating,2006,Establishment year imputed based on Dinas Perkebunan Plantation Statistics reports (e.g. first year a mill appears in a Dinas Perkebunan Plantation Statistics report),SEKADAU,ID-6109,KALIMANTAN BARAT,110.80638531,-0.04075949
M-00324,PO1000004375,INCASI RAYA (GUNAS),BINTARA TANI NUSANTARA,BINTARA TANI NUSANTARA,0.33220947170292,99.3815070465764,100.0,Operating,2010,"Establishment year based off secondary sources (e.g. website, corporate report, etc)",PASAMAN BARAT,ID-1312,SUMATERA BARAT,99.38150705,0.33220947
M-00325,PO1000004378,INCASI RAYA (GUNAS),PASAMAN MARAMA SEJAHTERA,PASAMAN MARAMA SEJAHTERA,0.36398528428794,99.6330207790149,60.0,Operating,2008,"Earliest year mill found to exist based on photo-interpretation of high-resolution satellite imagery, manufacturing census data, traceability reports and other secondary sources (or combination of these sources)",PASAMAN BARAT,ID-1312,SUMATERA BARAT,99.63302078,0.36398528
M-00326,PO1000008137,INDAH,SUN SAWIT,SUN SAWIT,-3.16833056,104.8919944,45.0,Operating,2015,"Earliest year mill found to exist based on photo-interpretation of high-resolution satellite imagery, manufacturing census data, traceability reports and other secondary sources (or combination of these sources)",OGAN KOMERING ILIR,ID-1602,SUMATERA SELATAN,104.8919944,-3.16833056
M-00327,PO1000008178,INDAH,BASTIAN OLAH SAWIT,BASTIAN OLAH SAWIT,-2.35133209105685,103.912507201716,30.0,Operating,2013,Establishment year imputed based on Dinas Perkebunan Plantation Statistics reports (e.g. first year a mill appears in a Dinas Perkebunan Plantation Statistics report),MUSI BANYUASIN,ID-1606,SUMATERA SELATAN,103.9125072,-2.35133209
M-00328,PO1000008171,INDAH,BANGUN TENERA RIAU,BANGUN TENERA RIAU,0.289943542417656,101.416719882683,30.0,Operating,2005,Establishment year imputed based on Dinas Perkebunan Plantation Statistics reports (e.g. first year a mill appears in a Dinas Perkebunan Plantation Statistics report),KAMPAR,ID-1406,RIAU,101.41671988,0.28994354
M-00329,PO1000004200,INDAH,HUTA BAYU MARSADA,HUTA BAYU MARSADA,3.06193158269502,99.3350184786203,60.0,Operating,2014,"Establishment year based off secondary sources (e.g. website, corporate report, etc)",SIMALUNGUN,ID-1209,SUMATERA UTARA,99.33501848,3.06193158
M-00330,PO1000007613,SALIM GROUP,MENTARI SUBUR ABADI,MUARA MERANG,-2.143618,104.198207,80.0,Operating,2014,Establishment year imputed based on Dinas Perkebunan Plantation Statistics reports (e.g. first year a mill appears in a Dinas Perkebunan Plantation Statistics report),MUSI BANYUASIN,ID-1606,SUMATERA SELATAN,104.198207,-2.143618
M-00331,PO1000002651,SALIM GROUP,INDRIPLANT,NAPAL,-0.678269293347476,101.913770814934,30.0,Operating,1999,"Establishment year based off secondary sources (e.g. website, corporate report, etc)",INDRAGIRI HULU,ID-1402,RIAU,101.91377081,-0.67826929
M-00332,PO1000002653,SALIM GROUP,SERIKAT PUTRA,LUBUK RAJA,0.126548936911255,102.126030167482,75.0,Operating,1992,"Establishment year based off secondary sources (e.g. website, corporate report, etc)",PELALAWAN,ID-1404,RIAU,102.12603017,0.12654894
M-00333,PO1000004376,SALIM GROUP,RIAU AGROTAMA PLANTATION,NANGA SILAT,0.336148397729155,111.813748517559,30.0,Operating,2012,"Establishment year based off secondary sources (e.g. website, corporate report, etc)",KAPUAS HULU,ID-6108,KALIMANTAN BARAT,111.81374852,0.3361484
M-00334,PO1000006346,INDOGUNTA,GUNTA SAMBA JAYA,MERAPUN,1.37424087442784,117.144730258947,60.0,Operating,2013,Establishment year imputed based on Dinas Perkebunan Plantation Statistics reports (e.g. first year a mill appears in a Dinas Perkebunan Plantation Statistics report),KUTAI TIMUR,ID-6404,KALIMANTAN TIMUR,117.14473026,1.37424087
M-00335,PO1000002159,SALIM GROUP,GUNUNG MAS RAYA,SUNGAI BANGKO,1.58400538660164,100.678872236197,60.0,Operating,1994,"Establishment year based off secondary sources (e.g. website, corporate report, etc)",ROKAN HILIR,ID-1409,RIAU,100.67887224,1.58400539
M-00336,PO1000000567,SALIM GROUP,SALIM IVOMAS PRATAMA,KAYANGAN,1.66048849963265,100.591372427522,60.0,Operating,1989,"Establishment year based off secondary sources (e.g. website, corporate report, etc)",ROKAN HILIR,ID-1409,RIAU,100.59137243,1.6604885
M-00337,PO1000002158,SALIM GROUP,SALIM IVOMAS PRATAMA,SEI DUA,1.7513888,100.5910694,45.0,Operating,1998,"Establishment year based off secondary sources (e.g. website, corporate report, etc)",ROKAN HILIR,ID-1409,RIAU,100.5910694,1.7513888
M-00338,PO1000006258,SALIM GROUP,SALIM IVOMAS PRATAMA,BALAM,1.76255618840613,100.619850884855,45.0,Operating,1998,"Establishment year based off secondary sources (e.g. website, corporate report, etc)",ROKAN HILIR,ID-1409,RIAU,100.61985088,1.76255619
M-00339,PO1000002227,SALIM GROUP,PERUSAHAAN PERKEBUNAN LONDON SUMATRA INDONESIA,DOLOK,3.16480343377282,99.4306370346767,45.0,Operating,1999,"Mill known to exist in 1999 (source: Taib, Gunatif (2000), Kajian Pengembangan Industri Crude Palm Oil Skala Kecil (Studi Kasus Pengembangan Industri Crude Palm Oil di Sumatera Barat), http://repository.ipb.ac.id/handle/123456789/5044)",BATU BARA,ID-1219,SUMATERA UTARA,99.43063703,3.16480343
M-00341,PO1000007548,MUSIM MAS,INDOMAKMUR SAWIT BERJAYA,INDOMAKMUR SAWIT BERJAYA,0.934892964648136,100.352173615719,45.0,Operating,2003,"Establishment year based off secondary sources (e.g. website, corporate report, etc)",ROKAN HULU,ID-1407,RIAU,100.35217362,0.93489296
M-00342,PO1000006145,KUALA LUMPUR KEPONG (KLK),INDONESIA PLANTATION SYNERGY,INDONESIA PLANTATION SYNERGY,0.782705708409883,117.991469096725,60.0,Operating,2013,"Establishment year based off secondary sources (e.g. website, corporate report, etc)",KUTAI TIMUR,ID-6404,KALIMANTAN TIMUR,117.9914691,0.78270571
M-00343,PO1000007492,UNKNOWN,CONDONG GARUT,CONDONG GARUT,-7.594167,107.66,20.0,Operating,1980,"Establishment year based off secondary sources (e.g. website, corporate report, etc)",GARUT,ID-3205,JAWA BARAT,107.66,-7.594167
M-00344,PO1000004348,UNKNOWN,INKUD AGRITAMA,INKUD AGRITAMA,-0.06924117065373,100.022243074978,15.0,Operating,2010,Establishment year imputed based on Dinas Perkebunan Plantation Statistics reports (e.g. first year a mill appears in a Dinas Perkebunan Plantation Statistics report),PASAMAN BARAT,ID-1312,SUMATERA BARAT,100.02224307,-0.06924117
M-00345,PO1000000279,ROYAL GOLDEN EAGLE,INTI INDOSAWIT SUBUR,MUARA BULIAN,-1.58632132437956,103.204176351484,80.0,Operating,1999,"Mill known to exist in 1999 (source: Taib, Gunatif (2000), Kajian Pengembangan Industri Crude Palm Oil Skala Kecil (Studi Kasus Pengembangan Industri Crude Palm Oil di Sumatera Barat), http://repository.ipb.ac.id/handle/123456789/5044)",BATANG HARI,ID-1504,JAMBI,103.20417635,-1.58632132
M-00346,PO1000000345,ROYAL GOLDEN EAGLE,INTI INDOSAWIT SUBUR,TUNGKAL ULU,-1.30109782401881,102.980384430745,60.0,Operating,1999,"Mill known to exist in 1999 (source: Taib, Gunatif (2000), Kajian Pengembangan Industri Crude Palm Oil Skala Kecil (Studi Kasus Pengembangan Industri Crude Palm Oil di Sumatera Barat), http://repository.ipb.ac.id/handle/123456789/5044)",TANJUNG JABUNG BARAT,ID-1507,JAMBI,102.98038443,-1.30109782
M-00347,PO1000002143,ROYAL GOLDEN EAGLE,DASA ANUGERAH SEJATI,TAMAN RAJA,-1.17642408290477,103.008343520934,45.0,Operating,2006,"Establishment year based off secondary sources (e.g. website, corporate report, etc)",TANJUNG JABUNG BARAT,ID-1507,JAMBI,103.00834352,-1.17642408
M-00348,PO1000002063,ROYAL GOLDEN EAGLE,RIGUNAS AGRI UTAMA,PERANAP,-0.584387306459671,102.020336655534,45.0,Operating,2000,"Establishment year based off secondary sources (e.g. website, corporate report, etc)",INDRAGIRI HULU,ID-1402,RIAU,102.02033666,-0.58438731
M-00349,PO1000002491,ROYAL GOLDEN EAGLE,INTI INDOSAWIT SUBUR,UKUI II,-0.277221075770741,102.116034953211,60.0,Operating,2004,"Mill known to exist in 2004 (source: Golder Associates (2006). Appendix VIII: Summary of Renewable Potential in Indonesia POM, Retrieved October 10, 2018, http://www.adb.org/Documents/Reports/Consulta nt/46557-INO/36557-INO-TACR- AppendixVIII.pdf)",INDRAGIRI HULU,ID-1402,RIAU,102.11603495,-0.27722108
M-00350,PO1000000148,ROYAL GOLDEN EAGLE,INTI INDOSAWIT SUBUR,UKUI I,-0.225539182724066,102.094139153035,60.0,Operating,2004,"Mill known to exist in 2004 (source: Golder Associates (2006). Appendix VIII: Summary of Renewable Potential in Indonesia POM, Retrieved October 10, 2018, http://www.adb.org/Documents/Reports/Consulta nt/46557-INO/36557-INO-TACR- AppendixVIII.pdf)",PELALAWAN,ID-1404,RIAU,102.09413915,-0.22553918
M-00351,PO1000008400,SOUTHERN ACIDS BERHAD,MUSTIKA AGRO SARI,MUSTIKA AGRO SARI,-0.113381953756374,101.292771565557,45.0,Operating,2002,"Establishment year based off secondary sources (e.g. website, corporate report, etc)",KUANTAN SINGINGI,ID-1401,RIAU,101.29277157,-0.11338195
M-00352,PO1000004157,ROYAL GOLDEN EAGLE,MITRA UNGGUL PUSAKA,SEGATI,0.141477171195933,101.645836316212,30.0,Operating,2004,"Mill known to exist in 2004 (source: Golder Associates (2006). Appendix VIII: Summary of Renewable Potential in Indonesia POM, Retrieved October 10, 2018, http://www.adb.org/Documents/Reports/Consulta nt/46557-INO/36557-INO-TACR- AppendixVIII.pdf)",PELALAWAN,ID-1404,RIAU,101.64583632,0.14147717
M-00353,PO1000000021,ROYAL GOLDEN EAGLE,INTI INDOSAWIT SUBUR,BUATAN I,0.434529547655022,101.8229714762,60.0,Operating,1991,"Establishment year based off secondary sources (e.g. website, corporate report, etc)",SIAK,ID-1405,RIAU,101.82297148,0.43452955
M-00354,PO1000000382,ROYAL GOLDEN EAGLE,INTI INDOSAWIT SUBUR,BUATAN II,0.460034184377082,101.867441364209,30.0,Operating,2004,"Mill known to exist in 2004 (source: Golder Associates (2006). Appendix VIII: Summary of Renewable Potential in Indonesia POM, Retrieved October 10, 2018, http://www.adb.org/Documents/Reports/Consulta nt/46557-INO/36557-INO-TACR- AppendixVIII.pdf)",SIAK,ID-1405,RIAU,101.86744136,0.46003418
M-00355,PO1000002142,ROYAL GOLDEN EAGLE,TUNGGAL YUNUS ESTATE,TOPAZ,0.689186564712154,100.934220695925,45.0,Operating,2001,"Establishment year based off secondary sources (e.g. website, corporate report, etc)",KAMPAR,ID-1406,RIAU,100.9342207,0.68918656
M-00356,PO1000002913,ROYAL GOLDEN EAGLE,RIGUNAS AGRI UTAMA,BUNGO TEBO,-1.34673509655954,102.456322378486,60.0,Operating,2009,Establishment year imputed based on Dinas Perkebunan Plantation Statistics reports (e.g. first year a mill appears in a Dinas Perkebunan Plantation Statistics report),TEBO,ID-1508,JAMBI,102.45632238,-1.3467351
M-00357,PO1000002145,ROYAL GOLDEN EAGLE,SUPRA MATRA ABADI,AEK NABARA,1.99947030274055,99.9400805402124,60.0,Operating,1999,"Mill known to exist in 1999 (source: Taib, Gunatif (2000), Kajian Pengembangan Industri Crude Palm Oil Skala Kecil (Studi Kasus Pengembangan Industri Crude Palm Oil di Sumatera Barat), http://repository.ipb.ac.id/handle/123456789/5044)",LABUHAN BATU,ID-1207,SUMATERA UTARA,99.94008054,1.9994703
M-00358,PO1000002146,ROYAL GOLDEN EAGLE,SUPRA MATRA ABADI,TELUK PANJIE,2.00269457710801,100.243817232663,30.0,Operating,1999,"Mill known to exist in 1999 (source: Taib, Gunatif (2000), Kajian Pengembangan Industri Crude Palm Oil Skala Kecil (Studi Kasus Pengembangan Industri Crude Palm Oil di Sumatera Barat), http://repository.ipb.ac.id/handle/123456789/5044)",LABUHAN BATU SELATAN,ID-1222,SUMATERA UTARA,100.24381723,2.00269458
M-00359,PO1000002147,ROYAL GOLDEN EAGLE,HARI SAWIT JAYA,NEGERI LAMA I,2.359694,100.041889,45.0,Operating,1997,"Establishment year based off secondary sources (e.g. website, corporate report, etc)",LABUHAN BATU,ID-1207,SUMATERA UTARA,100.041889,2.359694
M-00360,PO1000003004,ROYAL GOLDEN EAGLE,HARI SAWIT JAYA,NEGERI LAMA II,2.36015982082507,100.035314881646,45.0,Operating,2002,"Establishment year based off secondary sources (e.g. website, corporate report, etc)",LABUHAN BATU,ID-1207,SUMATERA UTARA,100.03531488,2.36015982
M-00361,PO1000002608,ROYAL GOLDEN EAGLE,GUNUNG MELAYU,GUNUNG MELAYU II,2.74958695047231,99.4700389689805,30.0,Operating,1999,"Mill known to exist in 1999 (source: Taib, Gunatif (2000), Kajian Pengembangan Industri Crude Palm Oil Skala Kecil (Studi Kasus Pengembangan Industri Crude Palm Oil di Sumatera Barat), http://repository.ipb.ac.id/handle/123456789/5044)",ASAHAN,ID-1208,SUMATERA UTARA,99.47003897,2.74958695
M-00362,PO1000002609,ROYAL GOLDEN EAGLE,SAUDARA SEJATI LUHUR,GUNUNG MELAYU I,2.79185840896719,99.5985828527814,30.0,Operating,1984,"Establishment year based off secondary sources (e.g. website, corporate report, etc)",ASAHAN,ID-1208,SUMATERA UTARA,99.59858285,2.79185841
M-00363,PO1000002144,ROYAL GOLDEN EAGLE,SUPRA MATRA ABADI,TANAH DATAR,3.14825887620155,99.5568670523634,20.0,Operating,1991,"Establishment year based off secondary sources (e.g. website, corporate report, etc)",BATU BARA,ID-1219,SUMATERA UTARA,99.55686705,3.14825888
M-00364,PO1000004867,IOI CORPORATION,SUKSES KARYA SAWIT,SUKSES KARYA SAWIT,-2.800204,110.593202,45.0,Operating,2015,"Establishment year based off secondary sources (e.g. website, corporate report, etc)",KETAPANG,ID-6106,KALIMANTAN BARAT,110.593202,-2.800204
M-00365,PO1000006246,J.A. WATTIE (JAWA),KINTAP JAYA WATTINDO,KINTAP JAYA WATTINDO,-3.89835551373306,115.205165267841,45.0,Operating,2008,"Establishment year based off secondary sources (e.g. website, corporate report, etc)",TANAH LAUT,ID-6301,KALIMANTAN SELATAN,115.20516527,-3.89835551
M-00366,PO1000008156,J.A. WATTIE (JAWA),AGRI BUMI SENTOSA,AGRI BUMI SENTOSA,-2.96293583192641,114.710181075565,45.0,Operating,2015,"Establishment year based off secondary sources (e.g. website, corporate report, etc)",BARITO KUALA,ID-6304,KALIMANTAN SELATAN,114.71018108,-2.96293583
M-00367,PO1000007524,UNKNOWN,JABAL PERKASA,JABAL PERKASA,1.06178741429652,100.131483623239,30.0,Operating,2014,Establishment year imputed based on Dinas Perkebunan Plantation Statistics reports (e.g. first year a mill appears in a Dinas Perkebunan Plantation Statistics report),ROKAN HULU,ID-1407,RIAU,100.13148362,1.06178741
M-00369,PO1000004563,UNKNOWN,JAYA BARU PERTAMA,JAYA BARU PERTAMA,4.06568330116921,98.2159345549988,20.0,Operating,1999,"Mill known to exist in 1999 (source: Taib, Gunatif (2000), Kajian Pengembangan Industri Crude Palm Oil Skala Kecil (Studi Kasus Pengembangan Industri Crude Palm Oil di Sumatera Barat), http://repository.ipb.ac.id/handle/123456789/5044)",LANGKAT,ID-1213,SUMATERA UTARA,98.21593455,4.0656833
M-00370,PO1000007653,UNKNOWN,JAYA GEMILANG SUKSES,JAYA GEMILANG SUKSES,1.599828,100.906289,30.0,Operating,2016,"Establishment year based off secondary sources (e.g. website, corporate report, etc)",ROKAN HILIR,ID-1409,RIAU,100.906289,1.599828
M-00371,PO1000004557,UNKNOWN,ANUGERAH LANGKAT MAKMUR,BUKIT MAS,4.01359662708703,98.1946736066968,30.0,Operating,1988,Establishment year based on other government record of establishment (e.g. Permit database),LANGKAT,ID-1213,SUMATERA UTARA,98.19467361,4.01359663
M-00372,PO1000004553,UNKNOWN,JAYA PALMA NUSANTARA,JAYA PALMA NUSANTARA,3.96387129062355,98.3634135738257,,Operating,2009,"Establishment year based off secondary sources (e.g. website, corporate report, etc)",LANGKAT,ID-1213,SUMATERA UTARA,98.36341357,3.96387129
M-00373,PO1000008233,JC CHEMICAL,NIAGA MAS GEMILANG,NIAGA MAS GEMILANG,-0.592332999999883,116.8225,60.0,Operating,2017,"Establishment year based off secondary sources (e.g. website, corporate report, etc)",KUTAI KARTANEGARA,ID-6403,KALIMANTAN TIMUR,116.8225,-0.592333
M-00374,PO1000004395,UNKNOWN,TAMORA AGRO LESTARI,TAMORA AGRO LESTARI,-0.531559695316883,101.41789042027,30.0,Operating,2013,"Establishment year based off secondary sources (e.g. website, corporate report, etc)",KUANTAN SINGINGI,ID-1401,RIAU,101.41789042,-0.5315597
M-00375,PO1000006176,ANUGERAH TANI MAKMUR,PERSADA AGRO SAWITA,PERSADA AGRO SAWITA,-0.407998469420228,102.356618196396,30.0,Operating,2016,"Establishment year based off secondary sources (e.g. website, corporate report, etc)",INDRAGIRI HULU,ID-1402,RIAU,102.3566182,-0.40799847
M-00376,PO1000008145,TIANJIN JULONG,PALMINA UTAMA,PALMINA UTAMA,-3.05430951921117,114.871315152368,60.0,Operating,2011,"Establishment year based off secondary sources (e.g. website, corporate report, etc)",BANJAR,ID-6303,KALIMANTAN SELATAN,114.87131515,-3.05430952
M-00377,PO1000007463,UNKNOWN,KALIMANTAN AGRO PUSAKA,SUNGAI SEPETI,-0.829559683106076,109.884532778781,30.0,Operating,2015,"Establishment year based off secondary sources (e.g. website, corporate report, etc)",KAYONG UTARA,ID-6111,KALIMANTAN BARAT,109.88453278,-0.82955968
M-00378,PO1000008615,DARMEX AGRO,JOHAN SENTOSA,BANGKINANG,0.427780003862708,100.920823651135,30.0,Operating,1996,"Establishment year based off secondary sources (e.g. website, corporate report, etc)",KAMPAR,ID-1406,RIAU,100.92082365,0.42778
M-00379,PO1000007618,KALIMANTAN PLANTATION UNIT (KPU),KALIMANTAN RIA SEJAHTERA,SONDAI MUARA,-1.17931531935545,114.031814056809,45.0,Operating,2011,Establishment year based on dinas perkebunan record of establishment (e.g. Dinas Perkebunan Plantation Statistics report of establishment dates),KAPUAS,ID-6203,KALIMANTAN TENGAH,114.03181406,-1.17931532
M-00380,PO1000003258,CITRA BORNEO INDAH (CBI),KALIMANTAN SAWIT ABADI,NATAI BARU,-2.60591318060532,111.667107294977,60.0,Operating,2008,Establishment year based on dinas perkebunan record of establishment (e.g. Dinas Perkebunan Plantation Statistics report of establishment dates),KOTAWARINGIN BARAT,ID-6201,KALIMANTAN TENGAH,111.66710729,-2.60591318
M-00381,PO1000004163,KALIMANTAN SAWIT KUSUMA (KSK),KALIMANTAN SAWIT KUSUMA,KALIMANTAN SAWIT KUSUMA,-2.29290918449889,111.16737778228,90.0,Operating,2002,Establishment year based on dinas perkebunan record of establishment (e.g. Dinas Perkebunan Plantation Statistics report of establishment dates),SUKAMARA,ID-6206,KALIMANTAN TENGAH,111.16737778,-2.29290918
M-00382,PO1000004300,UNKNOWN,KALLISTA ALAM,KALLISTA ALAM,3.87146644931591,96.5824870865871,30.0,Operating,2006,"Earliest year mill found to exist based on photo-interpretation of high-resolution satellite imagery, manufacturing census data, traceability reports and other secondary sources (or combination of these sources)",NAGAN RAYA,ID-1115,ACEH,96.58248709,3.87146645
M-00383,PO1000004583,UNKNOWN,SYAUKATH SEJAHTERA,SYAUKATH SEJAHTERA,5.22666512182062,96.8981500230682,30.0,Operating,2012,"Establishment year based off secondary sources (e.g. website, corporate report, etc)",BIREUEN,ID-1110,ACEH,96.89815002,5.22666512
M-00385,PO1000006182,UNKNOWN,KARIMUN AROMATICS,KARIMUN AROMATICS,4.01347075492017,98.1491944098826,30.0,Operating,1999,"Mill known to exist in 1999 (source: Taib, Gunatif (2000), Kajian Pengembangan Industri Crude Palm Oil Skala Kecil (Studi Kasus Pengembangan Industri Crude Palm Oil di Sumatera Barat), http://repository.ipb.ac.id/handle/123456789/5044)",LANGKAT,ID-1213,SUMATERA UTARA,98.14919441,4.01347075
M-00386,PO1000007553,KALIMANTAN PLANTATION UNIT (KPU),KARYA DEWI PUTRA,KATINGAN CENTRAL,-1.438169,112.874141,60.0,Operating,2010,Establishment year based on dinas perkebunan record of establishment (e.g. Dinas Perkebunan Plantation Statistics report of establishment dates),KATINGAN,ID-6209,KALIMANTAN TENGAH,112.874141,-1.438169
M-00387,PO1000004075,SUPERVENTURE,KARYA INDO SEJATITAMA,KARYA INDO SEJATITAMA,-2.99757732192711,102.786636751653,45.0,Operating,2014,Establishment year imputed based on Dinas Perkebunan Plantation Statistics reports (e.g. first year a mill appears in a Dinas Perkebunan Plantation Statistics report),MUSI RAWAS,ID-1605,SUMATERA SELATAN,102.78663675,-2.99757732
M-00388,PO1000007546,SUPERVENTURE,KARYA INDORATA PERSADA,KARYA INDORATA PERSADA,0.112543128979651,101.235741896029,45.0,Operating,2013,Establishment year imputed based on Dinas Perkebunan Plantation Statistics reports (e.g. first year a mill appears in a Dinas Perkebunan Plantation Statistics report),KAMPAR,ID-1406,RIAU,101.2357419,0.11254313
M-00390,PO1000008616,SINAR JAYA AGRO INVESTAMA (SJAI),KARYA SAWITINDO MAS,KARYA SAWITINDO MAS,-2.46168300632496,101.124413234903,60.0,Operating,2010,"Establishment year based off secondary sources (e.g. website, corporate report, etc)",MUKO-MUKO,ID-1706,BENGKULU,101.12441323,-2.46168301
M-00391,PO1000004139,UNKNOWN,KARYA SAWIT LESTARI,KARYA SAWIT LESTARI,-2.8468537880758,104.263356074315,100.0,Operating,2005,Establishment year imputed based on Dinas Perkebunan Plantation Statistics reports (e.g. first year a mill appears in a Dinas Perkebunan Plantation Statistics report),BANYUASIN,ID-1607,SUMATERA SELATAN,104.26335607,-2.84685379
M-00392,PO1000004329,SUMBER TANI AGUNG (STA),KARYA SERASI JAYA ABADI,BINJAI,3.34260700568979,99.2227961038028,30.0,Operating,2014,"Establishment year based off secondary sources (e.g. website, corporate report, etc)",SERDANG BEDAGAI,ID-1218,SUMATERA UTARA,99.2227961,3.34260701
M-00393,PO1000008435,KARYA TEKNIK,KARYA TEKNIK PLANTATION,KARYA TEKNIK PLANTATION,-0.154086666032253,117.010476982571,45.0,Operating,2015,Establishment year imputed based on Dinas Perkebunan Plantation Statistics reports (e.g. first year a mill appears in a Dinas Perkebunan Plantation Statistics report),KUTAI KARTANEGARA,ID-6403,KALIMANTAN TIMUR,117.01047698,-0.15408667
M-00394,PO1000008274,ASTRA AGRO LESTARI,KARYANUSA EKADAYA,KARYANUSA EKA DAYA 1,0.9923069,116.7527699,45.0,Operating,2010,Establishment year imputed based on Dinas Perkebunan Plantation Statistics reports (e.g. first year a mill appears in a Dinas Perkebunan Plantation Statistics report),KUTAI TIMUR,ID-6404,KALIMANTAN TIMUR,116.7527699,0.9923069
M-00395,PO1000006309,SALIM GROUP,KEBUN MANDIRI SEJAHTERA,MARIANGO,-1.28094199999106,116.63698799981,45.0,Operating,2015,Establishment year imputed based on Dinas Perkebunan Plantation Statistics reports (e.g. first year a mill appears in a Dinas Perkebunan Plantation Statistics report),PENAJAM PASER UTARA,ID-6409,KALIMANTAN TIMUR,116.636988,-1.280942
M-00396,PO1000008345,UNKNOWN,KEDATON MULIA PRIMAS,KEDATON MULIA PRIMAS,-1.90736714097239,103.012320737193,45.0,Operating,2011,"Establishment year based off secondary sources (e.g. website, corporate report, etc)",BATANG HARI,ID-1504,JAMBI,103.01232074,-1.90736714
M-00397,PO1000006186,SUPERVENTURE,KEMILAU PERMATA SAWIT,SIJUNJUNG,-0.90456314247471,101.398765323952,30.0,Operating,2014,"Establishment year based off secondary sources (e.g. website, corporate report, etc)",SIJUNJUNG,ID-1304,SUMATERA BARAT,101.39876532,-0.90456314
M-00398,PO1000004194,KENCANA AGRI,ALAMRAYA KENCANA MAS,ALAMRAYA KENCANA MAS,-2.4008812221475,115.989945580455,60.0,Operating,2003,Establishment year based on dinas perkebunan record of establishment (e.g. Dinas Perkebunan Plantation Statistics report of establishment dates),KOTABARU,ID-6302,KALIMANTAN SELATAN,115.98994558,-2.40088122
M-00399,PO1000004858,KENCANA AGRI,AGRO INTI KENCANAMAS,AGRO INTI KENCANAMAS,-2.222431,116.356054,45.0,Operating,2010,Establishment year imputed based on Dinas Perkebunan Plantation Statistics reports (e.g. first year a mill appears in a Dinas Perkebunan Plantation Statistics report),PASER,ID-6401,KALIMANTAN TIMUR,116.356054,-2.222431
M-00400,PO1000004516,KENCANA AGRI,SAWINDO KENCANA,SAWINDO KENCANA,-2.076,105.647933,60.0,Operating,2001,"Establishment year based off secondary sources (e.g. website, corporate report, etc)",BANGKA BARAT,ID-1903,KEP. BANGKA BELITUNG,105.647933,-2.076
M-00401,PO1000007528,KENCANA AGRI,AGRI EASTBORNEO KENCANA,AGRI EASTBORNEO KENCANA,0.13587115,116.91645276,45.0,Operating,2015,"Establishment year based off secondary sources (e.g. website, corporate report, etc)",KUTAI KARTANEGARA,ID-6403,KALIMANTAN TIMUR,116.91645276,0.13587115
M-00403,PO1000007569,GENK AGRO MAS,KENCANA UTAMA SEJATI,KENCANA UTAMA SEJATI,1.0685355910781,100.11723500749,60.0,Operating,2014,"Establishment year based off secondary sources (e.g. website, corporate report, etc)",PADANG LAWAS,ID-1221,SUMATERA UTARA,100.11723501,1.06853559
M-00404,PO1000004442,GENK AGRO MAS,KENCANA PERSADA NUSANTARA,KENCANA PERSADA NUSANTARA,1.17539398239221,100.233323436585,45.0,Operating,2012,Establishment year imputed based on Dinas Perkebunan Plantation Statistics reports (e.g. first year a mill appears in a Dinas Perkebunan Plantation Statistics report),ROKAN HULU,ID-1407,RIAU,100.23332344,1.17539398
M-00405,PO1000008279,GENK AGRO MAS,ARYA RAMA PRAKASA,RANTAU SAKTI,1.22199704416051,100.384500774656,30.0,Operating,2012,Establishment year imputed based on Dinas Perkebunan Plantation Statistics reports (e.g. first year a mill appears in a Dinas Perkebunan Plantation Statistics report),ROKAN HULU,ID-1407,RIAU,100.38450077,1.22199704
M-00406,PO1000004487,UNKNOWN,KENCANA ANDALAN NUSANTARA,KENCANA ANDALAN NUSANTARA,1.78334246923394,100.393209443322,60.0,Operating,2014,"Establishment year based off secondary sources (e.g. website, corporate report, etc)",ROKAN HILIR,ID-1409,RIAU,100.39320944,1.78334247
M-00407,PO1000007566,MITRA AGUNG SWADAYA (MAS),KENCANA PERMATA NUSANTARA,KENCANA PERMATA NUSANTARA,3.45327192995406,98.6997000682862,45.0,Operating,2016,"Establishment year based off secondary sources (e.g. website, corporate report, etc)",DELI SERDANG,ID-1212,SUMATERA UTARA,98.69970007,3.45327193
M-00408,PO1000004295,UNKNOWN,AMAL TANI,AMAL TANI,3.58824036604662,98.3051817384684,30.0,Operating,2006,"Earliest year mill found to exist based on photo-interpretation of high-resolution satellite imagery, manufacturing census data, traceability reports and other secondary sources (or combination of these sources)",LANGKAT,ID-1213,SUMATERA UTARA,98.30518174,3.58824037
M-00409,PO1000008165,MEWAH,KENCANA INTI PERKASA,AEK NOPAN,2.323385,99.733169,45.0,Operating,2011,"Establishment year based off secondary sources (e.g. website, corporate report, etc)",LABUHAN BATU UTARA,ID-1223,SUMATERA UTARA,99.733169,2.323385
M-00410,PO1000008231,UNKNOWN,KHARISMA AGRO SEJAHTERA,KHARISMA AGRO SEJAHTERA,-0.751813214875324,102.243341062599,30.0,Operating,2017,"Establishment year based off secondary sources (e.g. website, corporate report, etc)",INDRAGIRI HULU,ID-1402,RIAU,102.24334106,-0.75181321
M-00411,PO1000004055,ANAM KOTO,KRIYA SWARNA PUBIAN,KRIYA SWARNA PUBIAN,-5.06343145418025,104.877679639238,30.0,Operating,2009,"Establishment year based off secondary sources (e.g. website, corporate report, etc)",LAMPUNG TENGAH,ID-1805,LAMPUNG,104.87767964,-5.06343145
M-00412,PO1000005100,KUALA LUMPUR KEPONG (KLK),PARIT SEMBADA,PARIT SEMBADA,-2.74039,108.00249,60.0,Operating,2008,"Establishment year based off secondary sources (e.g. website, corporate report, etc)",BELITUNG TIMUR,ID-1906,KEP. BANGKA BELITUNG,108.00249,-2.74039
M-00413,PO1000002895,KUALA LUMPUR KEPONG (KLK),STEELINDO WAHANA PERKASA,STEELINDO WAHANA PERKASA,-2.7239944,108.0630861,100.0,Operating,1999,"Establishment year based off secondary sources (e.g. website, corporate report, etc)",BELITUNG TIMUR,ID-1906,KEP. BANGKA BELITUNG,108.0630861,-2.7239944
M-00415,PO1000001417,KUALA LUMPUR KEPONG (KLK),ADEI PLANTATION & INDUSTRY,NILO 1,0.34805555556,101.97166667,90.0,Operating,2003,"Establishment year based off secondary sources (e.g. website, corporate report, etc)",PELALAWAN,ID-1404,RIAU,101.97166667,0.34805556
M-00416,PO1000001418,KUALA LUMPUR KEPONG (KLK),ADEI PLANTATION & INDUSTRY,NILO 2,0.351814715230321,102.095350397706,70.0,Operating,2012,"Establishment year based off secondary sources (e.g. website, corporate report, etc)",PELALAWAN,ID-1404,RIAU,102.0953504,0.35181472
M-00417,PO1000000638,KUALA LUMPUR KEPONG (KLK),SEKARBUMI ALAMLESTARI,TAPUNG KANAN,0.756444874832736,101.21958269439,30.0,Operating,1996,"Establishment year based off secondary sources (e.g. website, corporate report, etc)",KAMPAR,ID-1406,RIAU,101.21958269,0.75644487
M-00418,PO1000000411,KUALA LUMPUR KEPONG (KLK),ADEI PLANTATION & INDUSTRY,MANDAU,1.082239,101.333085,60.0,Operating,2003,"Establishment year based off secondary sources (e.g. website, corporate report, etc)",BENGKALIS,ID-1408,RIAU,101.333085,1.082239
M-00419,PO1000005793,KUALA LUMPUR KEPONG (KLK),JABONTARA EKA KARSA,JABON,1.2428517,118.338441,60.0,Operating,2015,Establishment year imputed based on Dinas Perkebunan Plantation Statistics reports (e.g. first year a mill appears in a Dinas Perkebunan Plantation Statistics report),KUTAI TIMUR,ID-6404,KALIMANTAN TIMUR,118.338441,1.2428517
M-00420,PO1000007603,KUALA LUMPUR KEPONG (KLK),SATU SEMBILAN DELAPAN,SATU SEMBILAN DELAPAN,2.14268776784477,117.298654236859,60.0,Operating,2013,Establishment year imputed based on Dinas Perkebunan Plantation Statistics reports (e.g. first year a mill appears in a Dinas Perkebunan Plantation Statistics report),BERAU,ID-6405,KALIMANTAN TIMUR,117.29865424,2.14268777
M-00422,PO1000004492,KUALA LUMPUR KEPONG (KLK),LANGKAT NUSANTARA KEPONG,PADANG BRAHRANG,3.5606770775625,98.3907423899747,30.0,Operating,1984,"Establishment year based off secondary sources (e.g. website, corporate report, etc)",LANGKAT,ID-1213,SUMATERA UTARA,98.39074239,3.56067708
M-00423,PO1000005803,KUALA LUMPUR KEPONG (KLK),LANGKAT NUSANTARA KEPONG,STABAT,3.76087517999394,98.392908906782,70.0,Operating,2010,"Earliest year mill found to exist based on photo-interpretation of high-resolution satellite imagery, manufacturing census data, traceability reports and other secondary sources (or combination of these sources)",LANGKAT,ID-1213,SUMATERA UTARA,98.39290891,3.76087518
M-00424,PO1000004471,UNKNOWN,GELIGA BAGAN RIAU,GELIGA BAGAN RIAU,1.60096012422335,100.421245210414,30.0,Operating,2000,"Establishment year based off secondary sources (e.g. website, corporate report, etc)",ROKAN HILIR,ID-1409,RIAU,100.42124521,1.60096012
M-00425,PO1000004489,DUPONT & LEOSK ENTERPRISES,KUALA MAS SAWIT ABADI,KUALA MAS SAWIT ABADI,1.81208172825357,100.02571688109,30.0,Operating,1999,"Mill known to exist in 1999 (source: Taib, Gunatif (2000), Kajian Pengembangan Industri Crude Palm Oil Skala Kecil (Studi Kasus Pengembangan Industri Crude Palm Oil di Sumatera Barat), http://repository.ipb.ac.id/handle/123456789/5044)",LABUHAN BATU SELATAN,ID-1222,SUMATERA UTARA,100.02571688,1.81208173
M-00426,PO1000004491,UNKNOWN,DWI MITRA DAYA RIAU,DWI MITRA DAYA RIAU,1.81385546051815,100.397765669259,30.0,Operating,2003,"Establishment year based off secondary sources (e.g. website, corporate report, etc)",ROKAN HILIR,ID-1409,RIAU,100.39776567,1.81385546
M-00427,PO1000004205,DUPONT & LEOSK ENTERPRISES,KWALA INTAN SAWIT SELATAN,KWALA INTAN SAWIT SELATAN,2.46389502194847,99.6378192004335,30.0,Operating,2006,"Earliest year mill found to exist based on photo-interpretation of high-resolution satellite imagery, manufacturing census data, traceability reports and other secondary sources (or combination of these sources)",LABUHAN BATU UTARA,ID-1223,SUMATERA UTARA,99.6378192,2.46389502
M-00428,PO1000004149,DUPONT & LEOSK ENTERPRISES,SINTONG ABADI,SINTONG ABADI,2.92511720781793,99.7060860565069,30.0,Operating,2010,"Establishment year based off secondary sources (e.g. website, corporate report, etc)",ASAHAN,ID-1208,SUMATERA UTARA,99.70608606,2.92511721
M-00429,PO1000004544,UNKNOWN,NUNUKAN SAWIT MAS,NUNUKAN SAWIT MAS,3.8286831850632,116.760737300843,90.0,Operating,2005,Establishment year imputed based on Dinas Perkebunan Plantation Statistics reports (e.g. first year a mill appears in a Dinas Perkebunan Plantation Statistics report),NUNUKAN,ID-6504,KALIMANTAN UTARA,116.7607373,3.82868319
M-00430,PO1000004306,FIMACORP,NUNUKAN JAYA LESTARI,KEMPAS,4.20474106584373,117.252173763179,45.0,Operating,2005,Establishment year imputed based on Dinas Perkebunan Plantation Statistics reports (e.g. first year a mill appears in a Dinas Perkebunan Plantation Statistics report),NUNUKAN,ID-6504,KALIMANTAN UTARA,117.25217376,4.20474107
M-00431,PO1000004106,UNKNOWN,KURNIA LUWUK SEJATI,TOILI,-1.359017,122.307176,45.0,Operating,2003,"Establishment year based off secondary sources (e.g. website, corporate report, etc)",BANGGAI,ID-7202,SULAWESI TENGAH,122.307176,-1.359017
M-00432,PO1000008194,UNKNOWN,KURNIA MITRA SAWIT,KURNIA MITRA SAWIT,2.408019,99.697733,30.0,Operating,2016,"Establishment year based off secondary sources (e.g. website, corporate report, etc)",LABUHAN BATU UTARA,ID-1223,SUMATERA UTARA,99.697733,2.408019
M-00433,PO1000007561,CT AGRO,KUTAI AGRO LESTARI,KUTAI AGRO LESTARI,-0.6428333,115.7388,45.0,Operating,2015,Establishment year imputed based on Dinas Perkebunan Plantation Statistics reports (e.g. first year a mill appears in a Dinas Perkebunan Plantation Statistics report),KUTAI BARAT,ID-6402,KALIMANTAN TIMUR,115.7388,-0.6428333
M-00435,PO1000004316,BUMITAMA GUNAJAYA AGRO (BGA),LADANG SAWIT MAS,BUKIT TUNGGAL JAYA,-1.54743241987634,110.3436766233,45.0,Operating,2014,"Establishment year based off secondary sources (e.g. website, corporate report, etc)",KETAPANG,ID-6106,KALIMANTAN BARAT,110.34367662,-1.54743242
M-00437,PO1000004090,SAHABAT AGRO,LAMBANG SAWIT PERKASA,LAMBANG SAWIT PERKASA,-2.22370074125246,102.480894521031,45.0,Operating,2015,"Establishment year based off secondary sources (e.g. website, corporate report, etc)",SAROLANGUN,ID-1503,JAMBI,102.48089452,-2.22370074
M-00438,PO1000007567,UNKNOWN,LANGGAK INTI LESTARI,LANGGAK INTI LESTARI,0.634916666666666,100.591777777777,30.0,Operating,2016,"Establishment year based off secondary sources (e.g. website, corporate report, etc)",ROKAN HULU,ID-1407,RIAU,100.59177778,0.63491667
M-00439,PO1000006202,UNKNOWN,LANGKAT SAWITHIJAU PRATAMA,LANGKAT SAWITHIJAU PRATAMA,3.49715073211931,98.2245713499549,20.0,Operating,2016,Establishment year based on other government record of establishment (e.g. Permit database),LANGKAT,ID-1213,SUMATERA UTARA,98.22457135,3.49715073
M-00440,PO1000008285,DARMEX AGRO,LEDO LESTARI,LEDO LESTARI,1.46474500000009,109.716423,30.0,Operating,2014,Establishment year imputed based on Dinas Perkebunan Plantation Statistics reports (e.g. first year a mill appears in a Dinas Perkebunan Plantation Statistics report),BENGKAYANG,ID-6102,KALIMANTAN BARAT,109.716423,1.464745
M-00441,PO1000004109,ASTRA AGRO LESTARI,LETAWA,LETAWA,-1.332133,119.42824,70.0,Operating,1994,"Establishment year based off secondary sources (e.g. website, corporate report, etc)",MAMUJU UTARA,ID-7605,SULAWESI BARAT,119.42824,-1.332133
M-00442,PO1000004361,LX INTERNATIONAL,PARNA AGROMAS,PARNA AGROMAS,0.211668242556678,111.077254560732,45.0,Operating,2012,"Establishment year based off secondary sources (e.g. website, corporate report, etc)",SEKADAU,ID-6109,KALIMANTAN BARAT,111.07725456,0.21166824
M-00443,PO1000004239,WILIAN PERKASA,LIBO SAWIT PERKASA,LIBO SAWIT PERKASA,0.95618908231511,101.14076507718,30.0,Operating,2014,"Establishment year based off secondary sources (e.g. website, corporate report, etc)",SIAK,ID-1405,RIAU,101.14076508,0.95618908
M-00444,PO1000004450,PANCA PUTRA GANDA,TOR GANDA,RANTAU KASAI,1.27885402909159,100.334053140172,45.0,Operating,1998,"Establishment year based off secondary sources (e.g. website, corporate report, etc)",ROKAN HULU,ID-1407,RIAU,100.33405314,1.27885403
M-00445,PO1000008152,NAGAMAS,LINGGA TIGA SAWIT,LINGGA TIGA SAWIT,2.01426379245112,99.878816338032,60.0,Operating,1996,"Establishment year based off secondary sources (e.g. website, corporate report, etc)",LABUHAN BATU,ID-1207,SUMATERA UTARA,99.87881634,2.01426379
M-00446,PO1000007534,LYMAN AGRO,KALIMANTAN SANGGAR PUSAKA,KALIMANTAN SANGGAR PUSAKA,0.0806413092064506,111.192109486525,60.0,Operating,1994,"Establishment year based off secondary sources (e.g. website, corporate report, etc)",SEKADAU,ID-6109,KALIMANTAN BARAT,111.19210949,0.08064131
M-00447,PO1000007642,LYMAN AGRO,BONTI PERMAI JAYA,BONTI PERMAI JAYA,0.213330997918316,111.551105064248,60.0,Operating,2009,Establishment year based on other government record of establishment (e.g. Permit database),SINTANG,ID-6107,KALIMANTAN BARAT,111.55110506,0.213331
M-00448,PO1000010020,MAKIN,SEPANJANG INTI SURYA UTAMA,SEPANJANG INTI SURYA UTAMA 2,0.805284057157147,110.765491918876,45.0,Operating,2015,Establishment year based on other government record of establishment (e.g. Permit database),SANGGAU,ID-6105,KALIMANTAN BARAT,110.76549192,0.80528406
M-00449,PO1000004868,BUKIT ASAM,BUMI SAWINDO PERMAI,BUMI SAWINDO PERMAI,-3.84909959289359,103.807351502146,30.0,Operating,2005,Establishment year imputed based on Dinas Perkebunan Plantation Statistics reports (e.g. first year a mill appears in a Dinas Perkebunan Plantation Statistics report),MUARA ENIM,ID-1603,SUMATERA SELATAN,103.8073515,-3.84909959
M-00450,PO1000004310,MAHKOTA,BERLIAN INTI MEKAR,MUARA ENIM,-3.22472175888302,104.472412365967,45.0,Operating,2014,"Establishment year based off secondary sources (e.g. website, corporate report, etc)",MUARA ENIM,ID-1603,SUMATERA SELATAN,104.47241237,-3.22472176
M-00451,PO1000004412,MAHKOTA,BERLIAN INTI MEKAR,RENGAT,-0.721368253110403,102.626379686099,60.0,Operating,2009,"Establishment year based off secondary sources (e.g. website, corporate report, etc)",INDRAGIRI HULU,ID-1402,RIAU,102.62637969,-0.72136825
M-00452,PO1000004922,MAHKOTA,BERLIAN INTI MEKAR,SIAK,0.640945193756621,101.975872993295,30.0,Operating,2012,"Establishment year based off secondary sources (e.g. website, corporate report, etc)",SIAK,ID-1405,RIAU,101.97587299,0.64094519
M-00454,PO1000004421,MAHKOTA,MUTIARA UNGGUL LESTARI,MUTIARA UNGGUL LESTARI,0.852867833465978,101.30072331421,45.0,Operating,2002,Establishment year based on other government record of establishment (e.g. Permit database),SIAK,ID-1405,RIAU,101.30072331,0.85286783
M-00455,PO1000004441,UNKNOWN,SAWIT ANUGERAH SEJAHTERA,SAWIT ANUGERAH SEJAHTERA,1.15141,101.275164,45.0,Operating,2014,Establishment year based on other government record of establishment (e.g. Permit database),BENGKALIS,ID-1408,RIAU,101.275164,1.15141
M-00456,PO1000004259,MAHKOTA,INTAN SEJATI ANDALAN,INTAN SEJATI ANDALAN,1.43442018614389,101.285070545189,45.0,Operating,2004,"Establishment year based off secondary sources (e.g. website, corporate report, etc)",BENGKALIS,ID-1408,RIAU,101.28507055,1.43442019
M-00457,PO1000004126,MAHKOTA,KARYA MITRA ANDALAN,KARYA MITRA ANDALAN,2.78448283440437,99.618212621422,60.0,Operating,2004,"Establishment year based off secondary sources (e.g. website, corporate report, etc)",ASAHAN,ID-1208,SUMATERA UTARA,99.61821262,2.78448283
M-00458,PO1000004461,UNKNOWN,MAJU INDO RAYA,AEK SIBIRONG,1.40913659704795,98.8573999883599,45.0,Operating,2011,"Establishment year based off secondary sources (e.g. website, corporate report, etc)",TAPANULI SELATAN,ID-1203,SUMATERA UTARA,98.85739999,1.4091366
M-00459,PO1000004056,DHANISTHA SURYA NUSANTARA,WAHANA KARYA MANDIRI KAHURIPAN,BUNGA MAYANG,-4.471583,104.255917,35.0,Operating,2003,Establishment year based on other government record of establishment (e.g. Permit database),OGAN KOMERING ULU TIMUR,ID-1609,SUMATERA SELATAN,104.255917,-4.471583
M-00460,PO1000006244,MAKIN,POLA KAHURIPAN INTI SAWIT,KINTAP,-3.81055278987047,115.173296586335,30.0,Operating,2009,Establishment year based on dinas perkebunan record of establishment (e.g. Dinas Perkebunan Plantation Statistics report of establishment dates),TANAH LAUT,ID-6301,KALIMANTAN SELATAN,115.17329659,-3.81055279
M-00461,PO1000006225,DHANISTHA SURYA NUSANTARA,BANYU KAHURIPAN INDONESIA,KARANG AGUNG,-2.2621421412828,104.313949217028,60.0,Operating,2015,"Earliest year mill found to exist based on photo-interpretation of high-resolution satellite imagery, manufacturing census data, traceability reports and other secondary sources (or combination of these sources)",MUSI BANYUASIN,ID-1606,SUMATERA SELATAN,104.31394922,-2.26214214
M-00462,PO1000007474,DHANISTHA SURYA NUSANTARA,BANYU KAHURIPAN INDONESIA,LALAN,-2.2349866059621,104.333221681707,60.0,Operating,2013,Establishment year imputed based on Dinas Perkebunan Plantation Statistics reports (e.g. first year a mill appears in a Dinas Perkebunan Plantation Statistics report),MUSI BANYUASIN,ID-1606,SUMATERA SELATAN,104.33322168,-2.23498661
M-00463,PO1000005155,MAKIN,KATINGAN INDAH UTAMA,KABUAU,-2.11193906043367,112.74700656227,90.0,Operating,2003,Establishment year based on dinas perkebunan record of establishment (e.g. Dinas Perkebunan Plantation Statistics report of establishment dates),KOTAWARINGIN TIMUR,ID-6202,KALIMANTAN TENGAH,112.74700656,-2.11193906
M-00464,PO1000004510,DHANISTHA SURYA NUSANTARA,INTIGA PRABHAKARA KAHURIPAN,TAMIANG,-2.02515250535499,112.671901751684,45.0,Operating,2013,Establishment year based on dinas perkebunan record of establishment (e.g. Dinas Perkebunan Plantation Statistics report of establishment dates),KOTAWARINGIN TIMUR,ID-6202,KALIMANTAN TENGAH,112.67190175,-2.02515251
M-00465,PO1000007634,MAKIN,SURYA INTI SAWIT KAHURIPAN,KASAI,-1.906806,112.8329,60.0,Operating,2011,Establishment year based on dinas perkebunan record of establishment (e.g. Dinas Perkebunan Plantation Statistics report of establishment dates),KOTAWARINGIN TIMUR,ID-6202,KALIMANTAN TENGAH,112.8329,-1.906806
M-00467,PO1000004466,MAKIN,RICKY KURNIAWAN KERTAPERSADA,RICKY KURNIAWAN KERTAPERSADA,-1.49600280730183,103.85907474296,45.0,Operating,2011,Establishment year imputed based on Dinas Perkebunan Plantation Statistics reports (e.g. first year a mill appears in a Dinas Perkebunan Plantation Statistics report),MUARO JAMBI,ID-1505,JAMBI,103.85907474,-1.49600281
M-00469,PO1000004439,MAKIN,PRODUK SAWITINDO JAMBI,PELABUHAN DAGANG,-1.13932322946923,103.075769712591,45.0,Operating,2012,Establishment year imputed based on Dinas Perkebunan Plantation Statistics reports (e.g. first year a mill appears in a Dinas Perkebunan Plantation Statistics report),TANJUNG JABUNG BARAT,ID-1507,JAMBI,103.07576971,-1.13932323
M-00470,PO1000004541,UNKNOWN,MAKMUR ABADI RAYA,MAKMUR ABADI RAYA,3.80800891917732,98.3419853999286,30.0,Operating,2014,"Establishment year based off secondary sources (e.g. website, corporate report, etc)",LANGKAT,ID-1213,SUMATERA UTARA,98.3419854,3.80800892
M-00471,PO1000004345,UNKNOWN,MAKMUR ANDALAN SAWIT,MAKMUR ANDALAN SAWIT,0.0675032177325594,102.124376877596,45.0,Operating,2012,Establishment year imputed based on Dinas Perkebunan Plantation Statistics reports (e.g. first year a mill appears in a Dinas Perkebunan Plantation Statistics report),PELALAWAN,ID-1404,RIAU,102.12437688,0.06750322
M-00472,PO1000004924,UNKNOWN,MAKMUR ANUGERAH SAWITINDO,MAKMUR ANUGERAH SAWITINDO,3.695101,98.514633,15.0,Operating,2015,"Earliest year mill found to exist based on photo-interpretation of high-resolution satellite imagery, manufacturing census data, traceability reports and other secondary sources (or combination of these sources)",DELI SERDANG,ID-1212,SUMATERA UTARA,98.514633,3.695101
M-00473,PO1000004246,SUPERVENTURE,MANDIRI SAWIT BERSAMA,AEK TINGA,1.07464300273054,99.9950877607018,45.0,Operating,2013,"Establishment year based off secondary sources (e.g. website, corporate report, etc)",PADANG LAWAS,ID-1221,SUMATERA UTARA,99.99508776,1.074643
M-00474,PO1000004937,CEMPAKA MAS ABADI,SABUT MAS ABADI,MEDANG SARI,-2.54288346754009,111.669824952635,30.0,Operating,2002,Establishment year based on dinas perkebunan record of establishment (e.g. Dinas Perkebunan Plantation Statistics report of establishment dates),KOTAWARINGIN BARAT,ID-6201,KALIMANTAN TENGAH,111.66982495,-2.54288347
M-00475,PO1000005210,MEDCO AGRO,CIPTATANI KUMAI SEJAHTERA,CIPTATANI KUMAI SEJAHTERA,-2.1839,112.034267,30.0,Operating,2009,Establishment year based on dinas perkebunan record of establishment (e.g. Dinas Perkebunan Plantation Statistics report of establishment dates),SERUYAN,ID-6208,KALIMANTAN TENGAH,112.034267,-2.1839
M-00476,PO1000007449,CAPITOL,MEDCO PAPUA HIJAU SELARAS,MEDCO PAPUA HIJAU SELARAS,-0.810231,133.594667,45.0,Operating,2015,"Establishment year based off secondary sources (e.g. website, corporate report, etc)",MANOKWARI,ID-9105,PAPUA BARAT,133.594667,-0.810231
M-00477,PO1000006310,SAWIT LESTARI,MEGA HIJAU LESTARI,MEGA HIJAU LESTARI,-1.24075,116.645,60.0,Operating,2015,Establishment year imputed based on Dinas Perkebunan Plantation Statistics reports (e.g. first year a mill appears in a Dinas Perkebunan Plantation Statistics report),PENAJAM PASER UTARA,ID-6409,KALIMANTAN TIMUR,116.645,-1.24075
M-00478,PO1000004297,UNKNOWN,RAYA PADANG LANGKAT,SEI MUSAM,3.65070484475552,98.1512509295282,30.0,Operating,1999,"Mill known to exist in 1999 (source: Taib, Gunatif (2000), Kajian Pengembangan Industri Crude Palm Oil Skala Kecil (Studi Kasus Pengembangan Industri Crude Palm Oil di Sumatera Barat), http://repository.ipb.ac.id/handle/123456789/5044)",LANGKAT,ID-1213,SUMATERA UTARA,98.15125093,3.65070484
M-00479,PO1000007550,KUALA LUMPUR KEPONG (KLK),KARYA MAKMUR ABADI,KARYA MAKMUR ABADI,-2.042261,112.489969,70.0,Operating,2015,Establishment year based on dinas perkebunan record of establishment (e.g. Dinas Perkebunan Plantation Statistics report of establishment dates),KOTAWARINGIN TIMUR,ID-6202,KALIMANTAN TENGAH,112.489969,-2.042261
M-00480,PO1000004161,MAHITALA INGKENG GEMAH (MIG),MERBAUJAYA INDAHRAYA,MERBAUJAYA INDAHRAYA,2.28164154773251,99.7805022541855,30.0,Operating,1997,"Establishment year based off secondary sources (e.g. website, corporate report, etc)",LABUHAN BATU UTARA,ID-1223,SUMATERA UTARA,99.78050225,2.28164155
M-00483,PO1000004852,DHARMA AGUNG WIJAYA (DAW),INTI GUNA NABATI,INTI GUNA NABATI,-2.41588137943565,102.680722647743,45.0,Operating,2015,"Establishment year based off secondary sources (e.g. website, corporate report, etc)",SAROLANGUN,ID-1503,JAMBI,102.68072265,-2.41588138
M-00484,PO1000004535,UNKNOWN,SEJATI PALMA SEJAHTERA,SEJATI PALMA SEJAHTERA,-2.212233,103.800117,30.0,Operating,2013,"Establishment year based off secondary sources (e.g. website, corporate report, etc)",MUSI BANYUASIN,ID-1606,SUMATERA SELATAN,103.800117,-2.212233
M-00485,PO1000004323,UNKNOWN,MITRA AGROLIKA SEJAHTERA,MUARA BAHAR,-1.96278,103.615472,45.0,Operating,2014,"Establishment year based off secondary sources (e.g. website, corporate report, etc)",MUSI BANYUASIN,ID-1606,SUMATERA SELATAN,103.615472,-1.96278
M-00486,PO1000004389,MITRA AGUNG SWADAYA (MAS),MITRA AGUNG SWADAYA,KELAYANG,-0.4922750464777,102.062787624882,30.0,Operating,2012,Establishment year imputed based on Dinas Perkebunan Plantation Statistics reports (e.g. first year a mill appears in a Dinas Perkebunan Plantation Statistics report),INDRAGIRI HULU,ID-1402,RIAU,102.06278762,-0.49227505
M-00487,PO1000004288,UNKNOWN,MITRA AGUNG SAWITA SEJATI,MITRA AGUNG SAWITA SEJATI,3.29630735032841,99.3061133527955,45.0,Operating,2003,"Establishment year based off secondary sources (e.g. website, corporate report, etc)",SIMALUNGUN,ID-1209,SUMATERA UTARA,99.30611335,3.29630735
M-00489,PO1000006344,SALIM GROUP,MITRA INTISEJATI PLANTATION,BENGKAYANG,1.16797885651312,109.586056875397,30.0,Operating,1997,"Establishment year based off secondary sources (e.g. website, corporate report, etc)",BENGKAYANG,ID-6102,KALIMANTAN BARAT,109.58605688,1.16797886
M-00490,PO1000004562,UNKNOWN,MITRA NIAGA SEJATI JAYA,MITRA NIAGA SEJATI JAYA,4.0526877461366,98.136617131795,20.0,Operating,2008,Establishment year based on other government record of establishment (e.g. Permit database),LANGKAT,ID-1213,SUMATERA UTARA,98.13661713,4.05268775
M-00491,PO1000007464,UNKNOWN,MITRASARI PRIMA,MITRASARI PRIMA,0.138018811924201,101.702715717434,60.0,Operating,2015,"Earliest year mill found to exist based on photo-interpretation of high-resolution satellite imagery, manufacturing census data, traceability reports and other secondary sources (or combination of these sources)",PELALAWAN,ID-1404,RIAU,101.70271572,0.13801881
M-00492,PO1000004570,MOPOLI RAYA,MORA NIAGA JAYA,GEDONG BIARA,4.29106623201243,98.1522394249363,30.0,Operating,1986,Establishment year based on other government record of establishment (e.g. Permit database),ACEH TAMIANG,ID-1114,ACEH,98.15223942,4.29106623
M-00493,PO1000004308,MOPOLI RAYA,MOPOLI RAYA,ALUE KUYUN,4.45742727437844,96.1604696516767,30.0,Operating,1999,Establishment year based on dinas perkebunan record of establishment (e.g. Dinas Perkebunan Plantation Statistics report of establishment dates),ACEH BARAT,ID-1107,ACEH,96.16046965,4.45742727
M-00494,PO1000006652,MP EVANS,GUNUNG PELAWAN LESTARI,TENGKALAT,-1.623167,105.989222,60.0,Operating,2016,"Establishment year based off secondary sources (e.g. website, corporate report, etc)",BANGKA,ID-1901,KEP. BANGKA BELITUNG,105.989222,-1.623167
M-00495,PO1000001488,MP EVANS,PRIMA MITRAJAYA MANDIRI,BUMI PERMAI,-0.29774654169825,116.763675759457,60.0,Operating,2012,"Establishment year based off secondary sources (e.g. website, corporate report, etc)",KUTAI KARTANEGARA,ID-6403,KALIMANTAN TIMUR,116.76367576,-0.29774654
M-00496,PO1000000283,MP EVANS,PANGKATAN INDONESIA,PANGKATAN,2.10226346721387,99.9477999986161,40.0,Operating,2005,"Establishment year based off secondary sources (e.g. website, corporate report, etc)",LABUHAN BATU,ID-1207,SUMATERA UTARA,99.9478,2.10226347
M-00497,PO1000008221,UNKNOWN,MUARA JAMBI SAWIT LESTARI,MUARA JAMBI SAWIT LESTARI,-1.25564192193172,103.707232456895,45.0,Operating,2017,"Establishment year based off secondary sources (e.g. website, corporate report, etc)",TANJUNG JABUNG TIMUR,ID-1506,JAMBI,103.70723246,-1.25564192
M-00498,PO1000004523,MUJUR,SINAR GUNUNG SAWIT RAYA,SINAR GUNUNG SAWIT RAYA,2.11390721411455,98.2655930744244,30.0,Operating,2005,"Earliest year mill found to exist based on photo-interpretation of high-resolution satellite imagery, manufacturing census data, traceability reports and other secondary sources (or combination of these sources)",TAPANULI TENGAH,ID-1204,SUMATERA UTARA,98.26559307,2.11390721
M-00499,PO1000007473,UNKNOWN,MULTI AGRINDO SUMATERA,MULTI AGRINDO SUMATERA,3.34833301996958,98.9504545612559,30.0,Operating,2016,"Establishment year based off secondary sources (e.g. website, corporate report, etc)",SERDANG BEDAGAI,ID-1218,SUMATERA UTARA,98.95045456,3.34833302
M-00501,PO1000004172,UNKNOWN,MULTI PALMA SEJAHTERA,SI KIJANG,0.414833370978495,101.665758491673,45.0,Operating,2001,"Establishment year based off secondary sources (e.g. website, corporate report, etc)",PELALAWAN,ID-1404,RIAU,101.66575849,0.41483337
M-00502,PO1000004418,UNKNOWN,MULTI AGRO SENTOSA,MULTI AGRO SENTOSA,0.771689586123902,100.887111532066,45.0,Operating,2006,Establishment year imputed based on Dinas Perkebunan Plantation Statistics reports (e.g. first year a mill appears in a Dinas Perkebunan Plantation Statistics report),KAMPAR,ID-1406,RIAU,100.88711153,0.77168959
M-00503,PO1000004129,UNKNOWN,SAWITA INTER PERKASA,SAWITA INTER PERKASA,2.79768218468377,99.4442485211803,20.0,Operating,2008,"Establishment year based off secondary sources (e.g. website, corporate report, etc)",ASAHAN,ID-1208,SUMATERA UTARA,99.44424852,2.79768218
M-00504,PO1000007660,UNKNOWN,MULTI PERKASA SEJAHTERA,MULTI PERKASA SEJAHTERA,0.358621578674467,109.974884090543,45.0,Operating,2015,"Establishment year based off secondary sources (e.g. website, corporate report, etc)",LANDAK,ID-6103,KALIMANTAN BARAT,109.97488409,0.35862158
M-00506,PO1000004257,FIRST RESOURCES,MURINIWOOD INDAH INDUSTRY,MURINIWOOD INDAH INDUSTRY,1.39265462473417,101.302613662241,45.0,Operating,2008,Establishment year imputed based on Dinas Perkebunan Plantation Statistics reports (e.g. first year a mill appears in a Dinas Perkebunan Plantation Statistics report),BENGKALIS,ID-1408,RIAU,101.30261366,1.39265462
M-00508,PO1000000170,MUSIM MAS,MAJU ANEKA SAWIT,MAJU ANEKA SAWIT,-2.47828121412828,112.645326717434,45.0,Operating,2010,Establishment year based on dinas perkebunan record of establishment (e.g. Dinas Perkebunan Plantation Statistics report of establishment dates),KOTAWARINGIN TIMUR,ID-6202,KALIMANTAN TENGAH,112.64532672,-2.47828121
M-00509,PO1000000106,MUSIM MAS,SUKAJADI SAWIT MEKAR,SUKAJADI SAWIT MEKAR 1,-2.38111,112.539722,90.0,Operating,2006,Establishment year based on dinas perkebunan record of establishment (e.g. Dinas Perkebunan Plantation Statistics report of establishment dates),KOTAWARINGIN TIMUR,ID-6202,KALIMANTAN TENGAH,112.539722,-2.38111
M-00510,PO1000000134,MUSIM MAS,SUKAJADI SAWIT MEKAR,SUKAJADI SAWIT MEKAR 2,-2.37025,112.6026111,90.0,Operating,2011,Establishment year based on dinas perkebunan record of establishment (e.g. Dinas Perkebunan Plantation Statistics report of establishment dates),KOTAWARINGIN TIMUR,ID-6202,KALIMANTAN TENGAH,112.6026111,-2.37025
M-00511,PO1000000180,MUSIM MAS,BERKAT SAWIT SEJATI,BERKAT SAWIT SEJATI,-2.31856396169825,103.710425374887,90.0,Operating,2008,Establishment year imputed based on Dinas Perkebunan Plantation Statistics reports (e.g. first year a mill appears in a Dinas Perkebunan Plantation Statistics report),MUSI BANYUASIN,ID-1606,SUMATERA SELATAN,103.71042537,-2.31856396
M-00513,PO1000000286,MUSIM MAS,UNGGUL LESTARI,UNGGUL LESTARI,-1.59516084926218,112.599755403939,90.0,Operating,2012,Establishment year based on dinas perkebunan record of establishment (e.g. Dinas Perkebunan Plantation Statistics report of establishment dates),KOTAWARINGIN TIMUR,ID-6202,KALIMANTAN TENGAH,112.5997554,-1.59516085
M-00514,PO1000000355,MUSIM MAS,MUSIM MAS,PANGKALAN LESUNG,-0.0565755323974845,102.082091076694,60.0,Operating,2005,"Establishment year based off secondary sources (e.g. website, corporate report, etc)",PELALAWAN,ID-1404,RIAU,102.08209108,-0.05657553
M-00516,PO1000002356,MUSIM MAS,GUNTUNG IDAMAN NUSA,GUNTUNG IDAMAN NUSA 1,0.160880142450585,103.288188430767,30.0,Operating,2011,Establishment year imputed based on Dinas Perkebunan Plantation Statistics reports (e.g. first year a mill appears in a Dinas Perkebunan Plantation Statistics report),INDRAGIRI HILIR,ID-1403,RIAU,103.28818843,0.16088014
M-00517,PO1000007437,MUSIM MAS,SINAR AGRO RAYA,SINAR AGRO RAYA,0.41919102601708,101.754642671608,45.0,Operating,2004,"Establishment year based off secondary sources (e.g. website, corporate report, etc)",PELALAWAN,ID-1404,RIAU,101.75464267,0.41919103
M-00518,PO1000004448,KALIMANTAN SAWIT KUSUMA (KSK),FAJAR SAUDARA KUSUMA,SEBAWI,1.26702340716166,109.224589613798,30.0,Operating,2015,Establishment year imputed based on Dinas Perkebunan Plantation Statistics reports (e.g. first year a mill appears in a Dinas Perkebunan Plantation Statistics report),SAMBAS,ID-6101,KALIMANTAN BARAT,109.22458961,1.26702341
M-00519,PO1000004459,PANCA PUTRA GANDA,TOR GANDA,BUKIT HARAPAN II,1.40416221152601,100.03977777009,30.0,Operating,2012,"Earliest year mill found to exist based on photo-interpretation of high-resolution satellite imagery, manufacturing census data, traceability reports and other secondary sources (or combination of these sources)",PADANG LAWAS UTARA,ID-1220,SUMATERA UTARA,100.03977777,1.40416221
M-00520,PO1000004267,MUSIM MAS,BAHANA NUSA INTERINDO,BAHANA NUSA INTERINDO,1.69686111111111,100.701833333333,45.0,Operating,2001,"Establishment year based off secondary sources (e.g. website, corporate report, etc)",ROKAN HILIR,ID-1409,RIAU,100.70183333,1.69686111
M-00521,PO1000001529,MUSIM MAS,SIRINGO-RINGO,SIRINGO-RINGO,2.09710801221589,99.7670524255833,60.0,Operating,1990,"Establishment year based off secondary sources (e.g. website, corporate report, etc)",LABUHAN BATU,ID-1207,SUMATERA UTARA,99.76705243,2.09710801
M-00523,PO1000007661,UNKNOWN,MUSTIKA AGUNG SARANA SEJAHTERA,MUSTIKA AGUNG SARANA SEJAHTERA,1.74929721869279,100.929961421804,45.0,Operating,2015,"Establishment year based off secondary sources (e.g. website, corporate report, etc)",ROKAN HILIR,ID-1409,RIAU,100.92996142,1.74929722
M-00524,PO1000004255,UNKNOWN,MUSTIKA AGUNG SAWIT SEJAHTERA,MUSTIKA AGUNG SAWIT SEJAHTERA,1.2247819687569,101.242562308994,35.0,Operating,2012,Establishment year imputed based on Dinas Perkebunan Plantation Statistics reports (e.g. first year a mill appears in a Dinas Perkebunan Plantation Statistics report),BENGKALIS,ID-1408,RIAU,101.24256231,1.22478197
M-00525,PO1000004207,UNKNOWN,MUTIARA ALAM LESTARI,MUTIARA ALAM LESTARI,-2.492167,106.364317,30.0,Operating,2013,"Establishment year based off secondary sources (e.g. website, corporate report, etc)",BANGKA TENGAH,ID-1904,KEP. BANGKA BELITUNG,106.364317,-2.492167
M-00526,PO1000007662,UNKNOWN,MUTIARA NUSA AGRO SEJAHTERA,MUTIARA NUSA AGRO SEJAHTERA,2.26895983478729,99.7676119719516,30.0,Operating,2016,"Establishment year based off secondary sources (e.g. website, corporate report, etc)",LABUHAN BATU UTARA,ID-1223,SUMATERA UTARA,99.76761197,2.26895983
M-00527,PO1000004197,PERTUBUHAN PELADANG KEBANGSAAN (NAFAS),NAFASINDO,NAFASINDO,2.43579602845522,97.9148042712312,30.0,Operating,2005,"Establishment year based off secondary sources (e.g. website, corporate report, etc)",ACEH SINGKIL,ID-1102,ACEH,97.91480427,2.43579603
M-00528,PO1000005106,UNKNOWN,NIKMAT HALONA REKSA,SEBERIDA,-0.733812913511658,102.524238547829,45.0,Operating,2011,Establishment year imputed based on Dinas Perkebunan Plantation Statistics reports (e.g. first year a mill appears in a Dinas Perkebunan Plantation Statistics report),INDRAGIRI HULU,ID-1402,RIAU,102.52423855,-0.73381291
M-00529,PO1000006331,NOBEL PLANTATION,HENRISON INTI PERSADA,HENRISON INTI PERSADA,-1.0756,131.5614,30.0,Operating,2013,"Establishment year based off secondary sources (e.g. website, corporate report, etc)",SORONG,ID-9107,PAPUA BARAT,131.5614,-1.0756
M-00530,PO1000004514,ORIENTAL HOLDINGS BERHAD,GUNUNGSAWIT BINALESTARI,GUNUNGSAWIT BINALESTARI,-2.071194,105.321689,80.0,Operating,2003,"Establishment year based off secondary sources (e.g. website, corporate report, etc)",BANGKA BARAT,ID-1903,KEP. BANGKA BELITUNG,105.321689,-2.071194
M-00531,PO1000004508,ORIENTAL HOLDINGS BERHAD,GUNUNG MARAS LESTARI,GUNUNG MARAS LESTARI,-1.9623,105.951364,100.0,Operating,1999,"Establishment year based off secondary sources (e.g. website, corporate report, etc)",BANGKA,ID-1901,KEP. BANGKA BELITUNG,105.951364,-1.9623
M-00533,PO1000004092,PANCADAYA PERKASA,MULTI MAKMUR MITRA ALAM,PASER,-2.150817,116.083859,90.0,Operating,2013,Establishment year imputed based on Dinas Perkebunan Plantation Statistics reports (e.g. first year a mill appears in a Dinas Perkebunan Plantation Statistics report),PASER,ID-6401,KALIMANTAN TIMUR,116.083859,-2.150817
M-00534,PO1000004168,PANCADAYA PERKASA,PADASA ENAM UTAMA,KOTO KAMPAR,0.395585713755879,100.612923523494,90.0,Operating,2000,"Establishment year based off secondary sources (e.g. website, corporate report, etc)",KAMPAR,ID-1406,RIAU,100.61292352,0.39558571
M-00535,PO1000004385,PANCADAYA PERKASA,PADASA ENAM UTAMA,KALIANTA 1,0.457093075001662,100.801753163592,60.0,Operating,1999,"Mill known to exist in 1999 (source: Taib, Gunatif (2000), Kajian Pengembangan Industri Crude Palm Oil Skala Kecil (Studi Kasus Pengembangan Industri Crude Palm Oil di Sumatera Barat), http://repository.ipb.ac.id/handle/123456789/5044)",ROKAN HULU,ID-1407,RIAU,100.80175316,0.45709308
M-00536,PO1000004195,PANCADAYA PERKASA,PADASA ENAM UTAMA,KALIANTA 2,0.527864782293312,100.777533445462,90.0,Operating,2004,"Mill known to exist in 2004 (source: Golder Associates (2006). Appendix VIII: Summary of Renewable Potential in Indonesia POM, Retrieved October 10, 2018, http://www.adb.org/Documents/Reports/Consulta nt/46557-INO/36557-INO-TACR- AppendixVIII.pdf)",ROKAN HULU,ID-1407,RIAU,100.77753345,0.52786478
M-00537,PO1000004424,PANCADAYA PERKASA,SUMBER ALAM MAKMUR SENTOSA,MUARA DILAM,0.959947479734715,100.722996503703,30.0,Operating,2012,Establishment year imputed based on Dinas Perkebunan Plantation Statistics reports (e.g. first year a mill appears in a Dinas Perkebunan Plantation Statistics report),ROKAN HULU,ID-1407,RIAU,100.7229965,0.95994748
M-00538,PO1000000054,MUSIM MAS,MUSIM MAS,BATANG KULIM,0.0753703392978146,102.029839699314,90.0,Operating,1997,"Establishment year based off secondary sources (e.g. website, corporate report, etc)",PELALAWAN,ID-1404,RIAU,102.0298397,0.07537034
M-00539,PO1000004142,PANCADAYA PERKASA,INTERNUSA PRIMA MAKMUR,TELUK DALAM,2.85240386564438,99.6739711730614,30.0,Operating,1988,"Establishment year based off secondary sources (e.g. website, corporate report, etc)",ASAHAN,ID-1208,SUMATERA UTARA,99.67397117,2.85240387
M-00540,PO1000004286,UNKNOWN,INDOMAS MITRA TEKNIK,INDOMAS MITRA TEKNIK,3.22601201215832,97.9809131417215,20.0,Operating,2013,"Establishment year based off secondary sources (e.g. website, corporate report, etc)",KARO,ID-1211,SUMATERA UTARA,97.98091314,3.22601201
M-00542,PO1000004498,UNKNOWN,PALMA JAYA SEJAHTERA,PALMA JAYA SEJAHTERA,-1.87400366665325,103.560467533015,45.0,Operating,2015,"Establishment year based off secondary sources (e.g. website, corporate report, etc)",MUARO JAMBI,ID-1505,JAMBI,103.56046753,-1.87400367
M-00543,PO1000004538,UNKNOWN,PALMA MAS SEJATI,PALMA MAS SEJATI,-3.77674655540856,102.368580517918,30.0,Operating,2011,Establishment year imputed based on Dinas Perkebunan Plantation Statistics reports (e.g. first year a mill appears in a Dinas Perkebunan Plantation Statistics report),BENGKULU TENGAH,ID-1709,BENGKULU,102.36858052,-3.77674656
M-00544,PO1000007535,ST INTERNATIONAL,PALMINDO MITRA LESTARI,PALMINDO MITRA LESTARI,-1.988697,105.895617,30.0,Operating,2013,"Establishment year based off secondary sources (e.g. website, corporate report, etc)",BANGKA,ID-1901,KEP. BANGKA BELITUNG,105.895617,-1.988697
M-00545,PO1000007540,UNKNOWN,PALUTA INTI SAWIT,SIANCIMUN,1.55373342627388,99.835880114912,35.0,Operating,2017,"Establishment year based off secondary sources (e.g. website, corporate report, etc)",PADANG LAWAS UTARA,ID-1220,SUMATERA UTARA,99.83588011,1.55373343
M-00546,PO1000008215,PANCA EKA,AGRO ABADI,AGRO ABADI,0.348280795021281,101.47113461521,45.0,Operating,2012,"Establishment year based off secondary sources (e.g. website, corporate report, etc)",KAMPAR,ID-1406,RIAU,101.47113462,0.3482808
M-00547,PO1000006268,FIRST RESOURCES,PANCASURYA AGRINDO,TAMBUSAI,1.15770181579424,100.509127683875,90.0,Operating,2007,Establishment year imputed based on Dinas Perkebunan Plantation Statistics reports (e.g. first year a mill appears in a Dinas Perkebunan Plantation Statistics report),ROKAN HULU,ID-1407,RIAU,100.50912768,1.15770182
M-00548,PO1000004380,PASIFIK AGRO SENTOSA (PAS),MITRA ANEKA REZEKI,NATAI RAJA,-0.365807323467879,109.300984750539,45.0,Operating,2011,Establishment year imputed based on Dinas Perkebunan Plantation Statistics reports (e.g. first year a mill appears in a Dinas Perkebunan Plantation Statistics report),KUBU RAYA,ID-6112,KALIMANTAN BARAT,109.30098475,-0.36580732
M-00550,PO1000004314,PAYA PINANG,SUMBER SAWIT MAKMUR,LAUT TADOR,3.26923442127426,99.248916718751,20.0,Operating,1987,"Establishment year based off secondary sources (e.g. website, corporate report, etc)",BATU BARA,ID-1219,SUMATERA UTARA,99.24891672,3.26923442
M-00551,PO1000004452,UNKNOWN,PALMA ABADI,PALMA ABADI,-1.32171522250779,103.265372230366,45.0,Operating,2003,Establishment year imputed based on Dinas Perkebunan Plantation Statistics reports (e.g. first year a mill appears in a Dinas Perkebunan Plantation Statistics report),MUARO JAMBI,ID-1505,JAMBI,103.26537223,-1.32171522
M-00552,PO1000004400,PEPUTRA,PEPUTRA MASTERINDO,PEPUTRA MASTERINDO,0.59018627712674,100.99200722674,90.0,Operating,2002,Establishment year based on other government record of establishment (e.g. Permit database),KAMPAR,ID-1406,RIAU,100.99200723,0.59018628
M-00553,PO1000008421,PEPUTRA,PEPUTRA SUPRA JAYA,PEPUTRA SUPRA JAYA,0.158181,101.781541,45.0,Operating,2014,"Establishment year based off secondary sources (e.g. website, corporate report, etc)",PELALAWAN,ID-1404,RIAU,101.781541,0.158181
M-00554,PO1000004938,SRIWIJAYA PALM OIL,SRIWIJAYA PALM OIL INDONESIA,SRIWIJAYA PALM OIL INDONESIA,-2.82594664930594,104.731574061497,60.0,Operating,2007,Establishment year imputed based on Dinas Perkebunan Plantation Statistics reports (e.g. first year a mill appears in a Dinas Perkebunan Plantation Statistics report),BANYUASIN,ID-1607,SUMATERA SELATAN,104.73157406,-2.82594665
M-00555,PO1000008135,AMS-GANDA,PERKEBUNAN HASIL MUSI LESTARI,PERKEBUNAN HASIL MUSI LESTARI,-3.25468148296866,103.237513579916,30.0,Operating,2009,Establishment year imputed based on Dinas Perkebunan Plantation Statistics reports (e.g. first year a mill appears in a Dinas Perkebunan Plantation Statistics report),MUSI RAWAS,ID-1605,SUMATERA SELATAN,103.23751358,-3.25468148
M-00556,PO1000000560,WILMAR,PERKEBUNAN MILANO,PINANG AWAN,1.84325948855159,100.202868109894,60.0,Operating,2000,"Establishment year based off secondary sources (e.g. website, corporate report, etc)",LABUHAN BATU SELATAN,ID-1222,SUMATERA UTARA,100.20286811,1.84325949
M-00557,PO1000004493,WILMAR,PERKEBUNAN MILANO,AEK BATU,1.85179047304473,100.144908293961,30.0,Operating,1998,"Establishment year based off secondary sources (e.g. website, corporate report, etc)",LABUHAN BATU SELATAN,ID-1222,SUMATERA UTARA,100.14490829,1.85179047
M-00559,PO1000004561,MINANGA,MINANGA OGAN,SEI OGAN,-4.05832751919643,104.199125297877,60.0,Operating,1987,"Establishment year based off secondary sources (e.g. website, corporate report, etc)",OGAN KOMERING ULU,ID-1601,SUMATERA SELATAN,104.1991253,-4.05832752
M-00560,PO1000004065,RAJAWALI NUSANTARA INDONESIA (RNI),MITRA OGAN,PKS I,-3.89579524469324,104.35513190179,60.0,Operating,1999,"Mill known to exist in 1999 (source: Taib, Gunatif (2000), Kajian Pengembangan Industri Crude Palm Oil Skala Kecil (Studi Kasus Pengembangan Industri Crude Palm Oil di Sumatera Barat), http://repository.ipb.ac.id/handle/123456789/5044)",OGAN KOMERING ULU,ID-1601,SUMATERA SELATAN,104.3551319,-3.89579524
M-00561,PO1000004567,PTPN III,PERKEBUNAN NUSANTARA I,PULAU TIGA,4.18307082507148,97.9365431454958,30.0,Operating,1987,Establishment year based on other government record of establishment (e.g. Permit database),ACEH TAMIANG,ID-1114,ACEH,97.93654315,4.18307083
M-00562,PO1000004573,PTPN III,PERKEBUNAN NUSANTARA I,TANJUNG SEUMANTOH,4.36670810765758,98.0883705274828,60.0,Operating,1980,Establishment year based on dinas perkebunan record of establishment (e.g. Dinas Perkebunan Plantation Statistics report of establishment dates),ACEH TAMIANG,ID-1114,ACEH,98.08837053,4.36670811
M-00564,PO1000004311,PTPN III,PERKEBUNAN NUSANTARA I,COT GIREK,4.92941690431978,97.3712142348288,45.0,Operating,1991,"Establishment year based off secondary sources (e.g. website, corporate report, etc)",ACEH UTARA,ID-1111,ACEH,97.37121423,4.9294169
M-00565,PO1000004944,PTPN III,PERKEBUNAN NUSANTARA II,PAGAR MERBAU,3.52600051560935,98.8986075757145,30.0,Operating,1977,"Establishment year based off secondary sources (e.g. website, corporate report, etc)",DELI SERDANG,ID-1212,SUMATERA UTARA,98.89860758,3.52600052
M-00566,PO1000007585,PTPN III,PERKEBUNAN NUSANTARA II,KWALA SAWIT,3.69233574097565,98.1529807326984,60.0,Operating,1982,Establishment year based on other government record of establishment (e.g. Permit database),LANGKAT,ID-1213,SUMATERA UTARA,98.15298073,3.69233574
M-00568,PO1000004540,PTPN III,PERKEBUNAN NUSANTARA II,SAWIT SEBERANG,3.79831296424743,98.2766535021439,35.0,Operating,1933,Establishment year based on other government record of establishment (e.g. Permit database),LANGKAT,ID-1213,SUMATERA UTARA,98.2766535,3.79831296
M-00569,PO1000004545,PTPN III,PERKEBUNAN NUSANTARA II,SAWIT HULU,3.84381424345609,98.2336687961995,30.0,Operating,1980,Establishment year based on other government record of establishment (e.g. Permit database),LANGKAT,ID-1213,SUMATERA UTARA,98.2336688,3.84381424
M-00570,PO1000006264,PTPN III,PERKEBUNAN NUSANTARA III,HAPESONG,1.450068,99.0691651,30.0,Operating,2012,"Establishment year based off secondary sources (e.g. website, corporate report, etc)",TAPANULI SELATAN,ID-1203,SUMATERA UTARA,99.0691651,1.450068
M-00571,PO1000004927,PTPN III,PERKEBUNAN NUSANTARA III,SEI MERANTI,1.64211617026105,100.41650544999,60.0,Operating,2013,Establishment year imputed based on Dinas Perkebunan Plantation Statistics reports (e.g. first year a mill appears in a Dinas Perkebunan Plantation Statistics report),ROKAN HILIR,ID-1409,RIAU,100.41650545,1.64211617
M-00572,PO1000004477,PTPN III,PERKEBUNAN NUSANTARA III,SEI DAUN,1.67959716130838,100.327855455655,60.0,Operating,2004,"Mill known to exist in 2004 (source: Golder Associates (2006). Appendix VIII: Summary of Renewable Potential in Indonesia POM, Retrieved October 10, 2018, http://www.adb.org/Documents/Reports/Consulta nt/46557-INO/36557-INO-TACR- AppendixVIII.pdf)",LABUHAN BATU SELATAN,ID-1222,SUMATERA UTARA,100.32785546,1.67959716
M-00573,PO1000001784,PTPN III,PERKEBUNAN NUSANTARA III,SEI BARUHUR,1.69057215479424,100.286179114708,60.0,Operating,1996,"Establishment year based off secondary sources (e.g. website, corporate report, etc)",LABUHAN BATU SELATAN,ID-1222,SUMATERA UTARA,100.28617911,1.69057215
M-00574,PO1000001566,PTPN III,PERKEBUNAN NUSANTARA III,AEK RASO,1.70317902563725,100.17140545975,30.0,Operating,1999,"Mill known to exist in 1999 (source: Taib, Gunatif (2000), Kajian Pengembangan Industri Crude Palm Oil Skala Kecil (Studi Kasus Pengembangan Industri Crude Palm Oil di Sumatera Barat), http://repository.ipb.ac.id/handle/123456789/5044)",LABUHAN BATU SELATAN,ID-1222,SUMATERA UTARA,100.17140546,1.70317903
M-00575,PO1000004929,PTPN III,PERKEBUNAN NUSANTARA III,TORGAMBA,1.7138456604838,100.290742413116,60.0,Operating,1983,"Mill known to exist in 1999 (source: Taib, Gunatif (2000), Kajian Pengembangan Industri Crude Palm Oil Skala Kecil (Studi Kasus Pengembangan Industri Crude Palm Oil di Sumatera Barat), http://repository.ipb.ac.id/handle/123456789/5044)",LABUHAN BATU SELATAN,ID-1222,SUMATERA UTARA,100.29074241,1.71384566
M-00576,PO1000001565,PTPN III,PERKEBUNAN NUSANTARA III,AEK TOROP,1.79343757046645,100.153808808805,60.0,Operating,1984,"Establishment year based off secondary sources (e.g. website, corporate report, etc)",LABUHAN BATU SELATAN,ID-1222,SUMATERA UTARA,100.15380881,1.79343757
M-00577,PO1000003112,PTPN III,PERKEBUNAN NUSANTARA III,SISUMUT,1.96460107035613,100.108308213662,30.0,Operating,1999,"Mill known to exist in 1999 (source: Taib, Gunatif (2000), Kajian Pengembangan Industri Crude Palm Oil Skala Kecil (Studi Kasus Pengembangan Industri Crude Palm Oil di Sumatera Barat), http://repository.ipb.ac.id/handle/123456789/5044)",LABUHAN BATU SELATAN,ID-1222,SUMATERA UTARA,100.10830821,1.96460107
M-00578,PO1000001564,PTPN III,PERKEBUNAN NUSANTARA III,AEK NABARA SELATAN,2.05577739010376,99.9554700879836,60.0,Operating,1980,"Establishment year based off secondary sources (e.g. website, corporate report, etc)",LABUHAN BATU,ID-1207,SUMATERA UTARA,99.95547009,2.05577739
M-00579,PO1000004948,PTPN III,PERKEBUNAN NUSANTARA III,SEI SILAU,2.90267160628296,99.5111633256393,60.0,Operating,1976,"Establishment year based off secondary sources (e.g. website, corporate report, etc)",ASAHAN,ID-1208,SUMATERA UTARA,99.51116333,2.90267161
M-00580,PO1000000879,PTPN III,PERKEBUNAN NUSANTARA III,SEI MANGKEI,3.12911990903453,99.3436469336783,70.0,Operating,1997,"Establishment year based off secondary sources (e.g. website, corporate report, etc)",SIMALUNGUN,ID-1209,SUMATERA UTARA,99.34364693,3.12911991
M-00581,PO1000004342,PTPN III,PERKEBUNAN NUSANTARA III,RAMBUTAN,3.35096118417571,99.1696020104239,30.0,Operating,1983,"Establishment year based off secondary sources (e.g. website, corporate report, etc)",SERDANG BEDAGAI,ID-1218,SUMATERA UTARA,99.16960201,3.35096118
M-00582,PO1000007559,PTPN III,PERKEBUNAN NUSANTARA VI,PINANG TINGGI,-1.96229335113347,103.400559460276,60.0,Operating,1987,"Establishment year based off secondary sources (e.g. website, corporate report, etc)",MUARO JAMBI,ID-1505,JAMBI,103.40055946,-1.96229335
M-00583,PO1000004331,PTPN III,PERKEBUNAN NUSANTARA IV,TIMUR,0.367315725193495,99.3074862036446,45.0,Operating,2014,"Establishment year based off secondary sources (e.g. website, corporate report, etc)",MANDAILING NATAL,ID-1202,SUMATERA UTARA,99.3074862,0.36731573
M-00584,PO1000004428,PTPN III,PERKEBUNAN NUSANTARA IV,SOSA,1.04825840416462,100.013945462961,40.0,Operating,1999,"Mill known to exist in 1999 (source: Taib, Gunatif (2000), Kajian Pengembangan Industri Crude Palm Oil Skala Kecil (Studi Kasus Pengembangan Industri Crude Palm Oil di Sumatera Barat), http://repository.ipb.ac.id/handle/123456789/5044)",PADANG LAWAS,ID-1221,SUMATERA UTARA,100.01394546,1.0482584
M-00585,PO1000004134,PTPN III,PERKEBUNAN NUSANTARA IV,BERANGIR,2.22428038297988,99.7597195310708,30.0,Operating,1999,"Mill known to exist in 1999 (source: Taib, Gunatif (2000), Kajian Pengembangan Industri Crude Palm Oil Skala Kecil (Studi Kasus Pengembangan Industri Crude Palm Oil di Sumatera Barat), http://repository.ipb.ac.id/handle/123456789/5044)",LABUHAN BATU UTARA,ID-1223,SUMATERA UTARA,99.75971953,2.22428038
M-00586,PO1000004202,PTPN III,PERKEBUNAN NUSANTARA IV,AJAMU-I,2.45763046012063,100.161700381485,30.0,Operating,1999,"Mill known to exist in 1999 (source: Taib, Gunatif (2000), Kajian Pengembangan Industri Crude Palm Oil Skala Kecil (Studi Kasus Pengembangan Industri Crude Palm Oil di Sumatera Barat), http://repository.ipb.ac.id/handle/123456789/5044)",LABUHAN BATU,ID-1207,SUMATERA UTARA,100.16170038,2.45763046
M-00587,PO1000002335,PTPN III,PERKEBUNAN NUSANTARA IV,PULAU RAJA,2.70205243156354,99.6242835999929,30.0,Operating,2004,"Mill known to exist in 2004 (source: Golder Associates (2006). Appendix VIII: Summary of Renewable Potential in Indonesia POM, Retrieved October 10, 2018, http://www.adb.org/Documents/Reports/Consulta nt/46557-INO/36557-INO-TACR- AppendixVIII.pdf)",ASAHAN,ID-1208,SUMATERA UTARA,99.6242836,2.70205243
M-00588,PO1000004277,PTPN III,PERKEBUNAN NUSANTARA IV,PASIR MANDOGE,2.768334816315,99.3175832115925,60.0,Operating,1982,"Establishment year based off secondary sources (e.g. website, corporate report, etc)",ASAHAN,ID-1208,SUMATERA UTARA,99.31758321,2.76833482
M-00589,PO1000004280,PTPN III,PERKEBUNAN NUSANTARA IV,AIR BATU,2.8598933707848,99.6384312245864,30.0,Operating,1938,"Establishment year based off secondary sources (e.g. website, corporate report, etc)",ASAHAN,ID-1208,SUMATERA UTARA,99.63843122,2.85989337
M-00590,PO1000004181,PTPN III,PERKEBUNAN NUSANTARA IV,BAH JAMBI,2.98807827894032,99.2207201199707,60.0,Operating,1967,"Establishment year based off secondary sources (e.g. website, corporate report, etc)",SIMALUNGUN,ID-1209,SUMATERA UTARA,99.22072012,2.98807828
M-00591,PO1000004281,PTPN III,PERKEBUNAN NUSANTARA IV,MAYANG,3.03395571480933,99.3329631027533,40.0,Operating,1999,"Mill known to exist in 1999 (source: Taib, Gunatif (2000), Kajian Pengembangan Industri Crude Palm Oil Skala Kecil (Studi Kasus Pengembangan Industri Crude Palm Oil di Sumatera Barat), http://repository.ipb.ac.id/handle/123456789/5044)",SIMALUNGUN,ID-1209,SUMATERA UTARA,99.3329631,3.03395571
M-00592,PO1000004208,PTPN III,PERKEBUNAN NUSANTARA IV,TINJOWAN,3.08038419580255,99.5128391643238,40.0,Operating,1999,"Mill known to exist in 1999 (source: Taib, Gunatif (2000), Kajian Pengembangan Industri Crude Palm Oil Skala Kecil (Studi Kasus Pengembangan Industri Crude Palm Oil di Sumatera Barat), http://repository.ipb.ac.id/handle/123456789/5044)",SIMALUNGUN,ID-1209,SUMATERA UTARA,99.51283916,3.0803842
M-00593,PO1000005868,PTPN III,PERKEBUNAN NUSANTARA IV,DOLOK SINUMBAH,3.11169005835774,99.3293315083519,30.0,Operating,1999,"Mill known to exist in 1999 (source: Taib, Gunatif (2000), Kajian Pengembangan Industri Crude Palm Oil Skala Kecil (Studi Kasus Pengembangan Industri Crude Palm Oil di Sumatera Barat), http://repository.ipb.ac.id/handle/123456789/5044)",SIMALUNGUN,ID-1209,SUMATERA UTARA,99.32933151,3.11169006
M-00594,PO1000002539,PTPN III,PERKEBUNAN NUSANTARA IV,DOLOK ILIR,3.12099474233262,99.1603911649567,60.0,Operating,1999,"Mill known to exist in 1999 (source: Taib, Gunatif (2000), Kajian Pengembangan Industri Crude Palm Oil Skala Kecil (Studi Kasus Pengembangan Industri Crude Palm Oil di Sumatera Barat), http://repository.ipb.ac.id/handle/123456789/5044)",SIMALUNGUN,ID-1209,SUMATERA UTARA,99.16039116,3.12099474
M-00595,PO1000003210,PTPN III,PERKEBUNAN NUSANTARA IV,GUNUNG BAYU,3.14440107428857,99.3736715165064,40.0,Operating,1924,"Establishment year based off secondary sources (e.g. website, corporate report, etc)",SIMALUNGUN,ID-1209,SUMATERA UTARA,99.37367152,3.14440107
M-00597,PO1000002520,PTPN III,PERKEBUNAN NUSANTARA IV,PABATU,3.28682317761421,99.1084540028362,25.0,Operating,2004,"Mill known to exist in 2004 (source: Golder Associates (2006). Appendix VIII: Summary of Renewable Potential in Indonesia POM, Retrieved October 10, 2018, http://www.adb.org/Documents/Reports/Consulta nt/46557-INO/36557-INO-TACR- AppendixVIII.pdf)",SERDANG BEDAGAI,ID-1218,SUMATERA UTARA,99.108454,3.28682318
M-00598,PO1000004497,PTPN III,PERKEBUNAN NUSANTARA IV,ADOLINA,3.56794269191135,98.947629429645,30.0,Operating,1956,"Establishment year based off secondary sources (e.g. website, corporate report, etc)",SERDANG BEDAGAI,ID-1218,SUMATERA UTARA,98.94762943,3.56794269
M-00599,PO1000004524,PTPN III,PERKEBUNAN NUSANTARA IV,SAWIT LANGKAT,3.70022097601756,98.2940899980461,30.0,Operating,1981,"Establishment year based off secondary sources (e.g. website, corporate report, etc)",LANGKAT,ID-1213,SUMATERA UTARA,98.29409,3.70022098
M-00600,PO1000006159,PTPN III,PERKEBUNAN NUSANTARA V,SUNGAI PAGAR,0.327497326255707,101.351327039599,30.0,Operating,1996,"Establishment year based off secondary sources (e.g. website, corporate report, etc)",KAMPAR,ID-1406,RIAU,101.35132704,0.32749733
M-00601,PO1000004206,PTPN III,PERKEBUNAN NUSANTARA V,TERANTAM,0.579777653010749,100.751261406131,60.0,Operating,1989,"Establishment year based off secondary sources (e.g. website, corporate report, etc)",ROKAN HULU,ID-1407,RIAU,100.75126141,0.57977765
M-00602,PO1000004402,PTPN III,PERKEBUNAN NUSANTARA V,TANDUN,0.599431521133068,100.692831772814,60.0,Operating,1985,"Establishment year based off secondary sources (e.g. website, corporate report, etc)",KAMPAR,ID-1406,RIAU,100.69283177,0.59943152
M-00603,PO1000004212,PTPN III,PERKEBUNAN NUSANTARA V,SEI TAPUNG,0.598976,100.618965,60.0,Operating,1987,"Establishment year based off secondary sources (e.g. website, corporate report, etc)",ROKAN HULU,ID-1407,RIAU,100.618965,0.598976
M-00604,PO1000004219,PTPN III,PERKEBUNAN NUSANTARA V,LUBUK DALAM,0.628311358027827,101.779739317876,60.0,Operating,1996,Establishment year based on other government record of establishment (e.g. Permit database),SIAK,ID-1405,RIAU,101.77973932,0.62831136
M-00605,PO1000007605,PTPN III,PERKEBUNAN NUSANTARA V,SEI GARO,0.642952938445227,101.110442444336,30.0,Operating,1994,"Establishment year based off secondary sources (e.g. website, corporate report, etc)",KAMPAR,ID-1406,RIAU,101.11044244,0.64295294
M-00606,PO1000004225,PTPN III,PERKEBUNAN NUSANTARA V,SEI BUATAN,0.654704223546435,101.863821832221,60.0,Operating,1988,"Establishment year based off secondary sources (e.g. website, corporate report, etc)",SIAK,ID-1405,RIAU,101.86382183,0.65470422
M-00607,PO1000006147,PTPN III,PERKEBUNAN NUSANTARA V,SEI INTAN,0.784766855593364,100.61088863377,30.0,Operating,1999,"Mill known to exist in 1999 (source: Taib, Gunatif (2000), Kajian Pengembangan Industri Crude Palm Oil Skala Kecil (Studi Kasus Pengembangan Industri Crude Palm Oil di Sumatera Barat), http://repository.ipb.ac.id/handle/123456789/5044)",ROKAN HULU,ID-1407,RIAU,100.61088863,0.78476686
M-00608,PO1000008529,PTPN III,PERKEBUNAN NUSANTARA V,TANJUNG MEDAN,1.58438041982437,100.588745421475,30.0,Operating,1996,"Establishment year based off secondary sources (e.g. website, corporate report, etc)",ROKAN HILIR,ID-1409,RIAU,100.58874542,1.58438042
M-00609,PO1000004268,PTPN III,PERKEBUNAN NUSANTARA V,TANAH PUTIH,1.74334714137243,100.511000181616,60.0,Operating,1994,"Establishment year based off secondary sources (e.g. website, corporate report, etc)",ROKAN HILIR,ID-1409,RIAU,100.51100018,1.74334714
M-00610,PO1000008187,PTPN III,PERKEBUNAN NUSANTARA VI,TANJUNG LEBAR,-2.01819566815069,103.545062616361,60.0,Operating,2002,Establishment year imputed based on Dinas Perkebunan Plantation Statistics reports (e.g. first year a mill appears in a Dinas Perkebunan Plantation Statistics report),MUARO JAMBI,ID-1505,JAMBI,103.54506262,-2.01819567
M-00611,PO1000008199,PTPN III,PERKEBUNAN NUSANTARA VI,BUNUT,-1.91017949500444,103.403229716452,60.0,Operating,1999,"Mill known to exist in 1999 (source: Taib, Gunatif (2000), Kajian Pengembangan Industri Crude Palm Oil Skala Kecil (Studi Kasus Pengembangan Industri Crude Palm Oil di Sumatera Barat), http://repository.ipb.ac.id/handle/123456789/5044)",MUARO JAMBI,ID-1505,JAMBI,103.40322972,-1.9101795
M-00612,PO1000007619,PTPN III,PERKEBUNAN NUSANTARA VI,AUR GADING,-1.86258806430367,103.019706584155,30.0,Operating,2012,"Establishment year based off secondary sources (e.g. website, corporate report, etc)",BATANG HARI,ID-1504,JAMBI,103.01970658,-1.86258806
M-00613,PO1000004855,PTPN III,PERKEBUNAN NUSANTARA VI,SOLOK SELATAN,-1.3936706671049,101.477784971572,20.0,Operating,2012,"Establishment year based off secondary sources (e.g. website, corporate report, etc)",SOLOK SELATAN,ID-1310,SUMATERA BARAT,101.47778497,-1.39367067
M-00614,PO1000005442,PTPN III,PERKEBUNAN NUSANTARA VI,RIMBU DUA,-1.37674144820429,102.167791595186,30.0,Operating,2006,"Establishment year based off secondary sources (e.g. website, corporate report, etc)",TEBO,ID-1508,JAMBI,102.1677916,-1.37674145
M-00616,PO1000008124,PTPN III,PERKEBUNAN NUSANTARA VII,REJOSARI,-5.29593304261779,105.15778899402,25.0,Operating,1990,"Establishment year based off secondary sources (e.g. website, corporate report, etc)",LAMPUNG SELATAN,ID-1803,LAMPUNG,105.15778899,-5.29593304
M-00617,PO1000007477,PTPN III,PERKEBUNAN NUSANTARA VII,BEKRI,-5.07378013856877,105.134022461602,40.0,Operating,1923,"Establishment year based off secondary sources (e.g. website, corporate report, etc)",LAMPUNG TENGAH,ID-1805,LAMPUNG,105.13402246,-5.07378014
M-00618,PO1000004061,PTPN III,PERKEBUNAN NUSANTARA VII,UNIT TALO PINO,-4.24667511191962,102.712398511521,30.0,Operating,1996,"Establishment year based off secondary sources (e.g. website, corporate report, etc)",SELUMA,ID-1705,BENGKULU,102.71239851,-4.24667511
M-00619,PO1000006240,PTPN III,PERKEBUNAN NUSANTARA VII,SUNGAI LENGI,-3.54907914201749,103.843780250551,60.0,Operating,1992,"Establishment year based off secondary sources (e.g. website, corporate report, etc)",MUARA ENIM,ID-1603,SUMATERA SELATAN,103.84378025,-3.54907914
M-00620,PO1000006239,PTPN III,PERKEBUNAN NUSANTARA VII,SUNGAI NIRU,-3.48650628697376,104.035396036423,30.0,Operating,1993,Establishment year based on other government record of establishment (e.g. Permit database),MUARA ENIM,ID-1603,SUMATERA SELATAN,104.03539604,-3.48650629
M-00621,PO1000006237,PTPN III,PERKEBUNAN NUSANTARA VII,UNIT TALANG SAWIT,-2.9690195359409,104.119773944502,30.0,Operating,2004,"Mill known to exist in 2004 (source: Golder Associates (2006). Appendix VIII: Summary of Renewable Potential in Indonesia POM, Retrieved October 10, 2018, http://www.adb.org/Documents/Reports/Consulta nt/46557-INO/36557-INO-TACR- AppendixVIII.pdf)",MUSI BANYUASIN,ID-1606,SUMATERA SELATAN,104.11977394,-2.96901954
M-00622,PO1000006340,PTPN III,PERKEBUNAN NUSANTARA VII,UNIT BETUNG,-2.84892496431195,104.16402435835,60.0,Operating,2004,"Mill known to exist in 2004 (source: Golder Associates (2006). Appendix VIII: Summary of Renewable Potential in Indonesia POM, Retrieved October 10, 2018, http://www.adb.org/Documents/Reports/Consulta nt/46557-INO/36557-INO-TACR- AppendixVIII.pdf)",MUSI BANYUASIN,ID-1606,SUMATERA SELATAN,104.16402436,-2.84892496
M-00623,PO1000004066,PTPN III,PERKEBUNAN NUSANTARA XIII,PELAIHARI,-3.72398256342893,114.785977605327,30.0,Operating,2011,"Establishment year based off secondary sources (e.g. website, corporate report, etc)",TANAH LAUT,ID-6301,KALIMANTAN SELATAN,114.78597761,-3.72398256
M-00624,PO1000004350,PTPN III,PERKEBUNAN NUSANTARA XIII,KEBUN GUNUNG MELIAU,-0.108593503236493,110.292417749678,60.0,Operating,1988,Establishment year based on other government record of establishment (e.g. Permit database),SANGGAU,ID-6105,KALIMANTAN BARAT,110.29241775,-0.1085935
M-00625,PO1000007586,PTPN III,PERKEBUNAN NUSANTARA XIII,KEBUN RIMBA BELIAN,-0.0290100000000021,110.454214,60.0,Operating,2004,Establishment year based on other government record of establishment (e.g. Permit database),SANGGAU,ID-6105,KALIMANTAN BARAT,110.454214,-0.02901
M-00626,PO1000008159,PTPN III,PERKEBUNAN NUSANTARA XIII,PARINDU,0.25052036417597,110.302854384003,60.0,Operating,1994,Establishment year based on other government record of establishment (e.g. Permit database),SANGGAU,ID-6105,KALIMANTAN BARAT,110.30285438,0.25052036
M-00627,PO1000008210,PTPN III,PERKEBUNAN NUSANTARA XIII,NGABANG,0.342829251348034,109.939083831735,30.0,Operating,1999,"Mill known to exist in 1999 (source: Taib, Gunatif (2000), Kajian Pengembangan Industri Crude Palm Oil Skala Kecil (Studi Kasus Pengembangan Industri Crude Palm Oil di Sumatera Barat), http://repository.ipb.ac.id/handle/123456789/5044)",LANDAK,ID-6103,KALIMANTAN BARAT,109.93908383,0.34282925
M-00628,PO1000008227,PTPN III,PERKEBUNAN NUSANTARA XIII,KEMBAYAN,0.463873262264117,110.373527547682,45.0,Operating,2011,Establishment year based on other government record of establishment (e.g. Permit database),LANDAK,ID-6103,KALIMANTAN BARAT,110.37352755,0.46387326
M-00629,PO1000004349,SUPERVENTURE,PERKEBUNAN PELALU RAYA,PERKEBUNAN PELALU RAYA,-0.100963431858527,100.048551562208,45.0,Operating,2007,"Establishment year based off secondary sources (e.g. website, corporate report, etc)",AGAM,ID-1307,SUMATERA BARAT,100.04855156,-0.10096343
M-00630,PO1000005212,UNKNOWN,PD PERKEBUNAN SUMATERA UTARA,TANJUNG KASAU,3.3015637779787,99.2759645889075,20.0,Operating,2005,"Establishment year based off secondary sources (e.g. website, corporate report, etc)",BATU BARA,ID-1219,SUMATERA UTARA,99.27596459,3.30156378
M-00631,PO1000004289,MAHKOTA,KARYA PRATAMA NIAGAJAYA,KARYA PRATAMA NIAGAJAYA,3.31787419002001,99.3136409744736,60.0,Operating,2003,"Establishment year based off secondary sources (e.g. website, corporate report, etc)",BATU BARA,ID-1219,SUMATERA UTARA,99.31364097,3.31787419
M-00632,PO1000008282,UNKNOWN,PERMATA CITRA RANGAU,PERMATA CITRA RANGAU,1.250402,101.250447,45.0,Operating,2017,"Establishment year based off secondary sources (e.g. website, corporate report, etc)",BENGKALIS,ID-1408,RIAU,101.250447,1.250402
M-00633,PO1000006257,PERMATA HIJAU,NUBIKA JAYA,NUBIKA JAYA,1.94622190067295,100.100034195156,45.0,Operating,2002,"Establishment year based off secondary sources (e.g. website, corporate report, etc)",LABUHAN BATU SELATAN,ID-1222,SUMATERA UTARA,100.1000342,1.9462219
M-00634,PO1000008618,UNKNOWN,PERSADA ALAM JAYA,PERSADA ALAM JAYA,-1.04370331712827,102.889334361834,45.0,Operating,2015,"Establishment year based off secondary sources (e.g. website, corporate report, etc)",TANJUNG JABUNG BARAT,ID-1507,JAMBI,102.88933436,-1.04370332
M-00635,PO1000006153,ANAM KOTO,PERSADA NUSA NABATI INDONESIA,PERSADA NUSA NABATI INDONESIA,0.648558,101.485061,30.0,Operating,2005,"Establishment year based off secondary sources (e.g. website, corporate report, etc)",PEKANBARU (KOTA),ID-1471,RIAU,101.485061,0.648558
M-00636,PO1000004294,UNKNOWN,PERUSAHAAN PERKEBUNAN & DAGANG INDAH PONTJAN,DELI MUDA,3.56448606647779,99.015451629325,40.0,Operating,1999,"Mill known to exist in 1999 (source: Taib, Gunatif (2000), Kajian Pengembangan Industri Crude Palm Oil Skala Kecil (Studi Kasus Pengembangan Industri Crude Palm Oil di Sumatera Barat), http://repository.ipb.ac.id/handle/123456789/5044)",SERDANG BEDAGAI,ID-1218,SUMATERA UTARA,99.01545163,3.56448607
M-00637,PO1000004465,UNKNOWN,PETALING MANDRAGUNA,MARO SEBO,-1.44632202834274,103.627295891647,30.0,Operating,2012,Establishment year imputed based on Dinas Perkebunan Plantation Statistics reports (e.g. first year a mill appears in a Dinas Perkebunan Plantation Statistics report),MUARO JAMBI,ID-1505,JAMBI,103.62729589,-1.44632203
M-00638,PO1000004236,PINAGO UTAMA,PINAGO UTAMA,PINAGO UTAMA,-2.73906402694971,103.565558673743,120.0,Operating,2003,"Establishment year based off secondary sources (e.g. website, corporate report, etc)",MUSI BANYUASIN,ID-1606,SUMATERA SELATAN,103.56555867,-2.73906403
M-00639,PO1000004135,KUALA LUMPUR KEPONG (KLK),PINANG WITMAS SEJATI,PINANG WITMAS SEJATI,-2.22301803421866,104.174591860187,45.0,Operating,2005,Establishment year imputed based on Dinas Perkebunan Plantation Statistics reports (e.g. first year a mill appears in a Dinas Perkebunan Plantation Statistics report),MUSI BANYUASIN,ID-1606,SUMATERA SELATAN,104.17459186,-2.22301803
M-00640,PO1000004158,CARGILL,POLIPLANT SEJAHTERA,SIRIHAM,-2.28383491958231,110.871519412022,60.0,Operating,2002,"Establishment year based off secondary sources (e.g. website, corporate report, etc)",KETAPANG,ID-6106,KALIMANTAN BARAT,110.87151941,-2.28383492
M-00641,PO1000004302,UNKNOWN,PERKEBUNAN PERTANIAN PATI SARI,PATI SARI,4.08875999175076,97.9603067040396,30.0,Operating,1987,Establishment year based on other government record of establishment (e.g. Permit database),ACEH TAMIANG,ID-1114,ACEH,97.9603067,4.08875999
M-00642,PO1000004515,SALIM GROUP,PERUSAHAAN PERKEBUNAN LONDON SUMATRA INDONESIA,ARTHA KENCANA,-3.58091170784439,103.406721228357,20.0,No longer operating,2005,Establishment year imputed based on Dinas Perkebunan Plantation Statistics reports (e.g. first year a mill appears in a Dinas Perkebunan Plantation Statistics report),LAHAT,ID-1604,SUMATERA SELATAN,103.40672123,-3.58091171
M-00643,PO1000004077,SALIM GROUP,PERUSAHAAN PERKEBUNAN LONDON SUMATRA INDONESIA,GUNUNG BAIS,-2.97651499803967,103.341367449015,20.0,Operating,2006,Establishment year imputed based on Dinas Perkebunan Plantation Statistics reports (e.g. first year a mill appears in a Dinas Perkebunan Plantation Statistics report),MUSI RAWAS,ID-1605,SUMATERA SELATAN,103.34136745,-2.976515
M-00645,PO1000004133,SALIM GROUP,PERUSAHAAN PERKEBUNAN LONDON SUMATRA INDONESIA,SEI LAKITAN,-2.83451944444445,103.127602777778,60.0,Operating,1998,"Establishment year based off secondary sources (e.g. website, corporate report, etc)",MUSI RAWAS,ID-1605,SUMATERA SELATAN,103.12760278,-2.83451944
M-00646,PO1000002218,SALIM GROUP,PERUSAHAAN PERKEBUNAN LONDON SUMATRA INDONESIA,BELANI ELOK,-2.61582539036443,103.146447744306,60.0,Operating,2000,"Establishment year based off secondary sources (e.g. website, corporate report, etc)",MUSI RAWAS UTARA,ID-1613,SUMATERA SELATAN,103.14644774,-2.61582539
M-00647,PO1000004532,SALIM GROUP,PERUSAHAAN PERKEBUNAN LONDON SUMATRA INDONESIA,TIRTA AGUNG,-2.18666471523032,104.032629240265,60.0,Operating,2007,"Establishment year based off secondary sources (e.g. website, corporate report, etc)",MUSI BANYUASIN,ID-1606,SUMATERA SELATAN,104.03262924,-2.18666472
M-00648,PO1000007516,SALIM GROUP,PERUSAHAAN PERKEBUNAN LONDON SUMATRA INDONESIA,PAHU MAKMUR,-0.597506904245627,116.139573907799,45.0,Operating,2010,Establishment year imputed based on Dinas Perkebunan Plantation Statistics reports (e.g. first year a mill appears in a Dinas Perkebunan Plantation Statistics report),KUTAI BARAT,ID-6402,KALIMANTAN TIMUR,116.13957391,-0.5975069
M-00649,PO1000002226,SALIM GROUP,PERUSAHAAN PERKEBUNAN LONDON SUMATRA INDONESIA,GUNUNG MALAYU,2.70108784134391,99.5739199007324,30.0,Operating,1999,"Mill known to exist in 1999 (source: Taib, Gunatif (2000), Kajian Pengembangan Industri Crude Palm Oil Skala Kecil (Studi Kasus Pengembangan Industri Crude Palm Oil di Sumatera Barat), http://repository.ipb.ac.id/handle/123456789/5044)",ASAHAN,ID-1208,SUMATERA UTARA,99.5739199,2.70108784
M-00650,PO1000002219,SALIM GROUP,PERUSAHAAN PERKEBUNAN LONDON SUMATRA INDONESIA,BEGERPANG,3.45912649067456,98.8241093067765,50.0,Operating,2003,"Establishment year based off secondary sources (e.g. website, corporate report, etc)",DELI SERDANG,ID-1212,SUMATERA UTARA,98.82410931,3.45912649
M-00651,PO1000002367,SALIM GROUP,PERUSAHAAN PERKEBUNAN LONDON SUMATRA INDONESIA,TURANGIE,3.47904656791731,98.2679827809389,30.0,Operating,1989,"Establishment year based off secondary sources (e.g. website, corporate report, etc)",LANGKAT,ID-1213,SUMATERA UTARA,98.26798278,3.47904657
M-00652,PO1000004437,GLOBAL PALM RESOURCES HOLDINGS,PRAKARSA TANI SEJATI,PRAKARSA TANI SEJATI,-1.1006055469787,110.46773590537,45.0,Operating,1997,"Establishment year based off secondary sources (e.g. website, corporate report, etc)",KETAPANG,ID-6106,KALIMANTAN BARAT,110.46773591,-1.10060555
M-00653,PO1000017061,UNKNOWN,PRIMA JAYA LESTARI UTAMA,PRIMA JAYA LESTARI UTAMA,2.312325,99.742655,30.0,Operating,2016,"Earliest year mill found to exist based on photo-interpretation of high-resolution satellite imagery, manufacturing census data, traceability reports and other secondary sources (or combination of these sources)",LABUHAN BATU UTARA,ID-1223,SUMATERA UTARA,99.742655,2.312325
M-00654,PO1000004125,UNKNOWN,PRIMA PALM LATEX INDUSTRI,PRIMA PALM LATEX INDUSTRI,2.78002579086684,99.2546137079849,60.0,Operating,2006,"Establishment year based off secondary sources (e.g. website, corporate report, etc)",ASAHAN,ID-1208,SUMATERA UTARA,99.25461371,2.78002579
M-00655,PO1000006152,UNKNOWN,RIAU KAMPAR SAHABAT SEJATI,SUKARAMAI,0.659363782705819,100.897646640364,45.0,Operating,2001,"Establishment year based off secondary sources (e.g. website, corporate report, etc)",KAMPAR,ID-1406,RIAU,100.89764664,0.65936378
M-00656,PO1000004213,UNKNOWN,PRIMA SAUHUR LESTARI,PRIMA SAUHUR LESTARI,3.0825003321505,99.3026136632585,45.0,Operating,2001,"Earliest year mill found to exist based on photo-interpretation of high-resolution satellite imagery, manufacturing census data, traceability reports and other secondary sources (or combination of these sources)",SIMALUNGUN,ID-1209,SUMATERA UTARA,99.30261366,3.08250033
M-00657,PO1000008287,UNKNOWN,KARYA ABADI SAMA SEJATI,KARYA ABADI SAMA SEJATI,1.47598731331588,100.599200378961,60.0,Operating,2013,Establishment year imputed based on Dinas Perkebunan Plantation Statistics reports (e.g. first year a mill appears in a Dinas Perkebunan Plantation Statistics report),ROKAN HILIR,ID-1409,RIAU,100.59920038,1.47598731
M-00658,PO1000004343,MULTI PRIMA ENTAKAI,MULTI PRIMA ENTAKAI,SEMUNTAI,0.0613712176935731,110.748825922263,60.0,Operating,1994,Establishment year based on other government record of establishment (e.g. Permit database),SANGGAU,ID-6105,KALIMANTAN BARAT,110.74882592,0.06137122
M-00660,PO1000008148,MULTI PRIMA ENTAKAI,SINTANG AGRO MANDIRI,SIMBA,0.141023189626222,111.485497428301,45.0,Operating,2014,Establishment year based on other government record of establishment (e.g. Permit database),SINTANG,ID-6107,KALIMANTAN BARAT,111.48549743,0.14102319
M-00661,PO1000006232,SUMBER TANI AGUNG (STA),TRANSPACIFIC AGRO INDUSTRY,UPANG JAYA,-2.8033566059621,104.896144501102,45.0,Operating,2015,"Establishment year based off secondary sources (e.g. website, corporate report, etc)",BANYUASIN,ID-1607,SUMATERA SELATAN,104.8961445,-2.80335661
M-00662,PO1000004373,DAMAI PLANTATION,MUTIARA AGAM,MUTIARA AGAM,-0.317418358696582,99.8757546226113,60.0,Operating,1994,"Establishment year based off secondary sources (e.g. website, corporate report, etc)",AGAM,ID-1307,SUMATERA BARAT,99.87575462,-0.31741836
M-00663,PO1000004164,CEMPAKA MAS ABADI,LANGGAM INTI HIBRINDO,LANGGAM INTI HIBRINDO,0.30348623137497,101.905026675062,30.0,Operating,2011,"Establishment year based off secondary sources (e.g. website, corporate report, etc)",PELALAWAN,ID-1404,RIAU,101.90502668,0.30348623
M-00665,PO1000004415,HPI-AGRO (DJARUM),GLOBAL KALIMANTAN MAKMUR,KEPODANG,0.731388244811031,110.462615710792,60.0,Operating,2011,Establishment year based on other government record of establishment (e.g. Permit database),SANGGAU,ID-6105,KALIMANTAN BARAT,110.46261571,0.73138824
M-00666,PO1000007568,SUPERVENTURE,CAHAYA SAWIT LESTARI,CAHAYA SAWIT LESTARI,-3.80416742596851,102.398740664943,45.0,Operating,2011,Establishment year imputed based on Dinas Perkebunan Plantation Statistics reports (e.g. first year a mill appears in a Dinas Perkebunan Plantation Statistics report),BENGKULU TENGAH,ID-1709,BENGKULU,102.39874066,-3.80416743
M-00667,PO1000004856,PUNDI,PUNDI LAHAN KHATULISTIWA,PUNDI LAHAN KHATULISTIWA,-0.0186182962313778,109.54404565546,45.0,Operating,2014,"Establishment year based off secondary sources (e.g. website, corporate report, etc)",KUBU RAYA,ID-6112,KALIMANTAN BARAT,109.54404566,-0.0186183
M-00668,PO1000008395,UNKNOWN,PUTERA KERITANG SAWIT,PUTERA KERITANG SAWIT,-0.871371241126964,102.66033699214,30.0,Operating,2011,Establishment year based on other government record of establishment (e.g. Permit database),INDRAGIRI HILIR,ID-1403,RIAU,102.66033699,-0.87137124
M-00669,PO1000004527,UNKNOWN,PUTRA BANGKA MANDIRI,SUNGAI TERLUNG,-2.166067,106.004517,30.0,Operating,2012,"Establishment year based off secondary sources (e.g. website, corporate report, etc)",BANGKA,ID-1901,KEP. BANGKA BELITUNG,106.004517,-2.166067
M-00670,PO1000004325,QL RESOURCES,PIPIT MUTIARA INDAH,PIPIT MUTIARA INDAH,3.32372937741604,117.174124062901,90.0,Operating,2012,"Establishment year based off secondary sources (e.g. website, corporate report, etc)",BULUNGAN,ID-6502,KALIMANTAN UTARA,117.17412406,3.32372938
M-00671,PO1000006161,SUPERVENTURE,USAHA SAWIT MANDIRI,USAHA SAWIT MANDIRI,0.304898161571534,99.4471579084544,60.0,Operating,2015,"Earliest year mill found to exist based on photo-interpretation of high-resolution satellite imagery, manufacturing census data, traceability reports and other secondary sources (or combination of these sources)",PASAMAN BARAT,ID-1312,SUMATERA BARAT,99.44715791,0.30489816
M-00673,PO1000008174,SUPERVENTURE,USAHA SAWIT MANDIRI,USAHA SAWIT MANDIRI,-2.3960902194164,101.165021290683,45.0,Operating,2017,"Establishment year based off secondary sources (e.g. website, corporate report, etc)",MUKO-MUKO,ID-1706,BENGKULU,101.16502129,-2.39609022
M-00674,PO1000007646,UNKNOWN,GLOBAL SAWIT SEMESTA,SUBULUSSALAM,2.61758218860245,98.0279099085795,30.0,Operating,2008,"Establishment year based off secondary sources (e.g. website, corporate report, etc)",SUBULUSSALAM (KOTA),ID-1175,ACEH,98.02790991,2.61758219
M-00675,PO1000007572,UNKNOWN,RAJA MARGA,RAJA MARGA,3.98535321306975,96.6271548631818,10.0,Operating,2015,"Establishment year based off secondary sources (e.g. website, corporate report, etc)",NAGAN RAYA,ID-1115,ACEH,96.62715486,3.98535321
M-00676,PO1000004857,EAGLE HIGH PLANTATIONS,JAYA MANDIRI SUKSES,BANGKIRAI,-0.56205444,116.37534992,90.0,Operating,2011,Establishment year based on other government record of establishment (e.g. Permit database),KUTAI KARTANEGARA,ID-6403,KALIMANTAN TIMUR,116.37534992,-0.56205444
M-00677,PO1000004254,AGRINA,RANA WASTU KENCANA,RANA WASTU KENCANA,1.14523283600259,109.319381236409,60.0,Operating,2012,"Establishment year based off secondary sources (e.g. website, corporate report, etc)",SAMBAS,ID-6101,KALIMANTAN BARAT,109.31938124,1.14523284
M-00678,PO1000004189,UNKNOWN,RAPI TEKNIK,RAPI TEKNIK,2.99980873897095,99.2168103478878,20.0,Operating,1997,"Establishment year based off secondary sources (e.g. website, corporate report, etc)",SIMALUNGUN,ID-1209,SUMATERA UTARA,99.21681035,2.99980874
M-00679,PO1000004550,UNKNOWN,RAYA PADANG LANGKAT,GEBANG,3.94579081572332,98.3654084372187,20.0,Operating,1986,"Establishment year based off secondary sources (e.g. website, corporate report, etc)",LANGKAT,ID-1213,SUMATERA UTARA,98.36540844,3.94579082
M-00680,PO1000000512,REA HOLDINGS,REA KALTIM PLANTATIONS,CAKRA,0.2642306,116.270103,80.0,Operating,2006,"Establishment year based off secondary sources (e.g. website, corporate report, etc)",KUTAI KARTANEGARA,ID-6403,KALIMANTAN TIMUR,116.270103,0.2642306
M-00681,PO1000000143,REA HOLDINGS,REA KALTIM PLANTATIONS,PERDANA,0.2577853,116.1500399,80.0,Operating,1998,"Establishment year based off secondary sources (e.g. website, corporate report, etc)",KUTAI KARTANEGARA,ID-6403,KALIMANTAN TIMUR,116.1500399,0.2577853
M-00682,PO1000004368,TIANJIN JULONG,REZEKI KENCANA,REZEKI KENCANA,-0.266907882113686,109.25132278194,30.0,Operating,2011,"Establishment year based off secondary sources (e.g. website, corporate report, etc)",KUBU RAYA,ID-6112,KALIMANTAN BARAT,109.25132278,-0.26690788
M-00684,PO1000004155,IBRIS PALM,DELIMA MAKMUR,LAE TANGGA,2.24527691237109,98.0303297450594,30.0,Operating,2007,"Earliest year mill found to exist based on photo-interpretation of high-resolution satellite imagery, manufacturing census data, traceability reports and other secondary sources (or combination of these sources)",ACEH SINGKIL,ID-1102,ACEH,98.03032975,2.24527691
M-00685,PO1000004568,BAHRUNY,SISIRAU,SISIRAU,4.20225818780318,98.0646134229401,30.0,Operating,1997,Establishment year based on other government record of establishment (e.g. Permit database),ACEH TAMIANG,ID-1114,ACEH,98.06461342,4.20225819
M-00686,PO1000007591,UNKNOWN,ROHUL PALMINDO,ROHUL PALMINDO,0.986771077832375,100.732454916921,20.0,Operating,2016,"Establishment year based off secondary sources (e.g. website, corporate report, etc)",ROKAN HULU,ID-1407,RIAU,100.73245492,0.98677108
M-00687,PO1000004844,LX INTERNATIONAL,TINTIN BOYOK SAWIT MAKMUR,TINTIN BOYOK SAWIT MAKMUR,-0.110867481858904,110.732948873031,30.0,Operating,2014,"Establishment year based off secondary sources (e.g. website, corporate report, etc)",SEKADAU,ID-6109,KALIMANTAN BARAT,110.73294887,-0.11086748
M-00688,PO1000005205,LX INTERNATIONAL,GRAND UTAMA MANDIRI,SEJAHTERA,0.469966346516615,111.211667106786,45.0,Operating,2015,"Establishment year based off secondary sources (e.g. website, corporate report, etc)",SEKADAU,ID-6109,KALIMANTAN BARAT,111.21166711,0.46996635
M-00689,PO1000004112,UNKNOWN,RUDY AGUNG AGRA LAKSANA,RAAL,-1.27697629924354,103.248158118864,45.0,Operating,2011,Establishment year imputed based on Dinas Perkebunan Plantation Statistics reports (e.g. first year a mill appears in a Dinas Perkebunan Plantation Statistics report),TANJUNG JABUNG BARAT,ID-1507,JAMBI,103.24815812,-1.2769763
M-00692,PO1000004386,SAGO NAULI,TRI BAHTERA SRIKANDI,TANDIKEK,0.464024791602643,99.3657415939583,30.0,Operating,2013,"Earliest year mill found to exist based on photo-interpretation of high-resolution satellite imagery, manufacturing census data, traceability reports and other secondary sources (or combination of these sources)",MANDAILING NATAL,ID-1202,SUMATERA UTARA,99.36574159,0.46402479
M-00693,PO1000004387,SAGO NAULI,SAGO NAULI,SAGO NAULI,0.469189050786871,99.2238451437767,30.0,Operating,2002,"Establishment year based off secondary sources (e.g. website, corporate report, etc)",MANDAILING NATAL,ID-1202,SUMATERA UTARA,99.22384514,0.46918905
M-00694,PO1000006205,UNKNOWN,SAHABAT SAWIT SEJAHTERA,SEKIET KALTIM,-1.4842742,116.31671738,60.0,Operating,2013,Establishment year imputed based on Dinas Perkebunan Plantation Statistics reports (e.g. first year a mill appears in a Dinas Perkebunan Plantation Statistics report),PASER,ID-6401,KALIMANTAN TIMUR,116.31671738,-1.4842742
M-00695,PO1000004548,SAMPOERNA AGRO,MUTIARA BUNDA JAYA,PERMATA BUNDA,-3.94345826582362,105.110116124541,60.0,Operating,2009,"Establishment year based off secondary sources (e.g. website, corporate report, etc)",OGAN KOMERING ILIR,ID-1602,SUMATERA SELATAN,105.11011612,-3.94345827
M-00697,PO1000003970,SAMPOERNA AGRO,GUNUNG TUA ABADI,SUMBER SAWIT,-3.80759674438411,105.172141514905,60.0,Operating,2010,"Establishment year based off secondary sources (e.g. website, corporate report, etc)",OGAN KOMERING ILIR,ID-1602,SUMATERA SELATAN,105.17214151,-3.80759674
M-00698,PO1000005580,SAMPOERNA AGRO,SELAPAN JAYA,SELAPAN JAYA,-3.70762658156432,105.098709798592,120.0,Operating,1999,"Establishment year based off secondary sources (e.g. website, corporate report, etc)",OGAN KOMERING ILIR,ID-1602,SUMATERA SELATAN,105.0987098,-3.70762658
M-00699,PO1000004518,SAMPOERNA AGRO,TELAGA HIKMAH,TELAGA HIKMAH,-3.59808628770846,105.05882689514,60.0,Operating,2004,"Establishment year based off secondary sources (e.g. website, corporate report, etc)",OGAN KOMERING ILIR,ID-1602,SUMATERA SELATAN,105.0588269,-3.59808629
M-00700,PO1000004226,SAMPOERNA AGRO,SUNGAI RANGIT,SUNGAI RANGIT,-2.6303856766035,111.256746064107,75.0,Operating,2001,Establishment year based on dinas perkebunan record of establishment (e.g. Dinas Perkebunan Plantation Statistics report of establishment dates),SUKAMARA,ID-6206,KALIMANTAN TENGAH,111.25674606,-2.63038568
M-00701,PO1000004128,SAMSUNG,INECDA,INECDA,-0.493428975812301,102.366924131935,60.0,Operating,1994,"Establishment year based off secondary sources (e.g. website, corporate report, etc)",INDRAGIRI HULU,ID-1402,RIAU,102.36692413,-0.49342898
M-00702,PO1000004138,SAMSUNG,GANDAERAH HENDANA,GANDAERAH HENDANA,-0.15624222222,102.20682778,30.0,Operating,1996,"Establishment year based off secondary sources (e.g. website, corporate report, etc)",PELALAWAN,ID-1404,RIAU,102.20682778,-0.15624222
M-00703,PO1000006345,GURITA LINTAS SAMUDERA,SANDABI INDAH LESTARI,LUBUK BANYAU,-3.30982305226745,102.091389369122,45.0,Operating,2008,Establishment year imputed based on Dinas Perkebunan Plantation Statistics reports (e.g. first year a mill appears in a Dinas Perkebunan Plantation Statistics report),BENGKULU UTARA,ID-1703,BENGKULU,102.09138937,-3.30982305
M-00704,PO1000004284,DHANISTHA SURYA NUSANTARA,SANGGAM KAHURIPAN INDONESIA,SANGGAM KAHURIPAN INDONESIA,3.11546700016316,117.266333000409,30.0,Operating,2013,Establishment year imputed based on Dinas Perkebunan Plantation Statistics reports (e.g. first year a mill appears in a Dinas Perkebunan Plantation Statistics report),BULUNGAN,ID-6502,KALIMANTAN UTARA,117.266333,3.115467
M-00705,PO1000004188,HERFINTA,SAPTA SENTOSA JAYA ABADI,MUKOMUKO,-2.38494837439878,101.162943138455,30.0,Operating,2005,Establishment year imputed based on Dinas Perkebunan Plantation Statistics reports (e.g. first year a mill appears in a Dinas Perkebunan Plantation Statistics report),MUKO-MUKO,ID-1706,BENGKULU,101.16294314,-2.38494837
M-00706,PO1000007673,MUSIM MAS,SARANA ESA CITA,SARANA ESA CITA,1.35872226231471,109.383206274227,45.0,Operating,2015,Establishment year imputed based on Dinas Perkebunan Plantation Statistics reports (e.g. first year a mill appears in a Dinas Perkebunan Plantation Statistics report),SAMBAS,ID-6101,KALIMANTAN BARAT,109.38320627,1.35872226
M-00707,PO1000003976,TSH RESOURCES,SARANA PRIMA MULTI NIAGA,SARANA PRIMA MULTI NIAGA,-1.99680842017493,112.92734464598,45.0,Operating,2010,Establishment year based on dinas perkebunan record of establishment (e.g. Dinas Perkebunan Plantation Statistics report of establishment dates),KOTAWARINGIN TIMUR,ID-6202,KALIMANTAN TENGAH,112.92734465,-1.99680842
M-00708,PO1000006226,SARASWANTI,SARASWANTI SAWIT MAKMUR,SARASWANTI SAWIT MAKMUR,-2.26622166535731,116.016461873726,45.0,Operating,2012,"Establishment year based off secondary sources (e.g. website, corporate report, etc)",PASER,ID-6401,KALIMANTAN TIMUR,116.01646187,-2.26622167
M-00709,PO1000007594,UNKNOWN,SARI BUAH SAWIT,SARI BUAH SAWIT,-0.0490983203144574,99.8836341795439,60.0,Operating,2006,"Earliest year mill found to exist based on photo-interpretation of high-resolution satellite imagery, manufacturing census data, traceability reports and other secondary sources (or combination of these sources)",PASAMAN BARAT,ID-1312,SUMATERA BARAT,99.88363418,-0.04909832
M-00712,PO1000004364,CHAROEN POKPHAND,SATRIA MULTI SUKSES,SATRIA MULTI SUKSES,0.221482801840504,109.529226006991,30.0,Operating,2014,"Establishment year based off secondary sources (e.g. website, corporate report, etc)",LANDAK,ID-6103,KALIMANTAN BARAT,109.52922601,0.2214828
M-00714,PO1000004417,ASTRA AGRO LESTARI,SAWIT ASAHAN INDAH,SAWIT ASAHAN INDAH,0.76147,100.51947,45.0,Operating,2007,"Establishment year based off secondary sources (e.g. website, corporate report, etc)",ROKAN HULU,ID-1407,RIAU,100.51947,0.76147
M-00715,PO1000004558,UNKNOWN,SAWIT JAYA MAKMUR SENTOSA,SAWIT JAYA MAKMUR SENTOSA,4.01721712092271,98.2127305372957,45.0,Operating,2012,"Earliest year mill found to exist based on photo-interpretation of high-resolution satellite imagery, manufacturing census data, traceability reports and other secondary sources (or combination of these sources)",LANGKAT,ID-1213,SUMATERA UTARA,98.21273054,4.01721712
M-00716,PO1000007600,UNKNOWN,SAWIT JUJUHAN ABADI,SAWIT JUJUHAN ABADI,-1.24190879754508,101.745468819786,45.0,Operating,2016,"Establishment year based off secondary sources (e.g. website, corporate report, etc)",BUNGO,ID-1509,JAMBI,101.74546882,-1.2419088
M-00717,PO1000008128,KENCANA AGRI,SAWIT KALTIM LESTARI,SAWIT KALTIM LESTARI,-0.06690459,116.82977316,60.0,Operating,2012,"Establishment year based off secondary sources (e.g. website, corporate report, etc)",KUTAI KARTANEGARA,ID-6403,KALIMANTAN TIMUR,116.82977316,-0.06690459
M-00718,PO1000008141,UNKNOWN,SAWIT MAS NUSANTARA,SAWIT MAS NUSANTARA,0.160071,101.720654,60.0,Operating,2016,"Earliest year mill found to exist based on photo-interpretation of high-resolution satellite imagery, manufacturing census data, traceability reports and other secondary sources (or combination of these sources)",PELALAWAN,ID-1404,RIAU,101.720654,0.160071
M-00719,PO1000004067,UNKNOWN,SAWIT MULIA,PASAR BEMBAH,-3.6345374103942,102.212427506154,30.0,Operating,2015,Establishment year imputed based on Dinas Perkebunan Plantation Statistics reports (e.g. first year a mill appears in a Dinas Perkebunan Plantation Statistics report),BENGKULU TENGAH,ID-1709,BENGKULU,102.21242751,-3.63453741
M-00720,PO1000004560,UNKNOWN,SAWIT NAGAN RAYA MAKMUR,SAWIT NAGAN RAYA MAKMUR,4.04836057735749,96.4750593238635,30.0,Operating,2014,"Establishment year based off secondary sources (e.g. website, corporate report, etc)",NAGAN RAYA,ID-1115,ACEH,96.47505932,4.04836058
M-00721,PO1000008160,NPC RESOURCES BERHAD,NALA PALMA CADUDASA,NALA PALMA CADUDASA,0.279503871270151,116.844556711502,60.0,Operating,2016,"Establishment year based off secondary sources (e.g. website, corporate report, etc)",KUTAI TIMUR,ID-6404,KALIMANTAN TIMUR,116.84455671,0.27950387
M-00722,PO1000004435,NAGAMAS,NAGAMAS AGRO MULIA,TALIKUMAIN,1.07799,100.26128,30.0,Operating,2003,"Establishment year based off secondary sources (e.g. website, corporate report, etc)",ROKAN HULU,ID-1407,RIAU,100.26128,1.07799
M-00723,PO1000004438,UNKNOWN,MAZUMA AGRO INDONESIA,MAZUMA AGRO INDONESIA,1.12893982427844,100.155219270052,30.0,Operating,2004,"Establishment year based off secondary sources (e.g. website, corporate report, etc)",PADANG LAWAS,ID-1221,SUMATERA UTARA,100.15521927,1.12893982
M-00724,PO1000008206,UNKNOWN,SAWITA PASAMAN JAYA,SAWITA PASAMAN JAYA,0.324695133846504,99.4528028366941,120.0,Operating,2005,"Establishment year based off secondary sources (e.g. website, corporate report, etc)",PASAMAN BARAT,ID-1312,SUMATERA BARAT,99.45280284,0.32469513
M-00725,PO1000004173,UNKNOWN,SAWITA UNGGUL JAYA,SAWITA UNGGUL JAYA,2.33267856796568,100.099688203225,30.0,Operating,2009,"Establishment year based off secondary sources (e.g. website, corporate report, etc)",LABUHAN BATU,ID-1207,SUMATERA UTARA,100.0996882,2.33267857
M-00727,PO1000004312,UNKNOWN,SAWITTA JAYA LAU PAKAM,SAWITTA JAYA LAU PAKAM,3.26001797997895,97.9662566533676,30.0,Operating,2013,"Establishment year based off secondary sources (e.g. website, corporate report, etc)",KARO,ID-1211,SUMATERA UTARA,97.96625665,3.26001798
M-00728,PO1000004178,UNKNOWN,SENTOSA MULIA BAHAGIA,SENTOSA MULIA BAHAGIA,-2.37572529563411,103.973325986119,60.0,Operating,2008,Establishment year imputed based on Dinas Perkebunan Plantation Statistics reports (e.g. first year a mill appears in a Dinas Perkebunan Plantation Statistics report),MUSI BANYUASIN,ID-1606,SUMATERA SELATAN,103.97332599,-2.3757253
M-00729,PO1000004230,UNKNOWN,SENTOSA SEJAHTERA SEJATI,SENTOSA SEJAHTERA SEJATI,-2.66524564000308,101.300497937009,15.0,Operating,2015,Establishment year imputed based on Dinas Perkebunan Plantation Statistics reports (e.g. first year a mill appears in a Dinas Perkebunan Plantation Statistics report),MUKO-MUKO,ID-1706,BENGKULU,101.30049794,-2.66524564
M-00732,PO1000004425,SEPTA,CITRA BUMI AGRO,CITRA BUMI AGRO,0.996514324534391,100.615599045128,30.0,Operating,2014,Establishment year imputed based on Dinas Perkebunan Plantation Statistics reports (e.g. first year a mill appears in a Dinas Perkebunan Plantation Statistics report),ROKAN HULU,ID-1407,RIAU,100.61559905,0.99651432
M-00733,PO1000004859,PALMA SERASIH,ANUGERAH ENERGITAMA,TEPIAN LANGSAT,0.79124815,117.28283931,45.0,Operating,2014,"Establishment year based off secondary sources (e.g. website, corporate report, etc)",KUTAI TIMUR,ID-6404,KALIMANTAN TIMUR,117.28283931,0.79124815
M-00734,PO1000004534,UNKNOWN,SERDANG CEMERLANG,SERDANG CEMERLANG,3.76538037953682,98.5552659085814,30.0,Operating,2013,"Earliest year mill found to exist based on photo-interpretation of high-resolution satellite imagery, manufacturing census data, traceability reports and other secondary sources (or combination of these sources)",DELI SERDANG,ID-1212,SUMATERA UTARA,98.55526591,3.76538038
M-00735,PO1000004332,UNKNOWN,SERDANG HULU,SERDANG HULU,3.34844952485913,98.4940230742286,25.0,Operating,1999,"Mill known to exist in 1999 (source: Taib, Gunatif (2000), Kajian Pengembangan Industri Crude Palm Oil Skala Kecil (Studi Kasus Pengembangan Industri Crude Palm Oil di Sumatera Barat), http://repository.ipb.ac.id/handle/123456789/5044)",LANGKAT,ID-1213,SUMATERA UTARA,98.49402307,3.34844952
M-00736,PO1000004339,UNKNOWN,SERDANG TENGAH,TANJUNG PURBA,3.3962553718582,98.8564898346595,45.0,Operating,2012,Establishment year based on other government record of establishment (e.g. Permit database),DELI SERDANG,ID-1212,SUMATERA UTARA,98.85648983,3.39625537
M-00737,PO1000004398,UNKNOWN,SEWANGI SAWIT SEJAHTERA,SEWANGI SAWIT SEJAHTERA,0.58117518563863,101.087608416208,45.0,Operating,2004,"Mill known to exist in 2004 (source: Golder Associates (2006). Appendix VIII: Summary of Renewable Potential in Indonesia POM, Retrieved October 10, 2018, http://www.adb.org/Documents/Reports/Consulta nt/46557-INO/36557-INO-TACR- AppendixVIII.pdf)",KAMPAR,ID-1406,RIAU,101.08760842,0.58117519
M-00739,PO1000008146,UNKNOWN,SIBADIHON SAWITA TOROP LESTARI,SIBADIHON SAWITA TOROP LESTARI,1.81043,100.151504,,Operating,2013,"Earliest year mill found to exist based on photo-interpretation of high-resolution satellite imagery, manufacturing census data, traceability reports and other secondary sources (or combination of these sources)",LABUHAN BATU SELATAN,ID-1222,SUMATERA UTARA,100.151504,1.81043
M-00741,PO1000000329,SD GUTHRIE,SAJANG HEULANG,ANGSANA MINI,-3.67278299972917,115.621933000054,15.0,Operating,2004,Establishment year based on dinas perkebunan record of establishment (e.g. Dinas Perkebunan Plantation Statistics report of establishment dates),TANAH BUMBU,ID-6310,KALIMANTAN SELATAN,115.621933,-3.672783
M-00742,PO1000000325,SD GUTHRIE,LADANGRUMPUN SUBURABADI,ANGSANA,-3.61215424739179,115.611009411761,60.0,Operating,2005,Establishment year based on dinas perkebunan record of establishment (e.g. Dinas Perkebunan Plantation Statistics report of establishment dates),TANAH BUMBU,ID-6310,KALIMANTAN SELATAN,115.61100941,-3.61215425
M-00743,PO1000000319,SD GUTHRIE,BERSAMA SEJAHTERA SAKTI,GUNUNG ARU,-3.49547254584544,116.167213895783,60.0,Operating,1994,Establishment year based on dinas perkebunan record of establishment (e.g. Dinas Perkebunan Plantation Statistics report of establishment dates),KOTABARU,ID-6302,KALIMANTAN SELATAN,116.1672139,-3.49547255
M-00745,PO1000000316,SD GUTHRIE,BINA SAINS CEMERLANG,SUNGAI PINANG,-2.98454416680211,103.405599697019,30.0,Operating,2004,"Mill known to exist in 2004 (source: Golder Associates (2006). Appendix VIII: Summary of Renewable Potential in Indonesia POM, Retrieved October 10, 2018, http://www.adb.org/Documents/Reports/Consulta nt/46557-INO/36557-INO-TACR- AppendixVIII.pdf)",MUSI RAWAS,ID-1605,SUMATERA SELATAN,103.4055997,-2.98454417
M-00746,PO1000000320,SD GUTHRIE,GUTHRIE PECCONINA INDONESIA,RANTAU PANJANG,-2.9158974646793,103.747977646793,90.0,Operating,2001,"Establishment year based off secondary sources (e.g. website, corporate report, etc)",MUSI BANYUASIN,ID-1606,SUMATERA SELATAN,103.74797765,-2.91589746
M-00747,PO1000000327,SD GUTHRIE,PARIPURNA SWAKARSA,PONDOK LABU,-2.4752403,116.5068516,60.0,Operating,2002,Establishment year based on dinas perkebunan record of establishment (e.g. Dinas Perkebunan Plantation Statistics report of establishment dates),KOTABARU,ID-6302,KALIMANTAN SELATAN,116.5068516,-2.4752403
M-00748,PO1000000321,SD GUTHRIE,INDOTRUBA TENGAH,SEKUNYIR,-2.44384159942784,112.007071508371,45.0,Operating,1996,Establishment year based on dinas perkebunan record of establishment (e.g. Dinas Perkebunan Plantation Statistics report of establishment dates),KOTAWARINGIN BARAT,ID-6201,KALIMANTAN TENGAH,112.00707151,-2.4438416
M-00749,PO1000000323,SD GUTHRIE,LAGUNA MANDIRI,RANTAU FACTORY,-2.43912481265105,116.115131369639,45.0,Operating,2002,Establishment year based on dinas perkebunan record of establishment (e.g. Dinas Perkebunan Plantation Statistics report of establishment dates),KOTABARU,ID-6302,KALIMANTAN SELATAN,116.11513137,-2.43912481
M-00750,PO1000001380,SD GUTHRIE,LAGUNA MANDIRI,BETUNG,-2.3785602184229,116.205362129546,60.0,Operating,2012,"Establishment year based off secondary sources (e.g. website, corporate report, etc)",KOTABARU,ID-6302,KALIMANTAN SELATAN,116.20536213,-2.37856022
M-00751,PO1000000324,SD GUTHRIE,LANGGENG MUARA MAKMUR,BEBUNGA,-2.37383333332998,116.329722222,60.0,Operating,1999,"Establishment year based off secondary sources (e.g. website, corporate report, etc)",KOTABARU,ID-6302,KALIMANTAN SELATAN,116.32972222,-2.37383333
M-00753,PO1000000331,SD GUTHRIE,TAMACO GRAHA KRIDA,UNGKAYA,-2.222778,121.563611,60.0,Operating,1999,"Mill known to exist in 1999 (source: Taib, Gunatif (2000), Kajian Pengembangan Industri Crude Palm Oil Skala Kecil (Studi Kasus Pengembangan Industri Crude Palm Oil di Sumatera Barat), http://repository.ipb.ac.id/handle/123456789/5044)",MOROWALI,ID-7203,SULAWESI TENGAH,121.563611,-2.222778
M-00754,PO1000001867,SD GUTHRIE,SANDIKA NATAPALMA,LEMBIRU,-2.16920535123091,110.674282602468,45.0,Operating,2009,Establishment year imputed based on Dinas Perkebunan Plantation Statistics reports (e.g. first year a mill appears in a Dinas Perkebunan Plantation Statistics report),KETAPANG,ID-6106,KALIMANTAN BARAT,110.6742826,-2.16920535
M-00755,PO1000000314,SD GUTHRIE,TEGUH SEMPURNA,PEMANTANG,-2.148548,112.291493,60.0,Operating,2007,Establishment year based on dinas perkebunan record of establishment (e.g. Dinas Perkebunan Plantation Statistics report of establishment dates),SERUYAN,ID-6208,KALIMANTAN TENGAH,112.291493,-2.148548
M-00756,PO1000000322,SD GUTHRIE,KRIDATAMA LANCAR,SUKAMANDANG,-2.05911618721756,112.316794676603,60.0,Operating,2002,Establishment year based on dinas perkebunan record of establishment (e.g. Dinas Perkebunan Plantation Statistics report of establishment dates),SERUYAN,ID-6208,KALIMANTAN TENGAH,112.31679468,-2.05911619
M-00757,PO1000000315,SD GUTHRIE,BAHARI GEMBIRA RIA,LADANG PANJANG,-1.79120997993445,103.793321806308,30.0,Operating,2005,Establishment year imputed based on Dinas Perkebunan Plantation Statistics reports (e.g. first year a mill appears in a Dinas Perkebunan Plantation Statistics report),MUARO JAMBI,ID-1505,JAMBI,103.79332181,-1.79120998
M-00758,PO1000000601,WILMAR,AMP PLANTATION,AMP PLANTATION,-0.156036036216436,100.027804916062,120.0,Operating,1996,"Establishment year based off secondary sources (e.g. website, corporate report, etc)",AGAM,ID-1307,SUMATERA BARAT,100.02780492,-0.15603604
M-00759,PO1000001381,SD GUTHRIE,BHUMIREKSA NUSA SEJATI,MANDAH FACTORY,0.11537118488524,103.548976120267,45.0,Operating,2012,Establishment year imputed based on Dinas Perkebunan Plantation Statistics reports (e.g. first year a mill appears in a Dinas Perkebunan Plantation Statistics report),INDRAGIRI HILIR,ID-1403,RIAU,103.54897612,0.11537118
M-00760,PO1000000318,SD GUTHRIE,BHUMIREKSA NUSA SEJATI,TELUK BAKAU,0.2561886821424,103.588895798217,45.0,Operating,2004,"Mill known to exist in 2004 (source: Golder Associates (2006). Appendix VIII: Summary of Renewable Potential in Indonesia POM, Retrieved October 10, 2018, http://www.adb.org/Documents/Reports/Consulta nt/46557-INO/36557-INO-TACR- AppendixVIII.pdf)",INDRAGIRI HILIR,ID-1403,RIAU,103.5888958,0.25618868
M-00761,PO1000000107,SD GUTHRIE,SIME INDO AGRO,BUKIT AJONG,0.268939,110.482802,30.0,Operating,2001,Establishment year based on other government record of establishment (e.g. Permit database),SANGGAU,ID-6105,KALIMANTAN BARAT,110.482802,0.268939
M-00762,PO1000004377,CEMPAKA MAS ABADI,MITRA AUSTRAL SEJAHTERA,MITRA AUSTRAL SEJAHTERA,0.357668319146124,110.430984223634,30.0,Operating,2003,Establishment year based on other government record of establishment (e.g. Permit database),SANGGAU,ID-6105,KALIMANTAN BARAT,110.43098422,0.35766832
M-00763,PO1000007604,PTPN III,PERKEBUNAN NUSANTARA V,SUNGAI GALUH,0.546428913013199,101.229797953327,60.0,Operating,1999,"Establishment year based off secondary sources (e.g. website, corporate report, etc)",KAMPAR,ID-1406,RIAU,101.22979795,0.54642891
M-00764,PO1000000317,SD GUTHRIE,ANEKA INTI PERSADA,TELUK SIAK,0.592495320059044,101.658630815327,30.0,Operating,1995,Establishment year based on other government record of establishment (e.g. Permit database),SIAK,ID-1405,RIAU,101.65863082,0.59249532
M-00765,PO1000000330,SD GUTHRIE,TUNGGAL MITRA PLANTATIONS,MANGGALA,1.520525,100.7319,45.0,Operating,1997,"Establishment year based off secondary sources (e.g. website, corporate report, etc)",ROKAN HILIR,ID-1409,RIAU,100.7319,1.520525
M-00766,PO1000000326,SD GUTHRIE,LAHAN TANI SAKTI,ALUR DUMAI,1.56067566504653,100.541587612153,15.0,Operating,2006,Establishment year imputed based on Dinas Perkebunan Plantation Statistics reports (e.g. first year a mill appears in a Dinas Perkebunan Plantation Statistics report),ROKAN HILIR,ID-1409,RIAU,100.54158761,1.56067567
M-00767,PO1000000706,SD GUTHRIE,PERKASA SUBUR SAKTI,BLANG SIMPO,4.70833991277156,97.8401460673054,30.0,Operating,1997,Establishment year based on other government record of establishment (e.g. Permit database),ACEH TIMUR,ID-1105,ACEH,97.84014607,4.70833991
M-00768,PO1000004432,SIN TEK HUAT,TRIMITRA LESTARI,TRIMITRA LESTARI,-1.06888518470747,103.166850087777,30.0,Operating,2004,Establishment year imputed based on Dinas Perkebunan Plantation Statistics reports (e.g. first year a mill appears in a Dinas Perkebunan Plantation Statistics report),TANJUNG JABUNG BARAT,ID-1507,JAMBI,103.16685009,-1.06888518
M-00769,PO1000004860,SIN TEK HUAT,BINA SAWIT NUSANTARA,BINA SAWIT NUSANTARA,0.165799444748972,101.326008414908,30.0,Operating,2006,Establishment year imputed based on Dinas Perkebunan Plantation Statistics reports (e.g. first year a mill appears in a Dinas Perkebunan Plantation Statistics report),KAMPAR,ID-1406,RIAU,101.32600841,0.16579944
M-00770,PO1000004059,TRINITY INTERLINK,SINAR BENGKULU SELATAN,SINAR BENGKULU SELATAN,-4.37786629789984,102.840846575539,45.0,Operating,2014,Establishment year imputed based on Dinas Perkebunan Plantation Statistics reports (e.g. first year a mill appears in a Dinas Perkebunan Plantation Statistics report),BENGKULU SELATAN,ID-1701,BENGKULU,102.84084658,-4.3778663
M-00771,PO1000004136,LYMAN AGRO,SINAR DINAMIKA KAPUAS,SINAR DINAMIKA KAPUAS,-0.308171459054541,111.598475054047,45.0,Operating,2000,Establishment year imputed based on Dinas Perkebunan Plantation Statistics reports (e.g. first year a mill appears in a Dinas Perkebunan Plantation Statistics report),MELAWI,ID-6110,KALIMANTAN BARAT,111.59847505,-0.30817146
M-00772,PO1000007441,UNKNOWN,SINAR HALOMOAN,SINAR HALOMOAN,1.06241545447157,99.8341427545528,30.0,Operating,2015,"Earliest year mill found to exist based on photo-interpretation of high-resolution satellite imagery, manufacturing census data, traceability reports and other secondary sources (or combination of these sources)",PADANG LAWAS,ID-1221,SUMATERA UTARA,99.83414275,1.06241545
M-00773,PO1000004539,SINAR JAYA AGRO INVESTAMA (SJAI),AGRA SAWITINDO,AGRA SAWITINDO,-3.77763090355367,102.402940758496,45.0,Operating,2008,"Establishment year based off secondary sources (e.g. website, corporate report, etc)",BENGKULU TENGAH,ID-1709,BENGKULU,102.40294076,-3.7776309
M-00774,PO1000008162,SINAR JAYA AGRO INVESTAMA (SJAI),KARYA AGRO SAWITINDO,KARYA AGRO SAWITINDO,-2.711013652986,101.340833283548,30.0,Operating,2015,Establishment year imputed based on Dinas Perkebunan Plantation Statistics reports (e.g. first year a mill appears in a Dinas Perkebunan Plantation Statistics report),MUKO-MUKO,ID-1706,BENGKULU,101.34083328,-2.71101365
M-00775,PO1000008164,SINAR JAYA AGRO INVESTAMA (SJAI),MUKO MUKO INDAH LESTARI,MUKO MUKO INDAH LESTARI,-2.67798316503336,101.319847627207,45.0,Operating,2006,Establishment year imputed based on Dinas Perkebunan Plantation Statistics reports (e.g. first year a mill appears in a Dinas Perkebunan Plantation Statistics report),MUKO-MUKO,ID-1706,BENGKULU,101.31984763,-2.67798317
M-00776,PO1000004296,UNKNOWN,SINAR LANGKAT PERKASA,SINAR LANGKAT PERKASA,3.62020419751143,98.4012518216261,20.0,Operating,2006,"Establishment year based off secondary sources (e.g. website, corporate report, etc)",LANGKAT,ID-1213,SUMATERA UTARA,98.40125182,3.6202042
M-00777,PO1000004271,UNKNOWN,SINAR PANDAWA,SINAR PANDAWA,2.22639447993469,100.082003685099,45.0,Operating,2007,"Establishment year based off secondary sources (e.g. website, corporate report, etc)",LABUHAN BATU,ID-1207,SUMATERA UTARA,100.08200369,2.22639448
M-00778,PO1000004940,UNKNOWN,SINAR TENERA,SINAR TENERA,3.06995998793902,99.2049553979458,30.0,Operating,2010,"Establishment year based off secondary sources (e.g. website, corporate report, etc)",SIMALUNGUN,ID-1209,SUMATERA UTARA,99.2049554,3.06995999
M-00779,PO1000004462,SUMBER TANI AGUNG (STA),SINARLIKA PORTIBIJAYA PLANTATION,BAHAL,1.42849311363911,99.7213673166867,60.0,Operating,2010,"Establishment year based off secondary sources (e.g. website, corporate report, etc)",PADANG LAWAS UTARA,ID-1220,SUMATERA UTARA,99.72136732,1.42849311
M-00780,PO1000004068,SINAR MAS,SAWIT MAS SEJAHTERA,SUNGAI KIKIM,-3.63308524022299,103.219394326835,60.0,Operating,2006,Establishment year imputed based on Dinas Perkebunan Plantation Statistics reports (e.g. first year a mill appears in a Dinas Perkebunan Plantation Statistics report),LAHAT,ID-1604,SUMATERA SELATAN,103.21939433,-3.63308524
M-00781,PO1000001611,SINAR MAS,BUMI SAWIT PERMAI,BUMI SAWIT,-3.52546205389942,104.34510306809,30.0,Operating,2005,Establishment year imputed based on Dinas Perkebunan Plantation Statistics reports (e.g. first year a mill appears in a Dinas Perkebunan Plantation Statistics report),MUARA ENIM,ID-1603,SUMATERA SELATAN,104.34510307,-3.52546205
M-00782,PO1000004196,SINAR MAS,SINAR KENCANA INTI PERKASA,SUNGAI KUPANG,-3.05224788261806,116.014949654316,60.0,Operating,1996,Establishment year based on dinas perkebunan record of establishment (e.g. Dinas Perkebunan Plantation Statistics report of establishment dates),KOTABARU,ID-6302,KALIMANTAN SELATAN,116.01494965,-3.05224788
M-00783,PO1000001612,SINAR MAS,SAWIT MAS SEJAHTERA,PANGKALAN PANJI,-2.948531,104.466511,60.0,Operating,1999,"Mill known to exist in 1999 (source: Taib, Gunatif (2000), Kajian Pengembangan Industri Crude Palm Oil Skala Kecil (Studi Kasus Pengembangan Industri Crude Palm Oil di Sumatera Barat), http://repository.ipb.ac.id/handle/123456789/5044)",BANYUASIN,ID-1607,SUMATERA SELATAN,104.466511,-2.948531
M-00784,PO1000001372,SINAR MAS,MASKAPAI PERKEBUNAN LEIDONG WEST INDONESIA,LEIDONG WEST,-1.901361,105.476417,60.0,Operating,1995,Establishment year based on other government record of establishment (e.g. Permit database),BANGKA BARAT,ID-1903,KEP. BANGKA BELITUNG,105.476417,-1.901361
M-00786,PO1000001062,SINAR MAS,RAMAJAYA PRAMUKTI,RAMARAMA,0.534360291625944,101.077157161029,60.0,Operating,1998,"Establishment year based off secondary sources (e.g. website, corporate report, etc)",KAMPAR,ID-1406,RIAU,101.07715716,0.53436029
M-00787,PO1000001061,SINAR MAS,BUANA WIRALESTARI MAS,NAGA SAKTI,0.782973996760328,101.051261274778,60.0,Operating,2002,Establishment year based on other government record of establishment (e.g. Permit database),KAMPAR,ID-1406,RIAU,101.05126127,0.782974
M-00788,PO1000001060,SINAR MAS,BUANA WIRALESTARI MAS,KIJANG,0.832502617961411,101.044522064017,60.0,Operating,1997,Establishment year based on other government record of establishment (e.g. Permit database),KAMPAR,ID-1406,RIAU,101.04452206,0.83250262
M-00789,PO1000001057,SINAR MAS,IVO MAS TUNGGAL,LIBO,0.929776935892857,101.206210540425,60.0,Operating,1993,Establishment year based on other government record of establishment (e.g. Permit database),SIAK,ID-1405,RIAU,101.20621054,0.92977694
M-00790,PO1000001058,SINAR MAS,IVO MAS TUNGGAL,SAM-SAM,0.937959093153483,101.299230543418,60.0,Operating,1993,Establishment year based on other government record of establishment (e.g. Permit database),SIAK,ID-1405,RIAU,101.29923054,0.93795909
M-00791,PO1000001056,SINAR MAS,IVO MAS TUNGGAL,UJUNG TANJUNG,0.970402235523464,101.264198927821,60.0,Operating,1995,Establishment year based on other government record of establishment (e.g. Permit database),SIAK,ID-1405,RIAU,101.26419893,0.97040224
M-00792,PO1000001079,SINAR MAS,SINAR MAS AGRO RESOURCES AND TECHNOLOGY,PADANG HALABAN,2.31824634837594,99.8389627655352,60.0,Operating,1926,"Establishment year based off secondary sources (e.g. website, corporate report, etc)",LABUHAN BATU UTARA,ID-1223,SUMATERA UTARA,99.83896277,2.31824635
M-00793,PO1000004379,DAESANG,SINTANG RAYA,SINTANG RAYA,-0.452349906557324,109.265686239671,30.0,Operating,2014,"Establishment year based off secondary sources (e.g. website, corporate report, etc)",KUBU RAYA,ID-6112,KALIMANTAN BARAT,109.26568624,-0.45234991
M-00794,PO1000001279,SIPEF,AGRO MUKO,BUNGA TANJUNG,-2.71647069433158,101.370133306703,60.0,Operating,2001,"Establishment year based off secondary sources (e.g. website, corporate report, etc)",MUKO-MUKO,ID-1706,BENGKULU,101.37013331,-2.71647069
M-00795,PO1000001278,SIPEF,AGRO MUKO,MUKOMUKO,-2.60134972702394,101.278622634962,60.0,Operating,1994,"Establishment year based off secondary sources (e.g. website, corporate report, etc)",MUKO-MUKO,ID-1706,BENGKULU,101.27862263,-2.60134973
M-00796,PO1000000099,SIPEF,TOLAN TIGA INDONESIA,PERLABIAN,2.0604666921871,100.082389543597,60.0,Operating,1934,"Establishment year based off secondary sources (e.g. website, corporate report, etc)",LABUHAN BATU SELATAN,ID-1222,SUMATERA UTARA,100.08238954,2.06046669
M-00798,PO1000001670,SIPEF,UMBUL MAS WISESA,UMBUL MAS WISESA,2.21100880094865,100.270822636876,45.0,Operating,2014,"Establishment year based off secondary sources (e.g. website, corporate report, etc)",LABUHAN BATU SELATAN,ID-1222,SUMATERA UTARA,100.27082264,2.2110088
M-00799,PO1000004275,UNKNOWN,DJAJA PUTRA INDONESIA,DJAJA PUTRA INDONESIA,2.67857648001225,99.4276172523379,45.0,Operating,2014,"Establishment year based off secondary sources (e.g. website, corporate report, etc)",ASAHAN,ID-1208,SUMATERA UTARA,99.42761725,2.67857648
M-00800,PO1000000095,SIPEF,EASTERN SUMATERA INDONESIA,BUKIT MARADJA,3.01217056973221,99.2354881993895,42.0,Operating,1999,"Mill known to exist in 1999 (source: Taib, Gunatif (2000), Kajian Pengembangan Industri Crude Palm Oil Skala Kecil (Studi Kasus Pengembangan Industri Crude Palm Oil di Sumatera Barat), http://repository.ipb.ac.id/handle/123456789/5044)",SIMALUNGUN,ID-1209,SUMATERA UTARA,99.2354882,3.01217057
M-00801,PO1000001250,SOCFIN,SOCFIN INDONESIA,NEGERI LAMA,2.3172962163237,100.06988805168,20.0,Operating,1928,"Establishment year based off secondary sources (e.g. website, corporate report, etc)",LABUHAN BATU,ID-1207,SUMATERA UTARA,100.06988805,2.31729622
M-00802,PO1000001775,SOCFIN,SOCFIN INDONESIA,LAE BUTAR,2.39125093211856,97.9567882743719,23.0,Operating,1938,"Establishment year based off secondary sources (e.g. website, corporate report, etc)",ACEH SINGKIL,ID-1102,ACEH,97.95678827,2.39125093
M-00803,PO1000001252,SOCFIN,SOCFIN INDONESIA,AEK LOBA,2.65140182749851,99.6173513433277,60.0,Operating,1973,"Establishment year based off secondary sources (e.g. website, corporate report, etc)",ASAHAN,ID-1208,SUMATERA UTARA,99.61735134,2.65140183
M-00804,PO1000000352,SOCFIN,SOCFIN INDONESIA,TANAH GAMBUS,3.20385737116892,99.4042965276123,24.0,Operating,1978,"Establishment year based off secondary sources (e.g. website, corporate report, etc)",BATU BARA,ID-1219,SUMATERA UTARA,99.40429653,3.20385737
M-00805,PO1000000451,SOCFIN,SOCFIN INDONESIA,BANGUN BANDAR MILL,3.33157783476394,99.0431749142126,23.0,Operating,1926,"Establishment year based off secondary sources (e.g. website, corporate report, etc)",SERDANG BEDAGAI,ID-1218,SUMATERA UTARA,99.04317491,3.33157783
M-00806,PO1000001256,SOCFIN,SOCFIN INDONESIA,MATA PAO MILL,3.53102102645478,99.0921984611657,15.0,Operating,1927,"Establishment year based off secondary sources (e.g. website, corporate report, etc)",SERDANG BEDAGAI,ID-1218,SUMATERA UTARA,99.09219846,3.53102103
M-00807,PO1000001777,SOCFIN,SOCFIN INDONESIA,SEUMANYAM,3.96547512672649,96.5660014309634,45.0,Operating,1936,"Establishment year based off secondary sources (e.g. website, corporate report, etc)",NAGAN RAYA,ID-1115,ACEH,96.56600143,3.96547513
M-00808,PO1000001774,SOCFIN,SOCFIN INDONESIA,SEUNAGAN,4.06007059901335,96.2619194014536,23.0,Operating,1937,"Establishment year based off secondary sources (e.g. website, corporate report, etc)",NAGAN RAYA,ID-1115,ACEH,96.2619194,4.0600706
M-00809,PO1000001251,SOCFIN,SOCFIN INDONESIA,SUNGAI LIPUT,4.23185631515201,98.0593513718305,23.0,Operating,1922,Establishment year based on other government record of establishment (e.g. Permit database),ACEH TAMIANG,ID-1114,ACEH,98.05935137,4.23185632
M-00810,PO1000008425,SK PLUS,SRI INDRAPURA SAWIT LESTARI,SRI INDRAPURA SAWIT LESTARI,0.464193,101.735647,60.0,Operating,2017,"Establishment year based off secondary sources (e.g. website, corporate report, etc)",SIAK,ID-1405,RIAU,101.735647,0.464193
M-00811,PO1000004861,MULIA SAWIT AGRO LESTARI (MSAL),MULIA SAWIT AGRO LESTARI,MULIA SAWIT AGRO LESTARI,-1.51190209785909,113.466700925597,60.0,Operating,2014,Establishment year based on dinas perkebunan record of establishment (e.g. Dinas Perkebunan Plantation Statistics report of establishment dates),GUNUNG MAS,ID-6211,KALIMANTAN TENGAH,113.46670093,-1.5119021
M-00812,PO1000004231,FIRST RESOURCES,SUBUR ARUM MAKMUR,SUBUR ARUM MAKMUR I,0.818241338399302,100.887665352567,90.0,Operating,2004,Establishment year based on other government record of establishment (e.g. Permit database),KAMPAR,ID-1406,RIAU,100.88766535,0.81824134
M-00813,PO1000007052,FIRST RESOURCES,SUBUR ARUM MAKMUR,SUBUR ARUM MAKMUR II,0.978532359759289,100.779665787859,45.0,Operating,2012,Establishment year imputed based on Dinas Perkebunan Plantation Statistics reports (e.g. first year a mill appears in a Dinas Perkebunan Plantation Statistics report),ROKAN HULU,ID-1407,RIAU,100.77966579,0.97853236
M-00814,PO1000010006,UNKNOWN,SUKSES GEMILANG PALEM,SUKSES GEMILANG PALEM,-2.27265253988522,102.547960826422,45.0,Operating,2015,Establishment year imputed based on Dinas Perkebunan Plantation Statistics reports (e.g. first year a mill appears in a Dinas Perkebunan Plantation Statistics report),SAROLANGUN,ID-1503,JAMBI,102.54796083,-2.27265254
M-00815,PO1000007442,CAPITOL,SULTRA PRIMA LESTARI,SULTRA PRIMA LESTARI,-3.451,122.168,30.0,Operating,2015,"Establishment year based off secondary sources (e.g. website, corporate report, etc)",KONAWE UTARA,ID-7410,SULAWESI TENGGARA,122.168,-3.451
M-00816,PO1000006184,INCASI RAYA (GUNAS),SUMATERA MAKMUR LESTARI,SUMATERA MAKMUR LESTARI,-0.661811,102.344651,60.0,Operating,1997,"Establishment year based off secondary sources (e.g. website, corporate report, etc)",INDRAGIRI HULU,ID-1402,RIAU,102.344651,-0.661811
M-00817,PO1000008182,SK PLUS,SUMBER ADINUSA LESTARI,SUMBER ADINUSA LESTARI,-2.20208571011505,111.483248795972,45.0,Operating,2017,"Establishment year based off secondary sources (e.g. website, corporate report, etc)",LAMANDAU,ID-6207,KALIMANTAN TENGAH,111.4832488,-2.20208571
M-00818,PO1000008208,SUPERVENTURE,SUMBER BUNGA SAWIT LESTARI,BABULU,-1.4926976,116.44419976,60.0,Operating,2013,Establishment year imputed based on Dinas Perkebunan Plantation Statistics reports (e.g. first year a mill appears in a Dinas Perkebunan Plantation Statistics report),PENAJAM PASER UTARA,ID-6409,KALIMANTAN TIMUR,116.44419976,-1.4926976
M-00819,PO1000008188,UNKNOWN,SUMBER GUNA NABATI,BUNGA ANTOI,-2.00703406700613,102.492726609409,45.0,Operating,2015,"Establishment year based off secondary sources (e.g. website, corporate report, etc)",MERANGIN,ID-1502,JAMBI,102.49272661,-2.00703407
M-00820,PO1000001342,SINAR MAS,SUMBER INDAH PERKASA,SUNGAI BUAYA,-4.12755809668765,105.438404724764,60.0,Operating,1996,Establishment year based on other government record of establishment (e.g. Permit database),MESUJI,ID-1811,LAMPUNG,105.43840472,-4.1275581
M-00821,PO1000004423,UNKNOWN,SUMBER JAYA INDAHNUSA COY,KOTA LAMA,0.891423464255898,100.697028900453,45.0,Operating,2007,Establishment year imputed based on Dinas Perkebunan Plantation Statistics reports (e.g. first year a mill appears in a Dinas Perkebunan Plantation Statistics report),ROKAN HULU,ID-1407,RIAU,100.6970289,0.89142346
M-00822,PO1000004251,UNKNOWN,SUMBER JAYA INDAHNUSA COY,KOTA TENGAH,1.13838754092517,100.645337903088,30.0,Operating,2016,"Establishment year based off secondary sources (e.g. website, corporate report, etc)",ROKAN HULU,ID-1407,RIAU,100.6453379,1.13838754
M-00823,PO1000007448,UNKNOWN,SUMBER KENCANA INDO PALMA,SUMBER KENCANA INDO PALMA,-0.682039331875532,102.502513274249,30.0,Operating,2012,Establishment year imputed based on Dinas Perkebunan Plantation Statistics reports (e.g. first year a mill appears in a Dinas Perkebunan Plantation Statistics report),INDRAGIRI HULU,ID-1402,RIAU,102.50251327,-0.68203933
M-00824,PO1000004536,UNKNOWN,SUMBER MAKMUR JAYA,SUMBER KEMBANG JAYA,3.76565631589635,98.4063816013837,30.0,Operating,2014,"Earliest year mill found to exist based on photo-interpretation of high-resolution satellite imagery, manufacturing census data, traceability reports and other secondary sources (or combination of these sources)",LANGKAT,ID-1213,SUMATERA UTARA,98.4063816,3.76565632
M-00825,PO1000004559,UNKNOWN,SUMBER MAKMUR JAYA,SUMBER MAKMUR JAYA,4.03344673043402,98.3009471703469,30.0,Operating,2012,"Earliest year mill found to exist based on photo-interpretation of high-resolution satellite imagery, manufacturing census data, traceability reports and other secondary sources (or combination of these sources)",LANGKAT,ID-1213,SUMATERA UTARA,98.30094717,4.03344673
M-00826,PO1000004240,UNKNOWN,SUMBER SAWIT JAYA LESTARI,SUMBER SAWIT JAYA LESTARI,2.76149773580872,99.9584659675514,15.0,Operating,2012,"Earliest year mill found to exist based on photo-interpretation of high-resolution satellite imagery, manufacturing census data, traceability reports and other secondary sources (or combination of these sources)",LABUHAN BATU UTARA,ID-1223,SUMATERA UTARA,99.95846597,2.76149774
M-00827,PO1000008589,UNKNOWN,SUMBER SAWIT SEJAHTERA,SUMBER SAWIT SEJAHTERA,0.248432195535272,101.975626533318,40.0,Operating,2012,Establishment year imputed based on Dinas Perkebunan Plantation Statistics reports (e.g. first year a mill appears in a Dinas Perkebunan Plantation Statistics report),PELALAWAN,ID-1404,RIAU,101.97562653,0.2484322
M-00828,PO1000004431,SUMBER TANI AGUNG (STA),KARYA AGUNG SAWITA,SOSA,1.06608408149257,99.9606410968742,60.0,Operating,2010,"Establishment year based off secondary sources (e.g. website, corporate report, etc)",PADANG LAWAS,ID-1221,SUMATERA UTARA,99.9606411,1.06608408
M-00829,PO1000004483,SUMBER TANI AGUNG (STA),SUMBER TANI AGUNG,SABUNGAN,1.75455994785489,99.9846246954927,60.0,Operating,1996,"Establishment year based off secondary sources (e.g. website, corporate report, etc)",LABUHAN BATU SELATAN,ID-1222,SUMATERA UTARA,99.9846247,1.75455995
M-00830,PO1000004468,UNKNOWN,SUNGAI BAHAR PASIFIK UTAMA,SUNGAI BAHAR PASIFIK UTAMA,-1.53736218332618,103.63083037613,90.0,Operating,2014,"Establishment year based off secondary sources (e.g. website, corporate report, etc)",MUARO JAMBI,ID-1505,JAMBI,103.63083038,-1.53736218
M-00831,PO1000008168,SUNGAI BUDI,SURYA ANDALAN PRIMATAMA,PKS 9,-2.58279249100512,101.310543694324,45.0,Operating,2016,Establishment year imputed based on Dinas Perkebunan Plantation Statistics reports (e.g. first year a mill appears in a Dinas Perkebunan Plantation Statistics report),MUKO-MUKO,ID-1706,BENGKULU,101.31054369,-2.58279249
M-00833,PO1000004137,SUNGAI BUDI,SERBA HUTA JAYA,SERBA HUTA JAYA,2.22396182604812,99.9335606262626,45.0,Operating,2014,"Earliest year mill found to exist based on photo-interpretation of high-resolution satellite imagery, manufacturing census data, traceability reports and other secondary sources (or combination of these sources)",LABUHAN BATU UTARA,ID-1223,SUMATERA UTARA,99.93356063,2.22396183
M-00834,PO1000005208,FANGIONO AGRO PLANTATION (FAP AGRI),KARANG JUANG HIJAU LESTARI,KARANG JUANG HIJAU LESTARI,4.03620044087114,116.92704384604,60.0,Operating,2008,"Establishment year based off secondary sources (e.g. website, corporate report, etc)",NUNUKAN,ID-6504,KALIMANTAN UTARA,116.92704385,4.03620044
M-00835,PO1000008292,FANGIONO AGRO PLANTATION (FAP AGRI),BHUMI SIMANGGARIS INDAH,BHUMI SIMANGGARIS INDAH,4.23833965165215,117.362901885233,45.0,Operating,2013,Establishment year imputed based on Dinas Perkebunan Plantation Statistics reports (e.g. first year a mill appears in a Dinas Perkebunan Plantation Statistics report),NUNUKAN,ID-6504,KALIMANTAN UTARA,117.36290189,4.23833965
M-00836,PO1000004159,UNKNOWN,SURYA BRATASENA PLANTATION,SEI NILO,0.151985587340335,101.97315188313,30.0,Operating,1993,"Establishment year based off secondary sources (e.g. website, corporate report, etc)",PELALAWAN,ID-1404,RIAU,101.97315188,0.15198559
M-00837,PO1000004436,FIRST RESOURCES,SWADAYA MUKTI PRAKARSA,SWADAYA MUKTI PRAKARSA,-1.0808702613439,110.383763969373,45.0,Operating,2013,Establishment year imputed based on Dinas Perkebunan Plantation Statistics reports (e.g. first year a mill appears in a Dinas Perkebunan Plantation Statistics report),KETAPANG,ID-6106,KALIMANTAN BARAT,110.38376397,-1.08087026
M-00838,PO1000002637,FIRST RESOURCES,MERIDAN SEJATISURYA PLANTATION,MERIDAN SEJATISURYA PLANTATION,0.538203944286633,101.730163181899,45.0,Operating,2004,Establishment year based on other government record of establishment (e.g. Permit database),SIAK,ID-1405,RIAU,101.73016318,0.53820394
M-00839,PO1000004216,FIRST RESOURCES,SURYA INTISARI RAYA,SURYA INTISARI RAYA,0.628823676393565,101.568019524853,45.0,Operating,2010,Establishment year imputed based on Dinas Perkebunan Plantation Statistics reports (e.g. first year a mill appears in a Dinas Perkebunan Plantation Statistics report),PEKANBARU (KOTA),ID-1471,RIAU,101.56801952,0.62882368
M-00840,PO1000005218,CILIANDRY ANKY ABADI,TIRTA MADU,TIRTA MADU,1.036278,104.596081,22.5,Operating,2006,"Earliest year mill found to exist based on photo-interpretation of high-resolution satellite imagery, manufacturing census data, traceability reports and other secondary sources (or combination of these sources)",BINTAN,ID-2102,KEP. RIAU,104.596081,1.036278
M-00842,PO1000004253,FIRST RESOURCES,PERDANA INTISAWIT PERKASA,PERDANA INTI SAWIT PERKASA 1,1.14148451587578,100.494155961539,60.0,Operating,2002,Establishment year imputed based on Dinas Perkebunan Plantation Statistics reports (e.g. first year a mill appears in a Dinas Perkebunan Plantation Statistics report),ROKAN HULU,ID-1407,RIAU,100.49415596,1.14148452
M-00843,PO1000007630,FIRST RESOURCES,PERDANA INTISAWIT PERKASA,PERDANA INTI SAWIT PERKASA 2,1.1673333,100.7047778,30.0,Operating,2014,Establishment year imputed based on Dinas Perkebunan Plantation Statistics reports (e.g. first year a mill appears in a Dinas Perkebunan Plantation Statistics report),ROKAN HULU,ID-1407,RIAU,100.7047778,1.1673333
M-00846,PO1000006259,FIRST RESOURCES,MERIDAN SEJATISURYA PLANTATION,BANGSAL ACEH,1.72319016116709,101.379571119372,60.0,Operating,2012,Establishment year imputed based on Dinas Perkebunan Plantation Statistics reports (e.g. first year a mill appears in a Dinas Perkebunan Plantation Statistics report),DUMAI (KOTA),ID-1473,RIAU,101.37957112,1.72319016
M-00847,PO1000005219,FANGIONO AGRO PLANTATION (FAP AGRI),TIRTAMADU SAWIT JAYA,TIRTAMADU SAWIT JAYA,4.11353612554404,117.042408758507,60.0,Operating,2015,"Establishment year based off secondary sources (e.g. website, corporate report, etc)",NUNUKAN,ID-6504,KALIMANTAN UTARA,117.04240876,4.11353613
M-00849,PO1000004299,AMARA PLANTATION,SURYA PANEN SUBUR,SURYA PANEN SUBUR,3.8083400150796,96.4937397742455,60.0,Operating,2013,"Earliest year mill found to exist based on photo-interpretation of high-resolution satellite imagery, manufacturing census data, traceability reports and other secondary sources (or combination of these sources)",NAGAN RAYA,ID-1115,ACEH,96.49373977,3.80834002
M-00850,PO1000006212,UNKNOWN,SURYA UTAMA AGROLESTARI,SURYA UTAMA AGROLESTARI,-1.80327381150695,103.432100648276,45.0,Operating,2015,"Establishment year based off secondary sources (e.g. website, corporate report, etc)",MUARO JAMBI,ID-1505,JAMBI,103.43210065,-1.80327381
M-00851,PO1000004063,UNKNOWN,SURYA UTAMA NABATI,SURYA UTAMA NABATI,-4.18550017331862,105.218250629757,45.0,Operating,2012,"Establishment year based off secondary sources (e.g. website, corporate report, etc)",TULANG BAWANG,ID-1808,LAMPUNG,105.21825063,-4.18550017
M-00853,PO1000006294,SINAR JAYA AGRO INVESTAMA (SJAI),KALIREJO LESTARI,KALIREJO LESTARI,-5.22739199813,104.948188118057,30.0,Operating,2009,Establishment year imputed based on Dinas Perkebunan Plantation Statistics reports (e.g. first year a mill appears in a Dinas Perkebunan Plantation Statistics report),LAMPUNG TENGAH,ID-1805,LAMPUNG,104.94818812,-5.227392
M-00854,PO1000006295,SINAR JAYA AGRO INVESTAMA (SJAI),ANAKTUHA SAWIT MANDIRI,ANAKTUHA SAWIT MANDIRI,-5.09485950513239,105.186456010192,30.0,Operating,2013,"Establishment year based off secondary sources (e.g. website, corporate report, etc)",LAMPUNG TENGAH,ID-1805,LAMPUNG,105.18645601,-5.09485951
M-00855,PO1000004060,SINAR JAYA AGRO INVESTAMA (SJAI),MENGGALA SAWITINDO,MENGGALA SAWITINDO,-4.35065042747317,105.270211739542,45.0,Operating,2009,"Establishment year based off secondary sources (e.g. website, corporate report, etc)",TULANG BAWANG,ID-1808,LAMPUNG,105.27021174,-4.35065043
M-00857,PO1000006231,UNKNOWN,SUTOPO LESTARI JAYA,SUTOPO LESTARI JAYA,-2.79498201020773,104.735880721108,30.0,Operating,2015,"Establishment year based off secondary sources (e.g. website, corporate report, etc)",BANYUASIN,ID-1607,SUMATERA SELATAN,104.73588072,-2.79498201
M-00858,PO1000004082,KPN CORP,SWADAYA INDOPALMA,SWADAYA INDOPALMA,-2.76510053679009,104.631395785872,30.0,Operating,2014,Establishment year imputed based on Dinas Perkebunan Plantation Statistics reports (e.g. first year a mill appears in a Dinas Perkebunan Plantation Statistics report),BANYUASIN,ID-1607,SUMATERA SELATAN,104.63139579,-2.76510054
M-00859,PO1000004130,UNKNOWN,SWAKARSA SAWIT RAYA,SWAKARSA SAWIT RAYA,-0.489321450553903,102.477958169962,45.0,Operating,2013,Establishment year imputed based on Dinas Perkebunan Plantation Statistics reports (e.g. first year a mill appears in a Dinas Perkebunan Plantation Statistics report),INDRAGIRI HULU,ID-1402,RIAU,102.47795817,-0.48932145
M-00860,PO1000004084,CAPELLA,SWARNA NUSA SENTOSA,SWARNA NUSA SENTOSA,-2.482539,106.076744,60.0,Operating,2004,"Mill known to exist in 2004 (source: Golder Associates (2006). Appendix VIII: Summary of Renewable Potential in Indonesia POM, Retrieved October 10, 2018, http://www.adb.org/Documents/Reports/Consulta nt/46557-INO/36557-INO-TACR- AppendixVIII.pdf)",BANGKA SELATAN,ID-1905,KEP. BANGKA BELITUNG,106.076744,-2.482539
M-00861,PO1000004360,SWASTISIDDHI AMAGRA,SWASTISIDDHI AMAGRA,BINABARU,0.210324794731808,101.275315882712,30.0,Operating,2008,"Establishment year based off secondary sources (e.g. website, corporate report, etc)",KAMPAR,ID-1406,RIAU,101.27531588,0.21032479
M-00862,PO1000008269,SWASTISIDDHI AMAGRA,SWASTISIDDHI AMAGRA,LIBO JAYA,0.947750712809637,101.096615346099,45.0,Operating,1999,"Establishment year based off secondary sources (e.g. website, corporate report, etc)",SIAK,ID-1405,RIAU,101.09661535,0.94775071
M-00863,PO1000002676,GOODHOPE,AGRO INDOMAS,SUNGAI PURUN,-2.52346256122997,112.413809038816,90.0,Operating,2007,Establishment year based on dinas perkebunan record of establishment (e.g. Dinas Perkebunan Plantation Statistics report of establishment dates),SERUYAN,ID-6208,KALIMANTAN TENGAH,112.41380904,-2.52346256
M-00864,PO1000006181,UNKNOWN,TALANG JERINJING SAWIT,TALANG JERINJING SAWIT,-0.462401489795333,102.467501389545,30.0,Operating,2011,Establishment year imputed based on Dinas Perkebunan Plantation Statistics reports (e.g. first year a mill appears in a Dinas Perkebunan Plantation Statistics report),INDRAGIRI HULU,ID-1402,RIAU,102.46750139,-0.46240149
M-00865,PO1000004292,UNKNOWN,TANINDO SEJATI,TANINDO SEJATI,3.51020768037804,99.2023088836255,30.0,Operating,2013,"Establishment year based off secondary sources (e.g. website, corporate report, etc)",SERDANG BEDAGAI,ID-1218,SUMATERA UTARA,99.20230888,3.51020768
M-00866,PO1000004098,CITRA BORNEO INDAH (CBI),TANJUNG SAWIT ABADI,MALATA,-1.911694,111.599406,60.0,Operating,2013,Establishment year based on dinas perkebunan record of establishment (e.g. Dinas Perkebunan Plantation Statistics report of establishment dates),LAMANDAU,ID-6207,KALIMANTAN TENGAH,111.599406,-1.911694
M-00867,PO1000007641,UNKNOWN,TASMA PUJA,BATANG CENAKU,-0.813940855795472,102.189444360362,45.0,Operating,2013,Establishment year imputed based on Dinas Perkebunan Plantation Statistics reports (e.g. first year a mill appears in a Dinas Perkebunan Plantation Statistics report),INDRAGIRI HULU,ID-1402,RIAU,102.18944436,-0.81394086
M-00868,PO1000004370,UNKNOWN,TASMA PUJA,SEI KUAMANG,0.275981504177428,101.219387319749,30.0,Operating,2004,"Mill known to exist in 2004 (source: Golder Associates (2006). Appendix VIII: Summary of Renewable Potential in Indonesia POM, Retrieved October 10, 2018, http://www.adb.org/Documents/Reports/Consulta nt/46557-INO/36557-INO-TACR- AppendixVIII.pdf)",KAMPAR,ID-1406,RIAU,101.21938732,0.2759815
M-00870,PO1000008230,UNKNOWN,TAYAN BUKIT SAWIT,TAYAN BUKIT SAWIT,0.54345,110.42507,60.0,Operating,2017,Establishment year based on other government record of establishment (e.g. Permit database),LANDAK,ID-6103,KALIMANTAN BARAT,110.42507,0.54345
M-00871,PO1000004117,UNKNOWN,SUGIH RIESTA JAYA,SEI AKAR,-0.793490740111919,102.59625430997,45.0,Operating,2002,"Establishment year based off secondary sources (e.g. website, corporate report, etc)",INDRAGIRI HULU,ID-1402,RIAU,102.59625431,-0.79349074
M-00872,PO1000004263,UNKNOWN,SAWIT RIAU MAKMUR,TELUK MEGA,1.53383221055239,100.992708466858,60.0,Operating,2002,"Establishment year based off secondary sources (e.g. website, corporate report, etc)",ROKAN HILIR,ID-1409,RIAU,100.99270847,1.53383221
M-00873,PO1000004273,UNKNOWN,SINAR SAWIT LESTARI,DAMULI,2.46122266169034,99.6518578240896,20.0,Operating,2010,"Earliest year mill found to exist based on photo-interpretation of high-resolution satellite imagery, manufacturing census data, traceability reports and other secondary sources (or combination of these sources)",LABUHAN BATU UTARA,ID-1223,SUMATERA UTARA,99.65185782,2.46122266
M-00874,PO1000008266,SK PLUS,TEGUH KARSA WANALESTARI,KANDIS,0.894859,101.380721,45.0,Operating,2016,"Earliest year mill found to exist based on photo-interpretation of high-resolution satellite imagery, manufacturing census data, traceability reports and other secondary sources (or combination of these sources)",SIAK,ID-1405,RIAU,101.380721,0.894859
M-00875,PO1000006144,SK PLUS,TEGUH KARSA WANALESTARI,BUNGA RAYA,0.928246624609413,102.021191621217,45.0,Operating,2015,"Establishment year based off secondary sources (e.g. website, corporate report, etc)",SIAK,ID-1405,RIAU,102.02119162,0.92824662
M-00876,PO1000004390,TELADAN PRIMA,TELEN PRIMA SAWIT,MUARA BENGKAL,0.511044176603498,116.780900789792,60.0,Operating,2010,"Establishment year based off secondary sources (e.g. website, corporate report, etc)",KUTAI TIMUR,ID-6404,KALIMANTAN TIMUR,116.78090079,0.51104418
M-00878,PO1000004862,TELADAN PRIMA,TELEN,BUKIT PERMATA,1.0827293,117.7223005,45.0,Operating,2015,Establishment year imputed based on Dinas Perkebunan Plantation Statistics reports (e.g. first year a mill appears in a Dinas Perkebunan Plantation Statistics report),KUTAI TIMUR,ID-6404,KALIMANTAN TIMUR,117.7223005,1.0827293
M-00879,PO1000004446,TELADAN PRIMA,TELEN,PENGADAN BAAY,1.2459049,117.6938998,60.0,Operating,2010,"Establishment year based off secondary sources (e.g. website, corporate report, etc)",KUTAI TIMUR,ID-6404,KALIMANTAN TIMUR,117.6938998,1.2459049
M-00880,PO1000004467,TELADAN PRIMA,TANJUNG BUYU PERKASA PLANTATION,TALISAYAN,1.513797,118.265711,70.0,Operating,2009,"Establishment year based off secondary sources (e.g. website, corporate report, etc)",BERAU,ID-6405,KALIMANTAN TIMUR,118.265711,1.513797
M-00881,PO1000008193,ENSEM,ENSEM LESTARI,ENSEM LESTARI,2.45735921871954,98.0646604419027,30.0,Operating,2014,"Establishment year based off secondary sources (e.g. website, corporate report, etc)",ACEH SINGKIL,ID-1102,ACEH,98.06466044,2.45735922
M-00882,PO1000004249,UNKNOWN,TENGGANAU MANDIRI LESTARI,TENGGANAU MANDIRI LESTARI,1.122222,101.257278,10.0,Operating,2008,Establishment year imputed based on Dinas Perkebunan Plantation Statistics reports (e.g. first year a mill appears in a Dinas Perkebunan Plantation Statistics report),BENGKALIS,ID-1408,RIAU,101.257278,1.122222
M-00883,PO1000004356,KPN CORP,TH INDO PLANTATIONS,NYATOH,0.130780422197984,103.154271161207,60.0,Operating,2008,Establishment year imputed based on Dinas Perkebunan Plantation Statistics reports (e.g. first year a mill appears in a Dinas Perkebunan Plantation Statistics report),INDRAGIRI HILIR,ID-1403,RIAU,103.15427116,0.13078042
M-00884,PO1000004363,KPN CORP,TH INDO PLANTATIONS,PULAI,0.221004218936296,103.163653246164,120.0,Operating,1996,Establishment year based on other government record of establishment (e.g. Permit database),INDRAGIRI HILIR,ID-1403,RIAU,103.16365325,0.22100422
M-00886,PO1000004121,TSH RESOURCES,FARINDA BERSAUDARA,FARINDA BERSAUDARA,-0.69735396,116.26194631,45.0,Operating,2012,"Establishment year based off secondary sources (e.g. website, corporate report, etc)",KUTAI BARAT,ID-6402,KALIMANTAN TIMUR,116.26194631,-0.69735396
M-00887,PO1000004340,TSH RESOURCES,ANDALAS AGRO INDUSTRI,ANDALAS AGRO INDUSTRI,-0.0538674730950598,99.9728142142424,60.0,Operating,2004,"Mill known to exist in 2004 (source: Golder Associates (2006). Appendix VIII: Summary of Renewable Potential in Indonesia POM, Retrieved October 10, 2018, http://www.adb.org/Documents/Reports/Consulta nt/46557-INO/36557-INO-TACR- AppendixVIII.pdf)",PASAMAN BARAT,ID-1312,SUMATERA BARAT,99.97281421,-0.05386747
M-00888,PO1000004232,TIANJIN JULONG,GRAHA INTI JAYA,GRAHA INTI JAYA,-2.67505199222217,114.37882706268,90.0,Operating,2011,Establishment year based on dinas perkebunan record of establishment (e.g. Dinas Perkebunan Plantation Statistics report of establishment dates),KAPUAS,ID-6203,KALIMANTAN TENGAH,114.37882706,-2.67505199
M-00889,PO1000008185,TSANI HUTANI ABADI (THA),TIMURJAYA INDOMAKMUR,KOROLA,-2.084444,121.023056,80.0,Operating,2016,"Establishment year based off secondary sources (e.g. website, corporate report, etc)",MOROWALI UTARA,ID-7212,SULAWESI TENGAH,121.023056,-2.084444
M-00890,PO1000004104,TIRTA MAS MAJUTAMA,TIDAR KERINCI AGUNG,TIDAR KERINCI AGUNG,-1.52126629683058,101.552647971727,30.0,Operating,1991,"Establishment year based off secondary sources (e.g. website, corporate report, etc)",DHARMASRAYA,ID-1311,SUMATERA BARAT,101.55264797,-1.5212663
M-00891,PO1000004175,DAYA SEMESTA AGRO PERSADA (DSAP),DAYA SEMESTA AGRO PERSADA,DAYA SEMESTA AGRO PERSADA,-2.96365101821137,104.917544018211,75.0,Operating,2015,"Establishment year based off secondary sources (e.g. website, corporate report, etc)",BANYUASIN,ID-1607,SUMATERA SELATAN,104.91754402,-2.96365102
M-00892,PO1000004057,PANCA PUTRA GANDA,DAMAI JAYA LESTARI,PARSAMBILAN,-4.415616,121.640221,60.0,Operating,2009,"Establishment year based off secondary sources (e.g. website, corporate report, etc)",KOLAKA,ID-7404,SULAWESI TENGGARA,121.640221,-4.415616
M-00893,PO1000004105,PANCA PUTRA GANDA,TEBO PLASMA INTILESTARI,TEBO PLASMA INTILESTARI,-1.44496805088594,102.537340170382,45.0,Operating,2005,Establishment year imputed based on Dinas Perkebunan Plantation Statistics reports (e.g. first year a mill appears in a Dinas Perkebunan Plantation Statistics report),TEBO,ID-1508,JAMBI,102.53734017,-1.44496805
M-00894,PO1000004252,PANCA PUTRA GANDA,TORUS GANDA,TAMBUSAI TIMUR,1.14121955206896,100.4096141113,45.0,Operating,2004,"Mill known to exist in 2004 (source: Golder Associates (2006). Appendix VIII: Summary of Renewable Potential in Indonesia POM, Retrieved October 10, 2018, http://www.adb.org/Documents/Reports/Consulta nt/46557-INO/36557-INO-TACR- AppendixVIII.pdf)",ROKAN HULU,ID-1407,RIAU,100.40961411,1.14121955
M-00895,PO1000004472,PANCA PUTRA GANDA,TOR GANDA,SIBISA MANGATUR,1.60592129770185,100.237876317445,60.0,Operating,1992,"Establishment year based off secondary sources (e.g. website, corporate report, etc)",LABUHAN BATU SELATAN,ID-1222,SUMATERA UTARA,100.23787632,1.6059213
M-00896,PO1000004185,PANCA PUTRA GANDA,TOR GANDA,TAHUAN GANDA,2.38252994881533,99.825872802677,60.0,Operating,2008,"Earliest year mill found to exist based on photo-interpretation of high-resolution satellite imagery, manufacturing census data, traceability reports and other secondary sources (or combination of these sources)",LABUHAN BATU UTARA,ID-1223,SUMATERA UTARA,99.8258728,2.38252995
M-00897,PO1000006251,JHONLIN,MULTI SARANA AGRO MANDIRI,LONTAR,-3.96489919222314,116.098191916074,30.0,Operating,2013,"Establishment year based off secondary sources (e.g. website, corporate report, etc)",KOTABARU,ID-6302,KALIMANTAN SELATAN,116.09819192,-3.96489919
M-00898,PO1000005221,KORINDO,TUNAS SAWA ERMA,POP-B,-6.644614,140.277449,105.0,Operating,2014,"Earliest year mill found to exist based on photo-interpretation of high-resolution satellite imagery, manufacturing census data, traceability reports and other secondary sources (or combination of these sources)",BOVEN DIGOEL,ID-9413,PAPUA,140.277449,-6.644614
M-00899,PO1000004947,KORINDO,TUNAS SAWA ERMA,POP-A,-6.610133,140.5642,60.0,Operating,2004,"Mill known to exist in 2004 (source: Golder Associates (2006). Appendix VIII: Summary of Renewable Potential in Indonesia POM, Retrieved October 10, 2018, http://www.adb.org/Documents/Reports/Consulta nt/46557-INO/36557-INO-TACR- AppendixVIII.pdf)",BOVEN DIGOEL,ID-9413,PAPUA,140.5642,-6.610133
M-00900,PO1000004114,INCASI RAYA (GUNAS),TRANSCO PRATAMA,TRANSCO PRATAMA,-1.17778181132304,101.722248778337,50.0,Operating,2008,Establishment year imputed based on Dinas Perkebunan Plantation Statistics reports (e.g. first year a mill appears in a Dinas Perkebunan Plantation Statistics report),DHARMASRAYA,ID-1311,SUMATERA BARAT,101.72224878,-1.17778181
M-00901,PO1000004305,UNKNOWN,TRI AGRO PALMA TAMIANG,TRI AGRO PALMA TAMIANG,4.18627213613483,98.042886940763,10.0,Operating,2009,Establishment year based on other government record of establishment (e.g. Permit database),ACEH TAMIANG,ID-1114,ACEH,98.04288694,4.18627214
M-00904,PO1000004119,SARIMAS,TRI BAKTI SARIMAS,BUKIT PAYUNG,-0.7302777,101.641111,45.0,Operating,2004,"Mill known to exist in 2004 (source: Golder Associates (2006). Appendix VIII: Summary of Renewable Potential in Indonesia POM, Retrieved October 10, 2018, http://www.adb.org/Documents/Reports/Consulta nt/46557-INO/36557-INO-TACR- AppendixVIII.pdf)",KUANTAN SINGINGI,ID-1401,RIAU,101.641111,-0.7302777
M-00905,PO1000004444,TRINITY INTERLINK,MERANGKAI ARTHA NUSANTARA,MERANGKAI ARTHA NUSANTARA,1.21247222,100.292388,30.0,Operating,2012,Establishment year imputed based on Dinas Perkebunan Plantation Statistics reports (e.g. first year a mill appears in a Dinas Perkebunan Plantation Statistics report),ROKAN HULU,ID-1407,RIAU,100.292388,1.21247222
M-00906,PO1000004841,TRINITY INTERLINK,BINA RAHMAD MADANI,BINA RAHMAD MADANI,3.93236402725229,98.1772652838956,20.0,Operating,2006,"Earliest year mill found to exist based on photo-interpretation of high-resolution satellite imagery, manufacturing census data, traceability reports and other secondary sources (or combination of these sources)",LANGKAT,ID-1213,SUMATERA UTARA,98.17726528,3.93236403
M-00907,PO1000007519,TRINITY INTERLINK,TRINITY PALMAS PLANTATION,TRINITY PALMAS PLANTATION,-2.0590769,119.3442744,45.0,Operating,2015,"Establishment year based off secondary sources (e.g. website, corporate report, etc)",MAMUJU TENGAH,ID-7606,SULAWESI BARAT,119.3442744,-2.0590769
M-00908,PO1000001618,TRIPUTRA AGRO PERSADA,GAWI BAHANDEP SAWIT MEKAR,GAWI BAHANDEP SAWIT MEKAR,-2.95052867954227,112.348308391099,75.0,Operating,2011,Establishment year based on dinas perkebunan record of establishment (e.g. Dinas Perkebunan Plantation Statistics report of establishment dates),SERUYAN,ID-6208,KALIMANTAN TENGAH,112.34830839,-2.95052868
M-00909,PO1000005222,TRIPUTRA AGRO PERSADA,FIRST LAMANDAU TIMBER INTERNATIONAL,FIRST LAMANDAU TIMBER INTERNATIONAL,-1.85017,111.46939,45.0,Operating,2012,Establishment year based on dinas perkebunan record of establishment (e.g. Dinas Perkebunan Plantation Statistics report of establishment dates),LAMANDAU,ID-6207,KALIMANTAN TENGAH,111.46939,-1.85017
M-00910,PO1000004107,TRIPUTRA AGRO PERSADA,MUARATOYU SUBUR LESTARI,MUARATOYU SUBUR LESTARI,-1.353327,116.38286979,60.0,Operating,2013,"Establishment year based off secondary sources (e.g. website, corporate report, etc)",PENAJAM PASER UTARA,ID-6409,KALIMANTAN TIMUR,116.38286979,-1.353327
M-00911,PO1000001619,TRIPUTRA AGRO PERSADA,BRAHMA BINA BAKTI,BRAHMA BINA BAKTI,-1.34753856915874,103.325675482273,65.0,Operating,1998,Establishment year based on other government record of establishment (e.g. Permit database),MUARO JAMBI,ID-1505,JAMBI,103.32567548,-1.34753857
M-00912,PO1000007532,HPI-AGRO (DJARUM),BUANA HIJAU ABADI,BUANA HIJAU ABADI,0.518564019028878,111.587596164313,60.0,Operating,2015,Establishment year based on other government record of establishment (e.g. Permit database),SINTANG,ID-6107,KALIMANTAN BARAT,111.58759616,0.51856402
M-00913,PO1000008346,TRIPUTRA AGRO PERSADA,ETAM BERSAMA LESTARI,ETAM BERSAMA LESTARI,1.2232647,117.878932,45.0,Operating,2007,"Establishment year based off secondary sources (e.g. website, corporate report, etc)",KUTAI TIMUR,ID-6404,KALIMANTAN TIMUR,117.878932,1.2232647
M-00914,PO1000008424,TRIPUTRA AGRO PERSADA,DWIWIRA LESTARI JAYA,DWIWIRA LESTARI JAYA,1.6063938898389,118.044412031865,60.0,Operating,2014,"Establishment year based off secondary sources (e.g. website, corporate report, etc)",BERAU,ID-6405,KALIMANTAN TIMUR,118.04441203,1.60639389
M-00915,PO1000007599,TSANI HUTANI ABADI (THA),KRUING LESTARI JAYA,SUNGAI PERAK,-0.662573003677835,115.590841410119,80.0,Operating,2017,Establishment year imputed based on Dinas Perkebunan Plantation Statistics reports (e.g. first year a mill appears in a Dinas Perkebunan Plantation Statistics report),KUTAI BARAT,ID-6402,KALIMANTAN TIMUR,115.59084141,-0.662573
M-00916,PO1000007609,DHARMA AGUNG WIJAYA (DAW),SENTOSA BUMI WIJAYA,BENKAYANG,1.04467454066647,109.579360667291,45.0,Operating,2016,"Establishment year based off secondary sources (e.g. website, corporate report, etc)",BENGKAYANG,ID-6102,KALIMANTAN BARAT,109.57936067,1.04467454
M-00917,PO1000008439,SUNGAI BUDI,TUNAS BARU LAMPUNG,PKS 1,-4.86471784657395,105.183703561295,70.0,Operating,1995,"Establishment year based off secondary sources (e.g. website, corporate report, etc)",LAMPUNG TENGAH,ID-1805,LAMPUNG,105.18370356,-4.86471785
M-00918,PO1000007651,SUNGAI BUDI,AGRO BUMI MAS,PKS 3,-4.57386563592761,104.757497936488,45.0,Operating,2006,"Establishment year based off secondary sources (e.g. website, corporate report, etc)",LAMPUNG UTARA,ID-1806,LAMPUNG,104.75749794,-4.57386564
M-00919,PO1000008391,SUNGAI BUDI,TUNAS BARU LAMPUNG,PKS 2,-4.01329309717071,105.274883099359,90.0,Operating,2022,"Establishment year based off secondary sources (e.g. website, corporate report, etc)",MESUJI,ID-1811,LAMPUNG,105.2748831,-4.0132931
M-00920,PO1000000553,SUNGAI BUDI,TUNAS BARU LAMPUNG,PKS 4,-2.90583232021228,104.912892472335,45.0,Operating,2012,"Establishment year based off secondary sources (e.g. website, corporate report, etc)",BANYUASIN,ID-1607,SUMATERA SELATAN,104.91289247,-2.90583232
M-00922,PO1000007523,UNKNOWN,SUMBER BUDI AGUNG,SUMBER BUDI AGUNG,0.478828216538786,101.599767724833,30.0,Operating,2015,"Earliest year mill found to exist based on photo-interpretation of high-resolution satellite imagery, manufacturing census data, traceability reports and other secondary sources (or combination of these sources)",PELALAWAN,ID-1404,RIAU,101.59976772,0.47882822
M-00923,PO1000004336,UNKNOWN,TUNAS HARAPAN SAWIT,TUNAS HARAPAN SAWIT,3.36762102606128,99.0173362608509,30.0,Operating,2012,"Establishment year based off secondary sources (e.g. website, corporate report, etc)",SERDANG BEDAGAI,ID-1218,SUMATERA UTARA,99.01733626,3.36762103
M-00925,PO1000004111,METRO,CITRAKOPRASINDO TANI,RANTAU BADAK,-1.29383352584496,103.14509558335,40.0,Operating,2004,Establishment year imputed based on Dinas Perkebunan Plantation Statistics reports (e.g. first year a mill appears in a Dinas Perkebunan Plantation Statistics report),TANJUNG JABUNG BARAT,ID-1507,JAMBI,103.14509558,-1.29383353
M-00926,PO1000008258,UNKNOWN,UJONG NEUBOK DALAM,UJONG NEUBOK DALAM,4.06266752073977,96.4870861003329,30.0,Operating,2016,"Establishment year based off secondary sources (e.g. website, corporate report, etc)",NAGAN RAYA,ID-1115,ACEH,96.4870861,4.06266752
M-00927,PO1000004141,UMADA,UMADA,UMADA,2.23337691963753,99.7901353879548,60.0,Operating,1988,"Establishment year based off secondary sources (e.g. website, corporate report, etc)",LABUHAN BATU UTARA,ID-1223,SUMATERA UTARA,99.79013539,2.23337692
M-00928,PO1000010072,FIRST RESOURCES,UMEKAH SARI PRATAMA,UMEKAH SARI PRATAMA,-2.12049850972232,110.979325584031,60.0,Operating,2016,"Establishment year based off secondary sources (e.g. website, corporate report, etc)",KETAPANG,ID-6106,KALIMANTAN BARAT,110.97932558,-2.12049851
M-00929,PO1000004469,WIDYA,UNGGUL WIDYA TEKNOLOGI LESTARI,BARAS,-1.5399439,119.4040516,60.0,Operating,1992,"Establishment year based off secondary sources (e.g. website, corporate report, etc)",MAMUJU UTARA,ID-7605,SULAWESI BARAT,119.4040516,-1.5399439
M-00930,PO1000004341,PANCA EKA,KEBUN PANTAI RAJA,TANJUNG PAUH,-0.0569067723199247,101.243788775388,45.0,Operating,2004,"Mill known to exist in 2004 (source: Golder Associates (2006). Appendix VIII: Summary of Renewable Potential in Indonesia POM, Retrieved October 10, 2018, http://www.adb.org/Documents/Reports/Consulta nt/46557-INO/36557-INO-TACR- AppendixVIII.pdf)",KUANTAN SINGINGI,ID-1401,RIAU,101.24378878,-0.05690677
M-00931,PO1000004238,UNION SAMPOERNA TRIPUTRA PERSADA (USTP),SALONOK LADANG MAS,SALONOK LADANG MAS,-2.7561177202952,112.437073670069,60.0,Operating,2014,Establishment year based on dinas perkebunan record of establishment (e.g. Dinas Perkebunan Plantation Statistics report of establishment dates),SERUYAN,ID-6208,KALIMANTAN TENGAH,112.43707367,-2.75611772
M-00932,PO1000004171,UNION SAMPOERNA TRIPUTRA PERSADA (USTP),HARAPAN HIBRIDA KALBAR,SUNGAI BILA ESTATE,-2.33151064532362,111.280416750918,90.0,Operating,2013,Establishment year based on dinas perkebunan record of establishment (e.g. Dinas Perkebunan Plantation Statistics report of establishment dates),SUKAMARA,ID-6206,KALIMANTAN TENGAH,111.28041675,-2.33151065
M-00933,PO1000004526,UNION SAMPOERNA TRIPUTRA PERSADA (USTP),GRAHA CAKRA MULIA,GRAHA CAKRA MULIA,-2.134444,111.1825,60.0,Operating,2007,Establishment year based on dinas perkebunan record of establishment (e.g. Dinas Perkebunan Plantation Statistics report of establishment dates),SUKAMARA,ID-6206,KALIMANTAN TENGAH,111.1825,-2.134444
M-00934,PO1000004083,UNITED PLANTATIONS,SURYA SAWIT SEJATI,LADA,-2.590899,111.772559,60.0,Operating,2010,Establishment year based on dinas perkebunan record of establishment (e.g. Dinas Perkebunan Plantation Statistics report of establishment dates),KOTAWARINGIN BARAT,ID-6201,KALIMANTAN TENGAH,111.772559,-2.590899
M-00937,PO1000006365,SAMPOERNA AGRO,USAHA AGRO INDONESIA,USAHA AGRO INDONESIA,-2.6834823,110.9754691,30.0,Operating,2014,"Establishment year based off secondary sources (e.g. website, corporate report, etc)",KETAPANG,ID-6106,KALIMANTAN BARAT,110.9754691,-2.6834823
M-00938,PO1000004394,UNKNOWN,USAHA KITA MAKMUR,USAHA KITA MAKMUR,-0.529635871288597,101.492029465885,30.0,Operating,2014,"Establishment year based off secondary sources (e.g. website, corporate report, etc)",KUANTAN SINGINGI,ID-1401,RIAU,101.49202947,-0.52963587
M-00939,PO1000005128,PTPN III,PERKEBUNAN NUSANTARA V,SEI ROKAN,0.72658,100.57785,60.0,Operating,1982,"Establishment year based off secondary sources (e.g. website, corporate report, etc)",ROKAN HULU,ID-1407,RIAU,100.57785,0.72658
M-00940,PO1000006269,PERMATA HIJAU,VICTORINDO ALAM LESTARI,UNIT PABRIK HUTALOMBANG,1.13959309332151,99.7680560716286,45.0,Operating,2004,"Earliest year mill found to exist based on photo-interpretation of high-resolution satellite imagery, manufacturing census data, traceability reports and other secondary sources (or combination of these sources)",PADANG LAWAS,ID-1221,SUMATERA UTARA,99.76805607,1.13959309
M-00941,PO1000004317,UNKNOWN,WAHANA POTENSI GUNA,WAHANA POTENSI GUNA,-2.8219085807896,103.444942368443,60.0,Operating,2010,"Establishment year based off secondary sources (e.g. website, corporate report, etc)",MUSI BANYUASIN,ID-1606,SUMATERA SELATAN,103.44494237,-2.82190858
M-00942,PO1000006376,SOUTHERN ACIDS BERHAD,WANASARI NUSANTARA,WANASARI NUSANTARA,-0.284838667011172,101.471812564966,60.0,Operating,2015,"Establishment year based off secondary sources (e.g. website, corporate report, etc)",KUANTAN SINGINGI,ID-1401,RIAU,101.47181256,-0.28483867
M-00943,PO1000004453,ASTRA AGRO LESTARI,WARU KALTIM PLANTATION,WARU KALTIM PLANTATION,-1.3294722,116.5448375,60.0,Operating,1996,"Establishment year based off secondary sources (e.g. website, corporate report, etc)",PENAJAM PASER UTARA,ID-6409,KALIMANTAN TIMUR,116.5448375,-1.3294722
M-00944,PO1000004383,UNKNOWN,PANGKALAN BARU INDAH,PANGKALAN BARU INDAH,0.423837633672499,101.590088995631,20.0,Operating,2008,Establishment year imputed based on Dinas Perkebunan Plantation Statistics reports (e.g. first year a mill appears in a Dinas Perkebunan Plantation Statistics report),PELALAWAN,ID-1404,RIAU,101.590089,0.42383763
M-00946,PO1000004556,WILMAR,AGRINDO INDAH PERSADA,AGRINDO INDAH PERSADA 3,-4.01313934230982,102.49634484021,30.0,Operating,2012,Establishment year imputed based on Dinas Perkebunan Plantation Statistics reports (e.g. first year a mill appears in a Dinas Perkebunan Plantation Statistics report),SELUMA,ID-1705,BENGKULU,102.49634484,-4.01313934
M-00947,PO1000000953,WILMAR,BULUH CAWANG PLANTATIONS,DABUK REJO,-3.94684840424563,104.956617469783,60.0,Operating,2005,Establishment year imputed based on Dinas Perkebunan Plantation Statistics reports (e.g. first year a mill appears in a Dinas Perkebunan Plantation Statistics report),OGAN KOMERING ILIR,ID-1602,SUMATERA SELATAN,104.95661747,-3.9468484
M-00948,PO1000000562,WILMAR,TANIA SELATAN,BURNAI TIMUR,-3.62532247999089,104.868681777868,60.0,Operating,1993,Establishment year based on other government record of establishment (e.g. Permit database),OGAN KOMERING ILIR,ID-1602,SUMATERA SELATAN,104.86868178,-3.62532248
M-00950,PO1000000600,WILMAR,SARANA TITIAN PERMATA,SARANA TITIAN PERMATA PKS 1,-2.894444,112.543611,45.0,Operating,2011,Establishment year based on dinas perkebunan record of establishment (e.g. Dinas Perkebunan Plantation Statistics report of establishment dates),SERUYAN,ID-6208,KALIMANTAN TENGAH,112.543611,-2.894444
M-00951,PO1000003486,WILMAR,RIMBA HARAPAN SAKTI,RIMBA HARAPAN SAKTI,-2.835778,112.57178,45.0,Operating,2013,Establishment year based on dinas perkebunan record of establishment (e.g. Dinas Perkebunan Plantation Statistics report of establishment dates),SERUYAN,ID-6208,KALIMANTAN TENGAH,112.57178,-2.835778
M-00952,PO1000000146,WILMAR,KERRY SAWIT INDONESIA,KERRY SAWIT INDONESIA 1,-2.78361477870882,112.509612046387,45.0,Operating,2009,Establishment year based on dinas perkebunan record of establishment (e.g. Dinas Perkebunan Plantation Statistics report of establishment dates),SERUYAN,ID-6208,KALIMANTAN TENGAH,112.50961205,-2.78361478
M-00953,PO1000017408,WILMAR,AGRO PALINDO SAKTI,AGRO PALINDO SAKTI,-2.71163854266764,104.342959044927,30.0,Operating,2014,Establishment year imputed based on Dinas Perkebunan Plantation Statistics reports (e.g. first year a mill appears in a Dinas Perkebunan Plantation Statistics report),BANYUASIN,ID-1607,SUMATERA SELATAN,104.34295904,-2.71163854
M-00955,PO1000004223,WILMAR,MUSI BANYUASIN INDAH,SELABU,-2.62827031972303,103.818295053899,60.0,Operating,1996,Establishment year based on other government record of establishment (e.g. Permit database),MUSI BANYUASIN,ID-1606,SUMATERA SELATAN,103.81829505,-2.62827032
M-00956,PO1000006323,WILMAR,KERRY SAWIT INDONESIA,KERRY SAWIT INDONESIA 2,-2.69955550980138,112.482833156594,45.0,Operating,2013,Establishment year based on dinas perkebunan record of establishment (e.g. Dinas Perkebunan Plantation Statistics report of establishment dates),SERUYAN,ID-6208,KALIMANTAN TENGAH,112.48283316,-2.69955551
M-00957,PO1000000144,WILMAR,MUSTIKA SEMBULUH,MUSTIKA SEMBULUH 1,-2.58762430237097,112.511784271181,110.0,Operating,2007,Establishment year based on dinas perkebunan record of establishment (e.g. Dinas Perkebunan Plantation Statistics report of establishment dates),SERUYAN,ID-6208,KALIMANTAN TENGAH,112.51178427,-2.5876243
M-00958,PO1000007984,WILMAR,MUSTIKA SEMBULUH,MUSTIKA SEMBULUH 2,-2.45745174201645,112.500156368006,45.0,Operating,2012,Establishment year based on dinas perkebunan record of establishment (e.g. Dinas Perkebunan Plantation Statistics report of establishment dates),KOTAWARINGIN TIMUR,ID-6202,KALIMANTAN TENGAH,112.50015637,-2.45745174
M-00959,PO1000004150,WILMAR,KARUNIA KENCANA PERMAI SEJATI,KARUNIA KENCANA PERMAI SEJATI,-2.23985,112.63045,45.0,Operating,2013,Establishment year based on dinas perkebunan record of establishment (e.g. Dinas Perkebunan Plantation Statistics report of establishment dates),KOTAWARINGIN TIMUR,ID-6202,KALIMANTAN TENGAH,112.63045,-2.23985
M-00960,PO1000001043,WILMAR,BUMI SAWIT KENCANA,BUMI SAWIT KENCANA,-2.22957385798251,112.493324889997,45.0,Operating,2010,Establishment year based on dinas perkebunan record of establishment (e.g. Dinas Perkebunan Plantation Statistics report of establishment dates),KOTAWARINGIN TIMUR,ID-6202,KALIMANTAN TENGAH,112.49332489,-2.22957386
M-00961,PO1000003150,WILMAR,MENTAYA SAWIT MAS,MENTAYA SAWIT MAS,-2.16469,112.56942,45.0,Operating,2011,Establishment year based on dinas perkebunan record of establishment (e.g. Dinas Perkebunan Plantation Statistics report of establishment dates),KOTAWARINGIN TIMUR,ID-6202,KALIMANTAN TENGAH,112.56942,-2.16469
M-00962,PO1000008186,KPN CORP,BERKAT SAWIT UTAMA,SEI KANDANG,-2.04317494613659,103.346772966313,45.0,Operating,1999,"Mill known to exist in 1999 (source: Taib, Gunatif (2000), Kajian Pengembangan Industri Crude Palm Oil Skala Kecil (Studi Kasus Pengembangan Industri Crude Palm Oil di Sumatera Barat), http://repository.ipb.ac.id/handle/123456789/5044)",BATANG HARI,ID-1504,JAMBI,103.34677297,-2.04317495
M-00963,PO1000004507,WILMAR,AGRINDO INDAH PERSADA,AGRINDO INDAH PERSADA 2,-1.96435248355538,102.301184043914,60.0,Operating,2004,"Mill known to exist in 2004 (source: Golder Associates (2006). Appendix VIII: Summary of Renewable Potential in Indonesia POM, Retrieved October 10, 2018, http://www.adb.org/Documents/Reports/Consulta nt/46557-INO/36557-INO-TACR- AppendixVIII.pdf)",MERANGIN,ID-1502,JAMBI,102.30118404,-1.96435248
M-00964,PO1000000561,WILMAR,KENCANA SAWIT INDONESIA,KENCANA SAWIT INDONESIA,-1.46841905514207,101.514937929795,45.0,Operating,2008,"Earliest year mill found to exist based on photo-interpretation of high-resolution satellite imagery, manufacturing census data, traceability reports and other secondary sources (or combination of these sources)",SOLOK SELATAN,ID-1310,SUMATERA BARAT,101.51493793,-1.46841906
M-00966,PO1000004382,KPN CORP,TRITUNGGAL SENTRA BUANA,SALO BANDANG,-0.4178506,117.3646449,60.0,Operating,2009,Establishment year imputed based on Dinas Perkebunan Plantation Statistics reports (e.g. first year a mill appears in a Dinas Perkebunan Plantation Statistics report),KUTAI KARTANEGARA,ID-6403,KALIMANTAN TIMUR,117.3646449,-0.4178506
M-00969,PO1000004335,WILMAR,BUMI PRATAMA KHATULISTIWA,BUMI PRATAMA KHATULISTIWA,-0.0220809193345644,109.424615112295,45.0,Operating,2003,Establishment year imputed based on Dinas Perkebunan Plantation Statistics reports (e.g. first year a mill appears in a Dinas Perkebunan Plantation Statistics report),KUBU RAYA,ID-6112,KALIMANTAN BARAT,109.42461511,-0.02208092
M-00970,PO1000002133,WILMAR,GERSINDO MINANG PLANTATION,GERSINDO MINANG PLANTATION,0.1196099859748,99.7186850052382,60.0,Operating,1995,Establishment year based on other government record of establishment (e.g. Permit database),PASAMAN BARAT,ID-1312,SUMATERA BARAT,99.71868501,0.11960999
M-00971,PO1000004384,WILMAR,SINAR SIAK DIAN PERMAI,SINAR SIAK DIAN PERMAI,0.450851867088997,101.621106121303,60.0,Operating,2001,"Establishment year based off secondary sources (e.g. website, corporate report, etc)",PELALAWAN,ID-1404,RIAU,101.62110612,0.45085187
M-00974,PO1000004404,WILMAR,SIAK PRIMA SAKTI,SIAK PRIMA SAKTI,0.653070274702438,101.752494651595,60.0,Operating,2005,"Establishment year based off secondary sources (e.g. website, corporate report, etc)",SIAK,ID-1405,RIAU,101.75249465,0.65307027
M-00975,PO1000005281,WILMAR,MURINI SAMSAM,MURINI SAM-SAM KANDIS,1.06061752206379,101.240302614193,90.0,Operating,2008,Establishment year imputed based on Dinas Perkebunan Plantation Statistics reports (e.g. first year a mill appears in a Dinas Perkebunan Plantation Statistics report),BENGKALIS,ID-1408,RIAU,101.24030261,1.06061752
M-00976,PO1000004244,PERMATA HIJAU,PERMATA HIJAU SAWIT,PERMATA HIJAU SAWIT,1.06652210881568,100.070364569015,90.0,Operating,1999,"Mill known to exist in 1999 (source: Taib, Gunatif (2000), Kajian Pengembangan Industri Crude Palm Oil Skala Kecil (Studi Kasus Pengembangan Industri Crude Palm Oil di Sumatera Barat), http://repository.ipb.ac.id/handle/123456789/5044)",PADANG LAWAS,ID-1221,SUMATERA UTARA,100.07036457,1.06652211
M-00977,PO1000002130,WILMAR,AGRONUSA INVESTAMA,SAMBAS,1.35361096277309,109.507995973875,30.0,Operating,2010,Establishment year imputed based on Dinas Perkebunan Plantation Statistics reports (e.g. first year a mill appears in a Dinas Perkebunan Plantation Statistics report),SAMBAS,ID-6101,KALIMANTAN BARAT,109.50799597,1.35361096
M-00979,PO1000004474,WILMAR,MURINI SAMSAM,MURINI SAM-SAM PELINTUNG,1.65116165227716,101.643278902235,60.0,Operating,2007,"Establishment year based off secondary sources (e.g. website, corporate report, etc)",DUMAI (KOTA),ID-1473,RIAU,101.6432789,1.65116165
M-00981,PO1000004479,WILMAR,SINAR PERDANA CARAKA,SINAR PERDANA CARAKA,1.69215164188136,100.558476694596,80.0,Operating,1998,"Establishment year based off secondary sources (e.g. website, corporate report, etc)",ROKAN HILIR,ID-1409,RIAU,100.55847669,1.69215164
M-00982,PO1000004484,WILMAR,DHARMA WUNGU GUNA,BULUH CINA,1.76852335865538,100.493616767497,45.0,Operating,1995,"Establishment year based off secondary sources (e.g. website, corporate report, etc)",ROKAN HILIR,ID-1409,RIAU,100.49361677,1.76852336
M-00983,PO1000008161,WILMAR,DAYA LABUHAN INDAH,DAYA LABUHAN INDAH 1,2.15068618378137,99.9990171288981,30.0,Operating,1999,"Mill known to exist in 1999 (source: Taib, Gunatif (2000), Kajian Pengembangan Industri Crude Palm Oil Skala Kecil (Studi Kasus Pengembangan Industri Crude Palm Oil di Sumatera Barat), http://repository.ipb.ac.id/handle/123456789/5044)",LABUHAN BATU,ID-1207,SUMATERA UTARA,99.99901713,2.15068618
M-00984,PO1000002132,WILMAR,DAYA LABUHAN INDAH,DAYA LABUHAN INDAH 2,2.28641941697902,100.14114850863,30.0,Operating,2013,"Earliest year mill found to exist based on photo-interpretation of high-resolution satellite imagery, manufacturing census data, traceability reports and other secondary sources (or combination of these sources)",LABUHAN BATU,ID-1207,SUMATERA UTARA,100.14114851,2.28641942
M-00985,PO1000004243,WILMAR,AGRINDO INDAH PERSADA,AGRINDO INDAH PERSADA 1,2.77950227035895,99.3934803150178,45.0,Operating,2002,"Earliest year mill found to exist based on photo-interpretation of high-resolution satellite imagery, manufacturing census data, traceability reports and other secondary sources (or combination of these sources)",ASAHAN,ID-1208,SUMATERA UTARA,99.39348032,2.77950227
M-00988,PO1000008284,DARMEX AGRO,WIRATA DAYA BANGUN PERSADA,WIRATA DAYA BANGUN PERSADA,1.42939758599814,109.602995345474,30.0,Operating,2011,Establishment year imputed based on Dinas Perkebunan Plantation Statistics reports (e.g. first year a mill appears in a Dinas Perkebunan Plantation Statistics report),SAMBAS,ID-6101,KALIMANTAN BARAT,109.60299535,1.42939759
M-00989,PO1000010051,UNKNOWN,LUBUK BENDAHARA PALMA INDUSTRI,LUBUK BENDAHARA PALMA INDUSTRI,0.667173890518926,100.508021837449,30.0,Operating,2014,Establishment year imputed based on Dinas Perkebunan Plantation Statistics reports (e.g. first year a mill appears in a Dinas Perkebunan Plantation Statistics report),ROKAN HULU,ID-1407,RIAU,100.50802184,0.66717389
M-00990,PO1000006266,TRIPUTRA AGRO PERSADA,YUDHA WAHANA ABADI,YUDHA WAHANA ABADI,1.44086006,117.20962655,60.0,Operating,2013,"Establishment year based off secondary sources (e.g. website, corporate report, etc)",BERAU,ID-6405,KALIMANTAN TIMUR,117.20962655,1.44086006
M-00991,PO1000007621,ZONERGY,SINAR CITRA CEMERLANG,CEMPAKA SAKTI,-2.13303381278243,112.906847214167,45.0,Operating,2016,Establishment year based on dinas perkebunan record of establishment (e.g. Dinas Perkebunan Plantation Statistics report of establishment dates),KOTAWARINGIN TIMUR,ID-6202,KALIMANTAN TENGAH,112.90684721,-2.13303381
M-00992,PO1000008639,ANJ AGRO,PUTERA MANUNGGAL PERKASA,PUTERA MANUNGGAL PERKASA,-1.784541,132.457353,45.0,Operating,2019,"Establishment year based off secondary sources (e.g. website, corporate report, etc)",MAYBRAT,ID-9110,PAPUA BARAT,132.457353,-1.784541
M-00993,PO1000008640,BEST INDUSTRY,HAMPARAN MASAWIT BANGUN PERSADA,HAMPARAN MASAWIT BANGUN PERSADA,-2.55901297631129,112.456666588136,120.0,Operating,2010,Establishment year based on dinas perkebunan record of establishment (e.g. Dinas Perkebunan Plantation Statistics report of establishment dates),SERUYAN,ID-6208,KALIMANTAN TENGAH,112.45666659,-2.55901298
M-00994,PO1000007443,PPA KAPITAL,DUTA MENTARI RAYA,DUTA MENTARI RAYA,-0.347833505612497,101.39947126439,45.0,Operating,2017,"Establishment year based off secondary sources (e.g. website, corporate report, etc)",KUANTAN SINGINGI,ID-1401,RIAU,101.39947126,-0.34783351
M-00995,PO1000013836,UNKNOWN,FAJAR AGRO SAWIT,FAJAR AGRO SAWIT,3.49988,98.306104,45.0,Operating,2019,"Earliest year mill found to exist based on photo-interpretation of high-resolution satellite imagery, manufacturing census data, traceability reports and other secondary sources (or combination of these sources)",LANGKAT,ID-1213,SUMATERA UTARA,98.306104,3.49988
M-00996,PO1000008149,GENTING PLANTATIONS,KHARISMA INTI USAHA,KHARISMA INTI USAHA,-3.00376126087425,114.935523218673,60.0,Operating,2017,"Establishment year based off secondary sources (e.g. website, corporate report, etc)",TAPIN,ID-6305,KALIMANTAN SELATAN,114.93552322,-3.00376126
M-00997,PO1000004334,MKH BERHAD,MAJU KALIMANTAN HADAPAN,SEGUNTUNG,0.01489632,116.96686599,90.0,Operating,2011,"Establishment year based off secondary sources (e.g. website, corporate report, etc)",KUTAI KARTANEGARA,ID-6403,KALIMANTAN TIMUR,116.96686599,0.01489632
M-00998,PO1000007466,SALIM GROUP,PERUSAHAAN PERKEBUNAN LONDON SUMATRA INDONESIA,KENCANA SARI,-3.63914314960679,103.448765695257,20.0,Operating,2017,"Establishment year based off secondary sources (e.g. website, corporate report, etc)",LAHAT,ID-1604,SUMATERA SELATAN,103.4487657,-3.63914315
M-00999,PO1000009558,UNKNOWN,BUNGO SUKO MENANTI,BUNGO SUKO MENANTI,-1.30851888124235,101.765184450941,60.0,Operating,2015,"Establishment year based off secondary sources (e.g. website, corporate report, etc)",BUNGO,ID-1509,JAMBI,101.76518445,-1.30851888
M-01001,PO1000009023,PTPN III,PERKEBUNAN NUSANTARA VIII,CIKASUNGKA,-6.519551,106.507086,30.0,Operating,2013,"Establishment year based off secondary sources (e.g. website, corporate report, etc)",BOGOR,ID-3201,JAWA BARAT,106.507086,-6.519551
M-01002,PO1000005104,BUMITAMA GUNAJAYA AGRO (BGA),WINDU NABATINDO LESTARI,KATARI AGRO,-2.09873785107695,113.04057149348,45.0,Operating,2013,Establishment year based on dinas perkebunan record of establishment (e.g. Dinas Perkebunan Plantation Statistics report of establishment dates),KOTAWARINGIN TIMUR,ID-6202,KALIMANTAN TENGAH,113.04057149,-2.09873785
M-01003,PO1000008380,PTPN III,PERKEBUNAN NUSANTARA VIII,KERTAJAYA,-6.620621,105.997228,60.0,Operating,1983,"Establishment year based off secondary sources (e.g. website, corporate report, etc)",LEBAK,ID-3602,BANTEN,105.997228,-6.620621
M-01004,PO1000008214,ERAKARYA,ARYA RAMA PERSADA,ARYA RAMA PERSADA,3.09866440030684,99.5949205092269,90.0,Operating,2015,"Establishment year based off secondary sources (e.g. website, corporate report, etc)",BATU BARA,ID-1219,SUMATERA UTARA,99.59492051,3.0986644
M-01005,PO1000005302,BUMITAMA GUNAJAYA AGRO (BGA),KARYA MAKMUR BAHAGIA,BUKIT MAKMUR,-1.56784918383017,112.720426242788,90.0,Operating,2013,Establishment year based on dinas perkebunan record of establishment (e.g. Dinas Perkebunan Plantation Statistics report of establishment dates),KOTAWARINGIN TIMUR,ID-6202,KALIMANTAN TENGAH,112.72042624,-1.56784918
M-01007,PO1000007469,UNKNOWN,SURYA GEMILANG AGRO MANDIRI,SURYA GEMILANG AGRO MANDIRI,-1.27247318978016,103.815591591638,45.0,Operating,2017,"Establishment year based off secondary sources (e.g. website, corporate report, etc)",TANJUNG JABUNG TIMUR,ID-1506,JAMBI,103.81559159,-1.27247319
M-01008,PO1000008246,UNKNOWN,YAPUTRA ALFA PALMINDO,YAPUTRA ALFA PALMINDO,3.7197299,98.1944475,15.0,Operating,2017,"Establishment year based off secondary sources (e.g. website, corporate report, etc)",LANGKAT,ID-1213,SUMATERA UTARA,98.1944475,3.7197299
M-01009,PO1000008563,LOW YAT,TUNAS PRIMA SEJAHTERA,TUNAS PRIMA SEJAHTERA,0.05483254,116.37999821,30.0,Operating,2016,Establishment year imputed based on Dinas Perkebunan Plantation Statistics reports (e.g. first year a mill appears in a Dinas Perkebunan Plantation Statistics report),KUTAI KARTANEGARA,ID-6403,KALIMANTAN TIMUR,116.37999821,0.05483254
M-01010,PO1000008143,UNKNOWN,INDRALAYA AGRO LESTARI,INDRALAYA AGRO LESTARI,-3.07416214378643,104.588629338153,60.0,Operating,2016,"Establishment year based off secondary sources (e.g. website, corporate report, etc)",OGAN ILIR,ID-1610,SUMATERA SELATAN,104.58862934,-3.07416214
M-01011,PO1000007658,EAGLE HIGH PLANTATIONS,ARRTU PLANTATION,KELAMPAI,-1.9329446216497,110.494020046794,45.0,Operating,2017,"Establishment year based off secondary sources (e.g. website, corporate report, etc)",KETAPANG,ID-6106,KALIMANTAN BARAT,110.49402005,-1.93294462
M-01012,PO1000007622,TOBA BARA,PERKEBUNAN KALTIM UTAMA I,PERKEBUNAN KALTIM UTAMA I,-0.72900515,117.18571181,30.0,Operating,2016,"Establishment year based off secondary sources (e.g. website, corporate report, etc)",KUTAI KARTANEGARA,ID-6403,KALIMANTAN TIMUR,117.18571181,-0.72900515
M-01013,PO1000009016,REA HOLDINGS,SASANA YUDHA BAKTI,SATRIA,0.42255312,116.14986212,80.0,Operating,2012,"Establishment year based off secondary sources (e.g. website, corporate report, etc)",KUTAI KARTANEGARA,ID-6403,KALIMANTAN TIMUR,116.14986212,0.42255312
M-01014,PO1000008133,JHONLIN,BATULICIN AGRO SENTOSA,KARANG BINTANG,-3.37284662331148,115.906314637099,30.0,Operating,2015,"Establishment year based off secondary sources (e.g. website, corporate report, etc)",TANAH BUMBU,ID-6310,KALIMANTAN SELATAN,115.90631464,-3.37284662
M-01015,PO1000009015,INCASI RAYA (GUNAS),BINA PRATAMA SAKATO JAYA,KILIRAN JAO,-0.864853878373385,101.445628340058,80.0,Operating,2003,"Establishment year based off secondary sources (e.g. website, corporate report, etc)",SIJUNJUNG,ID-1304,SUMATERA BARAT,101.44562834,-0.86485388
M-01018,PO1000007587,MULTI PRIMA ENTAKAI,PERMATA HIJAU SARANA,SERARAS,0.0445310515193668,111.02548983467,45.0,Operating,2017,"Establishment year based off secondary sources (e.g. website, corporate report, etc)",SEKADAU,ID-6109,KALIMANTAN BARAT,111.02548983,0.04453105
M-01019,PO1000008265,TRIPUTRA AGRO PERSADA,HAMPARAN PERKASA MANDIRI,HAMPARAN PERKASA MANDIRI,0.7772908,116.6105317,60.0,Operating,2017,"Establishment year based off secondary sources (e.g. website, corporate report, etc)",KUTAI TIMUR,ID-6404,KALIMANTAN TIMUR,116.6105317,0.7772908
M-01020,PO1000010011,UNKNOWN,MULTI PERKASA JAYA ABADI,MULTI PERKASA JAYA ABADI,-1.81545613630692,103.848802686165,45.0,Operating,2017,"Establishment year based off secondary sources (e.g. website, corporate report, etc)",MUSI BANYUASIN,ID-1606,SUMATERA SELATAN,103.84880269,-1.81545614
M-01021,PO1000008226,UNKNOWN,MULTI GUNA LESTARI ABADI,MULTI GUNA LESTARI ABADI,-0.95920620555522,102.748852816291,35.0,Operating,2017,"Establishment year based off secondary sources (e.g. website, corporate report, etc)",INDRAGIRI HILIR,ID-1403,RIAU,102.74885282,-0.95920621
M-01022,PO1000008228,KALIMANTAN SAWIT KUSUMA (KSK),FAJAR SAUDARA LESTARI,FAJAR SAUDARA LESTARI,-0.868055556,109.6280556,45.0,Operating,2017,"Establishment year based off secondary sources (e.g. website, corporate report, etc)",KUBU RAYA,ID-6112,KALIMANTAN BARAT,109.6280556,-0.86805556
M-01024,PO1000008234,SAGO NAULI,TRI BAHTERA SRIKANDI,PATILUBAN MUDIK,0.567451986096715,99.2032273015752,45.0,Operating,2016,"Establishment year based off secondary sources (e.g. website, corporate report, etc)",MANDAILING NATAL,ID-1202,SUMATERA UTARA,99.2032273,0.56745199
M-01025,PO1000008416,TELADAN PRIMA,SIMA AGUNG PRIMA SAWIT,SANDARAN,0.877678,118.842297,30.0,Operating,2017,"Earliest year mill found to exist based on photo-interpretation of high-resolution satellite imagery, manufacturing census data, traceability reports and other secondary sources (or combination of these sources)",KUTAI TIMUR,ID-6404,KALIMANTAN TIMUR,118.842297,0.877678
M-01026,PO1000007432,WILMAR,AGRO PALINDO SAKTI,AGRO PALINDO SAKTI 2,0.303231059826843,110.196035401192,60.0,Operating,2015,"Establishment year based off secondary sources (e.g. website, corporate report, etc)",SANGGAU,ID-6105,KALIMANTAN BARAT,110.1960354,0.30323106
M-01027,PO1000007529,UNKNOWN,VAREM SAWIT CEMERLANG,VAREM SAWIT CEMERLANG,2.66479871531574,99.6672362949627,45.0,Operating,2016,"Establishment year based off secondary sources (e.g. website, corporate report, etc)",ASAHAN,ID-1208,SUMATERA UTARA,99.66723629,2.66479872
M-01028,PO1000007515,AHMAD ZAKI RESOURCES BERHAD,ICHTIAR GUSTI PUDI,ICHTIAR GUSTI PUDI,0.235943710484451,109.851847729284,30.0,Operating,2017,"Establishment year based off secondary sources (e.g. website, corporate report, etc)",LANDAK,ID-6103,KALIMANTAN BARAT,109.85184773,0.23594371
M-01029,PO1000008278,WILIAN PERKASA,SEMUNAI SAWIT PERKASA,PKS 1,1.16363,101.278198,30.0,Operating,2017,"Establishment year based off secondary sources (e.g. website, corporate report, etc)",BENGKALIS,ID-1408,RIAU,101.278198,1.16363
M-01031,PO1000008566,DHARMA AGUNG WIJAYA (DAW),SASMITA BUMI WIJAYA,SASMITA BUMI WIJAYA,0.303110595407235,110.301184111244,60.0,Operating,2017,Establishment year based on other government record of establishment (e.g. Permit database),SANGGAU,ID-6105,KALIMANTAN BARAT,110.30118411,0.3031106
M-01032,PO1000008567,FIRST RESOURCES,KETAPANG AGRO LESTARI,KETAPANG AGRO LESTARI,-0.8759684493078,115.891194013693,90.0,Operating,2017,Establishment year imputed based on Dinas Perkebunan Plantation Statistics reports (e.g. first year a mill appears in a Dinas Perkebunan Plantation Statistics report),KUTAI BARAT,ID-6402,KALIMANTAN TIMUR,115.89119401,-0.87596845
M-01033,PO1000008239,UNKNOWN,LEOMAS ANUGERAH BERSAUDARA,LEOMAS ANUGERAH BERSAUDARA,3.41231069846919,98.7345334125536,30.0,Operating,2017,"Establishment year based off secondary sources (e.g. website, corporate report, etc)",DELI SERDANG,ID-1212,SUMATERA UTARA,98.73453341,3.4123107
M-01034,PO1000008190,UNKNOWN,SAWIT ASAHAN TETAP UTUH,SAWIT ASAHAN TETAP UTUH,2.76648596521298,99.6156919354246,80.0,Operating,1999,"Mill known to exist in 1999 (source: Taib, Gunatif (2000), Kajian Pengembangan Industri Crude Palm Oil Skala Kecil (Studi Kasus Pengembangan Industri Crude Palm Oil di Sumatera Barat), http://repository.ipb.ac.id/handle/123456789/5044)",ASAHAN,ID-1208,SUMATERA UTARA,99.61569194,2.76648597
M-01035,PO1000008132,CIPUTRA,CIPTAMAS BUMISELARAS,CIPTAMAS BUMISELARAS,-4.86689574113282,103.534243195877,45.0,Operating,2017,"Establishment year based off secondary sources (e.g. website, corporate report, etc)",KAUR,ID-1704,BENGKULU,103.5342432,-4.86689574
M-01036,PO1000008569,SK PLUS,TOSCANO INDAH PRATAMA,TOSCANO INDAH PRATAMA,-1.086785,119.472903,60.0,Operating,2017,"Establishment year based off secondary sources (e.g. website, corporate report, etc)",MAMUJU UTARA,ID-7605,SULAWESI BARAT,119.472903,-1.086785
M-01037,PO1000007590,UNKNOWN,RIAU AGRI,RIAU AGRI,-0.642458209044994,102.79526587873,60.0,Operating,2016,"Establishment year based off secondary sources (e.g. website, corporate report, etc)",INDRAGIRI HILIR,ID-1403,RIAU,102.79526588,-0.64245821
M-01038,PO1000007485,CILIANDRY ANKY ABADI,BORNEO KETAPANG INDAH,BORNEO KETAPANG INDAH,-1.75181781175019,115.043660362974,45.0,Operating,2017,Establishment year based on dinas perkebunan record of establishment (e.g. Dinas Perkebunan Plantation Statistics report of establishment dates),BARITO TIMUR,ID-6212,KALIMANTAN TENGAH,115.04366036,-1.75181781
M-01039,PO1000008290,UNKNOWN,BINTANG NAULI PRATAMA,BINTANG NAULI PRATAMA,1.52736644246591,98.9752460363763,5.0,Operating,2008,"Establishment year based off secondary sources (e.g. website, corporate report, etc)",TAPANULI TENGAH,ID-1204,SUMATERA UTARA,98.97524604,1.52736644
M-01040,PO1000009566,BUMITAMA GUNAJAYA AGRO (BGA),SENTOSA PRIMA AGRO,BUKIT BELABAN JAYA,-1.75038504514347,110.493236512668,45.0,Operating,1997,Establishment year imputed based on Dinas Perkebunan Plantation Statistics reports (e.g. first year a mill appears in a Dinas Perkebunan Plantation Statistics report),KETAPANG,ID-6106,KALIMANTAN BARAT,110.49323651,-1.75038505
M-01041,PO1000008268,KEMINDO,KAMPARINDO AGRO INDUSTRI,KAMPARINDO AGRO INDUSTRI,0.863900776476057,101.286573450102,45.0,Operating,2017,"Establishment year based off secondary sources (e.g. website, corporate report, etc)",SIAK,ID-1405,RIAU,101.28657345,0.86390078
M-01042,PO1000008225,MENTARI,RISMAN SCHAM PALM INDONESIA,RISMAN SCHAM PALM INDONESIA,-0.959308240015766,102.778579202429,60.0,Operating,2014,"Establishment year based off secondary sources (e.g. website, corporate report, etc)",INDRAGIRI HILIR,ID-1403,RIAU,102.7785792,-0.95930824
M-01043,PO1000008166,INDONUSA,HAMITA UTAMA KARSA,HAMITA UTAMA KARSA,-2.670944,104.2026,60.0,Operating,2017,"Establishment year based off secondary sources (e.g. website, corporate report, etc)",MUSI BANYUASIN,ID-1606,SUMATERA SELATAN,104.2026,-2.670944
M-01044,PO1000008291,NAGAMAS,SUMBER SAWIT NUSANTARA,SUMBER SAWIT NUSANTARA,1.54956988724151,99.9568651807086,30.0,Operating,2015,"Establishment year based off secondary sources (e.g. website, corporate report, etc)",PADANG LAWAS,ID-1221,SUMATERA UTARA,99.95686518,1.54956989
M-01045,PO1000008407,ADR,BAYUNG AGRO SAWITA,BAYUNG AGRO SAWITA,-2.00912483651798,103.704179216021,45.0,Operating,2016,"Establishment year based off secondary sources (e.g. website, corporate report, etc)",MUSI BANYUASIN,ID-1606,SUMATERA SELATAN,103.70417922,-2.00912484
M-01046,PO1000008570,UNKNOWN,GIGA PUTRA NUSANTARA,GIGA PUTRA NUSANTARA,1.3062304,99.7666513,45.0,Operating,2016,"Establishment year based off secondary sources (e.g. website, corporate report, etc)",PADANG LAWAS,ID-1221,SUMATERA UTARA,99.7666513,1.3062304
M-01047,PO1000010013,JAWA POS,DHARMASRAYA PALMA SEJAHTERA,DHARMASRAYA PALMA SEJAHTERA,-1.64644984939484,102.925839069031,30.0,Operating,2017,"Establishment year based off secondary sources (e.g. website, corporate report, etc)",BATANG HARI,ID-1504,JAMBI,102.92583907,-1.64644985
M-01049,PO1000008392,SAHABAT AGRO,LAMBANG BUMI PERKASA,LAMBANG BUMI PERKASA,-4.69977615397923,105.370570933747,45.0,Operating,2015,"Establishment year based off secondary sources (e.g. website, corporate report, etc)",LAMPUNG TENGAH,ID-1805,LAMPUNG,105.37057093,-4.69977615
M-01050,PO1000008434,BOMBA,GOLDEN BLOSSOM SUMATRA,GOLDEN BLOSSOM SUMATRA,-3.06799001598164,104.204653788424,45.0,Operating,2017,"Establishment year based off secondary sources (e.g. website, corporate report, etc)",PENUKAL ABAB LEMATANG ILIR,ID-1612,SUMATERA SELATAN,104.20465379,-3.06799002
M-01051,PO1000007610,SINAR JAYA AGRO INVESTAMA (SJAI),SERASAN SEKUNDANG SAWITMAS,SERASAN SEKUNDANG SAWITMAS,-3.89207745864796,104.094011061126,45.0,Operating,2015,Establishment year imputed based on Dinas Perkebunan Plantation Statistics reports (e.g. first year a mill appears in a Dinas Perkebunan Plantation Statistics report),MUARA ENIM,ID-1603,SUMATERA SELATAN,104.09401106,-3.89207746
M-01052,PO1000008577,IJM PLANTATIONS BERHAD,SINERGI AGRO INDUSTRI,SINERGI AGRO INDUSTRI,0.905357983961213,118.424820791716,60.0,Operating,2017,"Establishment year based off secondary sources (e.g. website, corporate report, etc)",KUTAI TIMUR,ID-6404,KALIMANTAN TIMUR,118.42482079,0.90535798
M-01054,PO1000008578,PTPN III,PERKEBUNAN NUSANTARA XIII,LONG PINANG,-1.9289917,116.1254047,60.0,Operating,1999,"Mill known to exist in 1999 (source: Taib, Gunatif (2000), Kajian Pengembangan Industri Crude Palm Oil Skala Kecil (Studi Kasus Pengembangan Industri Crude Palm Oil di Sumatera Barat), http://repository.ipb.ac.id/handle/123456789/5044)",PASER,ID-6401,KALIMANTAN TIMUR,116.1254047,-1.9289917
M-01055,PO1000008579,MENTARI,SAKTI MAIT JAYA LANGIT,SAKTI MAIT JAYA LANGIT,-1.94308381813187,114.181284028686,60.0,Operating,2015,Establishment year based on dinas perkebunan record of establishment (e.g. Dinas Perkebunan Plantation Statistics report of establishment dates),KAPUAS,ID-6203,KALIMANTAN TENGAH,114.18128403,-1.94308382
M-01057,PO1000008580,AGRINA,AGRINA SAWIT PERDANA,AGRINA SAWIT PERDANA,0.0697553423748895,110.696547051254,60.0,Operating,2017,Establishment year based on other government record of establishment (e.g. Permit database),SANGGAU,ID-6105,KALIMANTAN BARAT,110.69654705,0.06975534
M-01058,PO1000008581,DHANISTHA SURYA NUSANTARA,ANTANG GANDA UTAMA,PANDRAN RAYA,-1.13972781817986,115.029707313075,40.0,Operating,2012,Establishment year based on dinas perkebunan record of establishment (e.g. Dinas Perkebunan Plantation Statistics report of establishment dates),BARITO UTARA,ID-6205,KALIMANTAN TENGAH,115.02970731,-1.13972782
M-01060,PO1000008587,AGRO INVESTAMA,TEBO INDAH,TEBO INDAH,-1.50062429321149,102.578297051235,45.0,Operating,2017,Establishment year imputed based on Dinas Perkebunan Plantation Statistics reports (e.g. first year a mill appears in a Dinas Perkebunan Plantation Statistics report),TEBO,ID-1508,JAMBI,102.57829705,-1.50062429
M-01061,PO1000008595,PANCA PUTRA GANDA,DAMAI JAYA LESTARI,GANDA MAKMUR,-3.256807,122.144763,30.0,Operating,2012,"Establishment year based off secondary sources (e.g. website, corporate report, etc)",KONAWE UTARA,ID-7410,SULAWESI TENGGARA,122.144763,-3.256807
M-01062,PO1000008603,KALPATARU,MAHAKAM SAWIT PLANTATION,MAHAKAM SAWIT PLANTATION,-0.33892969,116.88069894,30.0,Operating,2016,Establishment year imputed based on Dinas Perkebunan Plantation Statistics reports (e.g. first year a mill appears in a Dinas Perkebunan Plantation Statistics report),KUTAI KARTANEGARA,ID-6403,KALIMANTAN TIMUR,116.88069894,-0.33892969
M-01065,PO1000008605,SK PLUS,MUTIARA SAWIT SEMESTA,MUTIARA SAWIT SEMESTA,-1.607916667,102.8632222,45.0,Operating,2018,"Establishment year based off secondary sources (e.g. website, corporate report, etc)",BATANG HARI,ID-1504,JAMBI,102.8632222,-1.60791667
M-01066,PO1000003497,PASIFIK AGRO SENTOSA (PAS),MITRA ANEKA REZEKI,BANYUASIN,-2.7221728492322,104.359444577696,30.0,Operating,2005,Establishment year imputed based on Dinas Perkebunan Plantation Statistics reports (e.g. first year a mill appears in a Dinas Perkebunan Plantation Statistics report),BANYUASIN,ID-1607,SUMATERA SELATAN,104.35944458,-2.72217285
M-01067,PO1000008606,UNKNOWN,AGRO MEKAR LESTARI,AGRO MEKAR LESTARI,0.829466667,103.3760167,10.0,Operating,2016,"Earliest year mill found to exist based on photo-interpretation of high-resolution satellite imagery, manufacturing census data, traceability reports and other secondary sources (or combination of these sources)",KARIMUN,ID-2101,KEP. RIAU,103.3760167,0.82946667
M-01068,PO1000008608,UNKNOWN,PERMATA SUBUR LESTARI,PERMATA SUBUR LESTARI,0.0280478298993076,111.433593917138,45.0,Operating,2018,Establishment year based on other government record of establishment (e.g. Permit database),SINTANG,ID-6107,KALIMANTAN BARAT,111.43359392,0.02804783
M-01069,PO1000008611,UNKNOWN,HUTAN ALAM LESTARI,HUTAN ALAM LESTARI,-1.610917,103.342417,30.0,Operating,2018,"Establishment year based off secondary sources (e.g. website, corporate report, etc)",BATANG HARI,ID-1504,JAMBI,103.342417,-1.610917
M-01070,PO1000008389,KALIMANTAN PLANTATION UNIT (KPU),ARCHIPELAGO TIMUR ABADI,ARCHIPELAGO,-1.1395156,113.9864769,60.0,Operating,2017,"Establishment year based off secondary sources (e.g. website, corporate report, etc)",KAPUAS,ID-6203,KALIMANTAN TENGAH,113.9864769,-1.1395156
M-01071,PO1000008621,PTPN III,PERKEBUNAN NUSANTARA XIII,LONG KALI,-1.4190445,116.2500844,30.0,Operating,2004,"Mill known to exist in 2004 (source: Golder Associates (2006). Appendix VIII: Summary of Renewable Potential in Indonesia POM, Retrieved October 10, 2018, http://www.adb.org/Documents/Reports/Consulta nt/46557-INO/36557-INO-TACR- AppendixVIII.pdf)",PASER,ID-6401,KALIMANTAN TIMUR,116.2500844,-1.4190445
M-01073,PO1000008623,WINGS AGRO,GAWI MAKMUR KALIMANTAN,PASER,-1.43934715928805,116.398306910451,60.0,Operating,2015,"Establishment year based off secondary sources (e.g. website, corporate report, etc)",PENAJAM PASER UTARA,ID-6409,KALIMANTAN TIMUR,116.39830691,-1.43934716
M-01074,PO1000008272,DARMEX AGRO,ELUAN MAHKOTA,KOTA TENGAH,0.974059291,100.5365009,90.0,Operating,2004,"Establishment year based off secondary sources (e.g. website, corporate report, etc)",ROKAN HULU,ID-1407,RIAU,100.5365009,0.97405929
M-01075,PO1000008626,BEST INDUSTRY,WANA SAWIT SUBUR LESTARI,WANA SAWIT SUBUR LESTARI 1,-2.50639259137502,112.01347200919,90.0,Operating,2001,Establishment year based on dinas perkebunan record of establishment (e.g. Dinas Perkebunan Plantation Statistics report of establishment dates),KOTAWARINGIN BARAT,ID-6201,KALIMANTAN TENGAH,112.01347201,-2.50639259
M-01076,PO1000007580,DELLOYD,REBINMAS JAYA,REBINMAS JAYA,-2.733333,107.901389,60.0,Operating,2010,"Establishment year based off secondary sources (e.g. website, corporate report, etc)",BELITUNG,ID-1902,KEP. BANGKA BELITUNG,107.901389,-2.733333
M-01077,PO1000008633,KAYU LAPIS INDONESIA,INTI KEBUN SEJAHTERA,KLISOF,-1.288583,131.249306,20.0,Operating,2012,"Earliest year mill found to exist based on photo-interpretation of high-resolution satellite imagery, manufacturing census data, traceability reports and other secondary sources (or combination of these sources)",SORONG,ID-9107,PAPUA BARAT,131.249306,-1.288583
M-01078,PO1000000328,SD GUTHRIE,SWADAYA ANDIKA,SELABAK,-2.49764465383396,116.203022475884,60.0,Operating,2002,Establishment year based on dinas perkebunan record of establishment (e.g. Dinas Perkebunan Plantation Statistics report of establishment dates),KOTABARU,ID-6302,KALIMANTAN SELATAN,116.20302248,-2.49764465
M-01079,PO1000002304,CITRA BORNEO INDAH (CBI),SAWIT SUMBERMAS SARANA,SULUNG,-2.30445153458601,111.61325967293,90.0,Operating,2005,Establishment year based on dinas perkebunan record of establishment (e.g. Dinas Perkebunan Plantation Statistics report of establishment dates),KOTAWARINGIN BARAT,ID-6201,KALIMANTAN TENGAH,111.61325967,-2.30445153
M-01080,PO1000003491,BUMITAMA GUNAJAYA AGRO (BGA),GUNAJAYA KARYA GEMILANG,KENDAWANGAN,-2.44606588082953,110.266131976714,60.0,Operating,2011,Establishment year imputed based on Dinas Perkebunan Plantation Statistics reports (e.g. first year a mill appears in a Dinas Perkebunan Plantation Statistics report),KETAPANG,ID-6106,KALIMANTAN BARAT,110.26613198,-2.44606588
M-01081,PO1000004327,SEPTA,MITRA BUMI,MITRA BUMI,0.454092,101.055338,45.0,Operating,2012,"Establishment year based off secondary sources (e.g. website, corporate report, etc)",KAMPAR,ID-1406,RIAU,101.055338,0.454092
M-01082,PO1000004411,UNKNOWN,SEWANGI SEJATI LUHUR,SUKARAMAI,0.715125069136807,100.929152443982,60.0,Operating,1999,"Mill known to exist in 1999 (source: Taib, Gunatif (2000), Kajian Pengembangan Industri Crude Palm Oil Skala Kecil (Studi Kasus Pengembangan Industri Crude Palm Oil di Sumatera Barat), http://repository.ipb.ac.id/handle/123456789/5044)",KAMPAR,ID-1406,RIAU,100.92915244,0.71512507
M-01083,PO1000004449,NAGAMAS,NAGAMAS AGRO MULIA,NAGAMAS AGRO MULIA,1.30227144445182,100.39696117452,30.0,Operating,2012,Establishment year imputed based on Dinas Perkebunan Plantation Statistics reports (e.g. first year a mill appears in a Dinas Perkebunan Plantation Statistics report),ROKAN HULU,ID-1407,RIAU,100.39696117,1.30227144
M-01084,PO1000004454,KRISTON AGRO,BUKIT BARISAN INDAH PRIMA,BUKIT BARISAN INDAH PRIMA,-1.33816542460565,103.453728573789,45.0,Operating,2001,Establishment year based on other government record of establishment (e.g. Permit database),MUARO JAMBI,ID-1505,JAMBI,103.45372857,-1.33816542
M-01086,PO1000005202,ANDIKA,ANDIKA PERMATA SAWIT LESTARI,ANDIKA PERMATA SAWIT LESTARI,1.08892646098888,100.775773176844,45.0,Operating,2012,Establishment year imputed based on Dinas Perkebunan Plantation Statistics reports (e.g. first year a mill appears in a Dinas Perkebunan Plantation Statistics report),ROKAN HULU,ID-1407,RIAU,100.77577318,1.08892646
M-01087,PO1000006505,MUSIM MAS,GUNTUNG IDAMAN NUSA,GUNTUNG IDAMAN NUSA 2,0.0524915727803125,103.20781674109,60.0,Operating,2017,"Establishment year based off secondary sources (e.g. website, corporate report, etc)",INDRAGIRI HILIR,ID-1403,RIAU,103.20781674,0.05249157
M-01088,PO1000000829,SD GUTHRIE,SAJANG HEULANG,MUSTIKA,-3.4898083269043,115.736728680785,60.0,Operating,2009,Establishment year based on dinas perkebunan record of establishment (e.g. Dinas Perkebunan Plantation Statistics report of establishment dates),TANAH BUMBU,ID-6310,KALIMANTAN SELATAN,115.73672868,-3.48980833
M-01089,PO1000007571,FIRST RESOURCES,LIMPAH SEJAHTERA,LIMPAH SEJAHTERA,-1.71665276031042,110.354629019611,45.0,Operating,2013,Establishment year imputed based on Dinas Perkebunan Plantation Statistics reports (e.g. first year a mill appears in a Dinas Perkebunan Plantation Statistics report),KETAPANG,ID-6106,KALIMANTAN BARAT,110.35462902,-1.71665276
M-01090,PO1000007589,UNKNOWN,RIMBO PANJANG SUMBER MAKMUR,RIMBO PANJANG SUMBER MAKMUR,-0.0262273014700538,100.002751190631,30.0,Operating,2015,"Establishment year based off secondary sources (e.g. website, corporate report, etc)",PASAMAN BARAT,ID-1312,SUMATERA BARAT,100.00275119,-0.0262273
M-01091,PO1000007595,UNKNOWN,SEBANGA MULTI SAWIT,SEBANGA MULTI SAWIT,1.25575405005724,101.28824134282,10.0,Operating,2005,"Establishment year based off secondary sources (e.g. website, corporate report, etc)",BENGKALIS,ID-1408,RIAU,101.28824134,1.25575405
M-01093,PO1000007625,UNKNOWN,RUNDING PUTRA PERSADA,RUNDING PUTRA PERSADA,2.46238170371721,97.9391408638262,45.0,Operating,2016,"Establishment year based off secondary sources (e.g. website, corporate report, etc)",ACEH SINGKIL,ID-1102,ACEH,97.93914086,2.4623817
M-01094,PO1000007635,SUMBER TANI AGUNG (STA),TANTAHAN PENDUHUP ASI,TUMBANG SEPAN,-1.42146,113.401079,60.0,Operating,2016,Establishment year based on dinas perkebunan record of establishment (e.g. Dinas Perkebunan Plantation Statistics report of establishment dates),GUNUNG MAS,ID-6211,KALIMANTAN TENGAH,113.401079,-1.42146
M-01095,PO1000007638,CHELLAM PLANTATIONS,KUTAI BALIAN NAULI,KUTAI BALIAN NAULI,0.746916,117.349759,45.0,Operating,2015,"Establishment year based off secondary sources (e.g. website, corporate report, etc)",KUTAI TIMUR,ID-6404,KALIMANTAN TIMUR,117.349759,0.746916
M-01096,PO1000007640,UNKNOWN,BANYUASIN NUSANTARA SEJAHTERA,BANYUASIN NUSANTARA SEJAHTERA,-2.58744302,104.74763,,Operating,2015,"Earliest year mill found to exist based on photo-interpretation of high-resolution satellite imagery, manufacturing census data, traceability reports and other secondary sources (or combination of these sources)",BANYUASIN,ID-1607,SUMATERA SELATAN,104.74763,-2.58744302
M-01097,PO1000007664,CITRA BORNEO INDAH (CBI),SAWIT MULTI UTAMA,NANGA KIU,-1.837888889,111.5328056,60.0,Operating,2015,Establishment year based on dinas perkebunan record of establishment (e.g. Dinas Perkebunan Plantation Statistics report of establishment dates),LAMANDAU,ID-6207,KALIMANTAN TENGAH,111.5328056,-1.83788889
M-01098,PO1000007672,HPI-AGRO (DJARUM),SABAN SAWIT SUBUR,SEMPIDAN,-0.033916951139941,110.067097636302,45.0,Operating,2015,"Establishment year based off secondary sources (e.g. website, corporate report, etc)",SANGGAU,ID-6105,KALIMANTAN BARAT,110.06709764,-0.03391695
M-01099,PO1000008095,KUALA LUMPUR KEPONG (KLK),MULIA AGRO PERMAI,MULIA AGRO PERMAI,-2.43159671528298,112.75126705022,60.0,Operating,2013,Establishment year based on dinas perkebunan record of establishment (e.g. Dinas Perkebunan Plantation Statistics report of establishment dates),KOTAWARINGIN TIMUR,ID-6202,KALIMANTAN TENGAH,112.75126705,-2.43159672
M-01100,PO1000008127,INCASI RAYA (GUNAS),SUMATERA MAKMUR LESTARI,SUMATERA MAKMUR LESTARI,-0.121376180314202,110.757986273778,120.0,Operating,2016,"Establishment year based off secondary sources (e.g. website, corporate report, etc)",SEKADAU,ID-6109,KALIMANTAN BARAT,110.75798627,-0.12137618
M-01101,PO1000008202,MEWAH,ANGSO DUO SAWIT,ANGSO DUO SAWIT,-1.78411968582389,103.49396483908,45.0,Operating,2003,Establishment year imputed based on Dinas Perkebunan Plantation Statistics reports (e.g. first year a mill appears in a Dinas Perkebunan Plantation Statistics report),MUARO JAMBI,ID-1505,JAMBI,103.49396484,-1.78411969
M-01103,PO1000008207,HUTANINDO,HUTAN SAWIT LESTARI,HUTAN SAWIT LESTARI,-1.70053902665628,112.877436955007,90.0,Operating,2011,Establishment year based on dinas perkebunan record of establishment (e.g. Dinas Perkebunan Plantation Statistics report of establishment dates),KOTAWARINGIN TIMUR,ID-6202,KALIMANTAN TENGAH,112.87743696,-1.70053903
M-01104,PO1000008270,SALIM GROUP,WIRA INOVA NUSANTARA,WIRA INOVA NUSANTARA,0.966398,118.195087,60.0,Operating,2015,"Establishment year based off secondary sources (e.g. website, corporate report, etc)",KUTAI TIMUR,ID-6404,KALIMANTAN TIMUR,118.195087,0.966398
M-01105,PO1000008271,FAIRCO,FAIRCO AGRO MANDIRI,KAUBUN,0.966727777777778,117.791916666667,45.0,Operating,2014,"Establishment year based off secondary sources (e.g. website, corporate report, etc)",KUTAI TIMUR,ID-6404,KALIMANTAN TIMUR,117.79191667,0.96672778
M-01106,PO1000008381,SUPERVENTURE,CAHAYA BINTANG SAWIT SEJATI,CAHAYA BINTANG SAWIT SEJATI 2,-2.09103155109665,116.122654235718,60.0,Operating,2015,Establishment year imputed based on Dinas Perkebunan Plantation Statistics reports (e.g. first year a mill appears in a Dinas Perkebunan Plantation Statistics report),PASER,ID-6401,KALIMANTAN TIMUR,116.12265424,-2.09103155
M-01107,PO1000008383,UNKNOWN,ERASAKTI WIRAFORESTAMA,ERASAKTI WIRA FORESTAMA 2,-1.52937884355302,103.636969844283,75.0,Operating,2015,"Establishment year based off secondary sources (e.g. website, corporate report, etc)",MUARO JAMBI,ID-1505,JAMBI,103.63696984,-1.52937884
M-01108,PO1000008393,UNKNOWN,JALUR PUSAKA SAKTI KUMALA,JALUR PUSAKA SAKTI KUMALA,0.400201265173087,101.796100040541,10.0,Operating,2013,"Establishment year based off secondary sources (e.g. website, corporate report, etc)",PELALAWAN,ID-1404,RIAU,101.79610004,0.40020127
M-01109,PO1000008396,TELADAN PRIMA,MULTI JAYANTARA ABADI,TANJUNG HARAPAN,-2.3812832,116.5283011,45.0,Operating,2017,"Establishment year based off secondary sources (e.g. website, corporate report, etc)",PASER,ID-6401,KALIMANTAN TIMUR,116.5283011,-2.3812832
M-01110,PO1000008397,MAKIN,PERSADA HARAPAN KAHURIPAN,RENGAS,-1.59633468718929,102.721110714498,30.0,Operating,2015,"Establishment year based off secondary sources (e.g. website, corporate report, etc)",TEBO,ID-1508,JAMBI,102.72111071,-1.59633469
M-01111,PO1000008403,ASTRA AGRO LESTARI,SARI ADITYA LOKA,SARI ADITYA LOKA 2,-1.65152995469637,102.307406100104,60.0,Operating,1997,"Establishment year based off secondary sources (e.g. website, corporate report, etc)",BUNGO,ID-1509,JAMBI,102.3074061,-1.65152995
M-01112,PO1000008405,UNION SAMPOERNA TRIPUTRA PERSADA (USTP),SAWIT MAS PARENGGEAN,SAWIT MAS PARENGGEAN,-2.0299520961656,112.770834629568,45.0,Operating,2016,Establishment year based on dinas perkebunan record of establishment (e.g. Dinas Perkebunan Plantation Statistics report of establishment dates),KOTAWARINGIN TIMUR,ID-6202,KALIMANTAN TENGAH,112.77083463,-2.0299521
M-01113,PO1000008411,ORIENTAL HOLDINGS BERHAD,BUMI SAWIT SUKSES PRATAMA,BUMI SAWIT SUKSES PRATAMA,-2.54389,106.02932,60.0,Operating,2016,"Establishment year based off secondary sources (e.g. website, corporate report, etc)",BANGKA SELATAN,ID-1905,KEP. BANGKA BELITUNG,106.02932,-2.54389
M-01114,PO1000008412,UNKNOWN,CAKRA ALAM SEJATI,CAKRA ALAM SEJATI,0.175090432942981,102.051335332232,45.0,Operating,2016,"Establishment year based off secondary sources (e.g. website, corporate report, etc)",PELALAWAN,ID-1404,RIAU,102.05133533,0.17509043
M-01115,PO1000008422,ASTRA AGRO LESTARI,PERKEBUNAN LEMBAH BHAKTI,PERKEBUNAN LEMBAH BHAKTI 2,2.56128797062007,97.9481913849676,45.0,Operating,2016,"Establishment year based off secondary sources (e.g. website, corporate report, etc)",ACEH SINGKIL,ID-1102,ACEH,97.94819138,2.56128797
M-01116,PO1000008423,DAMAI PLANTATION,CITRA SAWIT LESTARI,CITRA SAWIT LESTARI,2.92199,117.26464,30.0,Operating,2018,Establishment year imputed based on Dinas Perkebunan Plantation Statistics reports (e.g. first year a mill appears in a Dinas Perkebunan Plantation Statistics report),BULUNGAN,ID-6502,KALIMANTAN UTARA,117.26464,2.92199
M-01120,PO1000008440,SINAR JAYA AGRO INVESTAMA (SJAI),WAYKANAN SAWITINDO MAS,WAYKANAN SAWITINDO MAS,-4.44649683188075,104.421929478312,60.0,Operating,2014,Establishment year imputed based on Dinas Perkebunan Plantation Statistics reports (e.g. first year a mill appears in a Dinas Perkebunan Plantation Statistics report),WAY KANAN,ID-1807,LAMPUNG,104.42192948,-4.44649683
M-01121,PO1000008582,DARMEX AGRO,DUTA PALMA NUSANTARA,KUKO,-0.556730122936384,101.672341782934,45.0,Operating,1992,"Establishment year based off secondary sources (e.g. website, corporate report, etc)",KUANTAN SINGINGI,ID-1401,RIAU,101.67234178,-0.55673012
M-01122,PO1000008583,UNKNOWN,BUMI DAYA AGROTAMAS,BUMI DAYA AGROTAMAS,2.58397868678213,97.8539385914645,30.0,Operating,2018,"Establishment year based off secondary sources (e.g. website, corporate report, etc)",SUBULUSSALAM (KOTA),ID-1175,ACEH,97.85393859,2.58397869
M-01123,PO1000008584,UNKNOWN,SYAUKATH AGRO,SYAUKATH AGRO,4.57368,95.704008,30.0,Operating,2018,"Establishment year based off secondary sources (e.g. website, corporate report, etc)",ACEH JAYA,ID-1116,ACEH,95.704008,4.57368
M-01124,PO1000008585,UNKNOWN,ANUGERAH AGRO SAWIT PERKASA,ANUGERAH AGRO SAWIT PERKASA,1.84460743500547,100.444426541638,75.0,Operating,2003,"Establishment year based off secondary sources (e.g. website, corporate report, etc)",ROKAN HILIR,ID-1409,RIAU,100.44442654,1.84460744
M-01125,PO1000008586,PANCA PUTRA GANDA,TOR GANDA,BATANG KUMU,1.3796913,100.1923601,30.0,Operating,2013,Establishment year imputed based on Dinas Perkebunan Plantation Statistics reports (e.g. first year a mill appears in a Dinas Perkebunan Plantation Statistics report),ROKAN HULU,ID-1407,RIAU,100.1923601,1.3796913
M-01126,PO1000008596,UNKNOWN,WAIMUSI AGRO INDAH,WAIMUSI AGRO INDAH,-3.67166233384699,105.067917093058,60.0,Operating,2016,Establishment year imputed based on Dinas Perkebunan Plantation Statistics reports (e.g. first year a mill appears in a Dinas Perkebunan Plantation Statistics report),OGAN KOMERING ILIR,ID-1602,SUMATERA SELATAN,105.06791709,-3.67166233
M-01128,PO1000008602,RAJAWALI NUSANTARA INDONESIA (RNI),LARAS ASTRA KARTIKA,LARAS ASTRA KARTIKA,-4.08136886417113,104.540871068887,10.0,Operating,2006,Establishment year imputed based on Dinas Perkebunan Plantation Statistics reports (e.g. first year a mill appears in a Dinas Perkebunan Plantation Statistics report),OGAN KOMERING ULU TIMUR,ID-1609,SUMATERA SELATAN,104.54087107,-4.08136886
M-01129,PO1000008604,SRIWIJAYA PALM OIL,CIPTA LESTARI SAWIT,CLS,-2.6500192811352,104.529915406411,30.0,Operating,2017,"Establishment year based off secondary sources (e.g. website, corporate report, etc)",BANYUASIN,ID-1607,SUMATERA SELATAN,104.52991541,-2.65001928
M-01130,PO1000008607,SRIWIJAYA PALM OIL,SELATAN AGRO MAKMUR LESTARI,SAML,-2.69064704702715,105.219822217161,60.0,Operating,2016,"Establishment year based off secondary sources (e.g. website, corporate report, etc)",OGAN KOMERING ILIR,ID-1602,SUMATERA SELATAN,105.21982222,-2.69064705
M-01131,PO1000008609,BUMITAMA GUNAJAYA AGRO (BGA),BUMITAMA GUNAJAYA ABADI,LAMANDAU,-2.50546551232619,111.360135129249,90.0,Operating,2015,Establishment year based on dinas perkebunan record of establishment (e.g. Dinas Perkebunan Plantation Statistics report of establishment dates),KOTAWARINGIN BARAT,ID-6201,KALIMANTAN TENGAH,111.36013513,-2.50546551
M-01132,PO1000008610,KARYA TEKNIK,SATRIA HUPASARANA,SATRIA HUPASARANA,-2.03499579521632,111.568974848883,60.0,Operating,2016,Establishment year based on dinas perkebunan record of establishment (e.g. Dinas Perkebunan Plantation Statistics report of establishment dates),LAMANDAU,ID-6207,KALIMANTAN TENGAH,111.56897485,-2.0349958
M-01133,PO1000008612,SGA KALTIM PTE LTD,BUKIT BORNEO SEJAHTERA,BUKIT BORNEO SEJAHTERA,3.46430254317522,116.610566856776,20.0,Operating,2014,Establishment year based on other government record of establishment (e.g. Permit database),MALINAU,ID-6501,KALIMANTAN UTARA,116.61056686,3.46430254
M-01134,PO1000008613,DWI MITRA ADHIUSAHA (DMA),CANDI ARTHA,CANDI ARTHA,-3.94173973053137,114.816067578202,20.0,Operating,2016,"Earliest year mill found to exist based on photo-interpretation of high-resolution satellite imagery, manufacturing census data, traceability reports and other secondary sources (or combination of these sources)",TANAH LAUT,ID-6301,KALIMANTAN SELATAN,114.81606758,-3.94173973
M-01135,PO1000008619,PANCA PUTRA GANDA,TOR GANDA,KARYA PERDANA,1.23507125865229,100.58880979769,30.0,Operating,2012,Establishment year imputed based on Dinas Perkebunan Plantation Statistics reports (e.g. first year a mill appears in a Dinas Perkebunan Plantation Statistics report),ROKAN HULU,ID-1407,RIAU,100.5888098,1.23507126
M-01136,PO1000008620,JHONLIN,PRADIKSI GUNATAMA,PRADIKSI GUNATAMA,-2.18050562269057,116.209275238909,90.0,Operating,2019,"Establishment year based off secondary sources (e.g. website, corporate report, etc)",PASER,ID-6401,KALIMANTAN TIMUR,116.20927524,-2.18050562
M-01137,PO1000008622,DARMEX AGRO,MEKAR SARI ALAM LESTARI,MEKAR SARI ALAM LESTARI,0.121459245779302,102.337708087138,60.0,Operating,2013,Establishment year imputed based on Dinas Perkebunan Plantation Statistics reports (e.g. first year a mill appears in a Dinas Perkebunan Plantation Statistics report),PELALAWAN,ID-1404,RIAU,102.33770809,0.12145925
M-01138,PO1000008636,UNKNOWN,BUKIT SAWIT SEMESTA,BUKIT SAWIT SEMESTA,-0.344184046828048,99.9615472607692,60.0,Operating,2018,Establishment year imputed based on Dinas Perkebunan Plantation Statistics reports (e.g. first year a mill appears in a Dinas Perkebunan Plantation Statistics report),AGAM,ID-1307,SUMATERA BARAT,99.96154726,-0.34418405
M-01139,PO1000008643,BEST INDUSTRY,SURYA MAS CIPTA PERKASA,SURYA MAS CIPTA PERKASA 1,-3.03361925360533,113.858404805523,60.0,Operating,2013,Establishment year based on dinas perkebunan record of establishment (e.g. Dinas Perkebunan Plantation Statistics report of establishment dates),PULANG PISAU,ID-6210,KALIMANTAN TENGAH,113.85840481,-3.03361925
M-01140,PO1000008644,PTPN III,PERKEBUNAN NUSANTARA XIII,SAMUNTAI,-1.6736419,116.1262015,50.0,Operating,1988,"Establishment year based off secondary sources (e.g. website, corporate report, etc)",PASER,ID-6401,KALIMANTAN TIMUR,116.1262015,-1.6736419
M-01142,PO1000008652,NPC RESOURCES BERHAD,BORNEO INDO SUBUR,BORNEO INDO SUBUR,-1.48218387871137,116.149712181843,45.0,No longer operating,2013,Establishment year imputed based on Dinas Perkebunan Plantation Statistics reports (e.g. first year a mill appears in a Dinas Perkebunan Plantation Statistics report),PASER,ID-6401,KALIMANTAN TIMUR,116.14971218,-1.48218388
M-01143,PO1000008654,DHARMA SATYA NUSANTARA (DSN),DEWATA SAWIT NUSANTARA,POM 6,1.28266388638484,116.782314961356,60.0,Operating,2016,"Establishment year based off secondary sources (e.g. website, corporate report, etc)",KUTAI TIMUR,ID-6404,KALIMANTAN TIMUR,116.78231496,1.28266389
M-01144,PO1000008656,UNKNOWN,SENTOSA KALIMANTAN JAYA,SENTOSA KALIMANTAN JAYA,2.34018788649752,118.061891650212,45.0,Operating,2017,"Establishment year based off secondary sources (e.g. website, corporate report, etc)",BERAU,ID-6405,KALIMANTAN TIMUR,118.06189165,2.34018789
M-01146,PO1000008658,SAMPOERNA AGRO,LANANG AGRO BERSATU,LANANG AGRO BERSATU,-1.21353799698751,110.523382001074,60.0,Operating,2018,"Establishment year based off secondary sources (e.g. website, corporate report, etc)",KETAPANG,ID-6106,KALIMANTAN BARAT,110.523382,-1.213538
M-01147,PO1000008659,ASTRA AGRO LESTARI,KARYANUSA EKADAYA,KARYANUSA EKA DAYA 2,0.912337181362204,116.734273556448,45.0,Operating,2015,Establishment year imputed based on Dinas Perkebunan Plantation Statistics reports (e.g. first year a mill appears in a Dinas Perkebunan Plantation Statistics report),KUTAI TIMUR,ID-6404,KALIMANTAN TIMUR,116.73427356,0.91233718
M-01148,PO1000008660,UNION SAMPOERNA TRIPUTRA PERSADA (USTP),SUMBER MAHARDHIKA GRAHA,SUMBER MAHARDHIKA GRAHA,-2.12997441821637,111.331988892032,60.0,Operating,2016,Establishment year based on dinas perkebunan record of establishment (e.g. Dinas Perkebunan Plantation Statistics report of establishment dates),LAMANDAU,ID-6207,KALIMANTAN TENGAH,111.33198889,-2.12997442
M-01149,PO1000008661,SALIM GROUP,KEBUN GANDA PRIMA,KEMBAYAN,0.401068685318175,110.264752172446,45.0,Operating,2017,Establishment year based on other government record of establishment (e.g. Permit database),SANGGAU,ID-6105,KALIMANTAN BARAT,110.26475217,0.40106869
M-01150,PO1000008663,DARMEX AGRO,BANYU BENING UTAMA,BANYU BENING UTAMA,-0.480164102104923,102.680862023334,30.0,Operating,2012,Establishment year imputed based on Dinas Perkebunan Plantation Statistics reports (e.g. first year a mill appears in a Dinas Perkebunan Plantation Statistics report),INDRAGIRI HULU,ID-1402,RIAU,102.68086202,-0.4801641
M-01151,PO1000008664,DARMEX AGRO,WANA JINGGA TIMUR,BASERAH,-0.454766973215693,101.879937858388,30.0,Operating,2003,"Establishment year based off secondary sources (e.g. website, corporate report, etc)",KUANTAN SINGINGI,ID-1401,RIAU,101.87993786,-0.45476697
M-01152,PO1000008665,DARMEX AGRO,CERENTI SUBUR,CERENTI,-0.555441413482089,101.757787844719,45.0,Operating,1996,"Establishment year based off secondary sources (e.g. website, corporate report, etc)",KUANTAN SINGINGI,ID-1401,RIAU,101.75778784,-0.55544141
M-01153,PO1000008666,INDOGUNTA,LONG BAGUN PRIMA SAWIT,BATU LEPOQ,1.42097728,117.85637184,45.0,Operating,2017,"Establishment year based off secondary sources (e.g. website, corporate report, etc)",BERAU,ID-6405,KALIMANTAN TIMUR,117.85637184,1.42097728
M-01154,PO1000004863,PTPN III,PERKEBUNAN NUSANTARA VI,OPHIR,0.0147352421428184,99.835645507411,40.0,Operating,1986,Establishment year based on other government record of establishment (e.g. Permit database),PASAMAN BARAT,ID-1312,SUMATERA BARAT,99.83564551,0.01473524
M-01155,PO1000010250,UNKNOWN,AGRA BUMI NIAGA,AGRA BUMI NIAGA,4.57571816782174,97.6190685443313,30.0,Operating,2020,"Establishment year based off secondary sources (e.g. website, corporate report, etc)",ACEH TIMUR,ID-1105,ACEH,97.61906854,4.57571817
M-01156,PO1000009561,SUBARNI,TEUPIN LADA,TEUPIN LADA,5.05179765414393,97.5696294185668,20.0,Operating,2018,"Establishment year based off secondary sources (e.g. website, corporate report, etc)",ACEH TIMUR,ID-1105,ACEH,97.56962942,5.05179765
M-01157,PO1000010064,ENSEM,PARASAWITA,PARASAWITA,4.35503765877897,98.1523760983258,20.0,Operating,1987,"Establishment year based off secondary sources (e.g. website, corporate report, etc)",ACEH TAMIANG,ID-1114,ACEH,98.1523761,4.35503766
M-01158,PO1000010063,UNKNOWN,BIMA DESA SAWITA,BIMA DESA SAWITA,4.28782629887038,97.9970802301665,20.0,Operating,2017,"Establishment year based off secondary sources (e.g. website, corporate report, etc)",ACEH TAMIANG,ID-1114,ACEH,97.99708023,4.2878263
M-01159,PO1000010061,UNKNOWN,KHARISMA ISKANDAR MUDA,KHARISMA ISKANDAR MUDA,4.09220268180541,96.4406695289089,30.0,Operating,2016,"Establishment year based off secondary sources (e.g. website, corporate report, etc)",NAGAN RAYA,ID-1115,ACEH,96.44066953,4.09220268
M-01160,PO1000010262,ENSEM,ENSEM LESTARI,ENSEM LESTARI,4.03408461616983,96.4750225378726,30.0,Operating,2017,"Earliest year mill found to exist based on photo-interpretation of high-resolution satellite imagery, manufacturing census data, traceability reports and other secondary sources (or combination of these sources)",NAGAN RAYA,ID-1115,ACEH,96.47502254,4.03408462
M-01161,PO1000010059,UNKNOWN,SINGKIL SEJAHTERA MAKMUR,SINGKIL SEJAHTERA MAKMUR,2.46227654433455,98.0282119591623,30.0,Operating,2020,"Earliest year mill found to exist based on photo-interpretation of high-resolution satellite imagery, manufacturing census data, traceability reports and other secondary sources (or combination of these sources)",ACEH SINGKIL,ID-1102,ACEH,98.02821196,2.46227654
M-01162,PO1000009027,UNKNOWN,AGRI MITRA KARYA,AGRI MITRA KARYA,-2.64564612112189,101.289988843353,30.0,Operating,2009,Establishment year imputed based on Dinas Perkebunan Plantation Statistics reports (e.g. first year a mill appears in a Dinas Perkebunan Plantation Statistics report),MUKO-MUKO,ID-1706,BENGKULU,101.28998884,-2.64564612
M-01163,PO1000010251,UNKNOWN,MUKO PANEN RAYA ABADI,MUKO PANEN RAYA ABADI,-2.75669812030527,101.39194937896,30.0,Operating,2018,Establishment year based on other government record of establishment (e.g. Permit database),MUKO-MUKO,ID-1706,BENGKULU,101.39194938,-2.75669812
M-01164,PO1000010045,DARMEX AGRO,DELIMUDA PERKASA,DELIMUDA PERKASA,-1.62819995467577,102.948077444699,80.0,Operating,2000,"Establishment year based off secondary sources (e.g. website, corporate report, etc)",BATANG HARI,ID-1504,JAMBI,102.94807744,-1.62819995
M-01165,NA,NAN RIANG,HUMUSINDO MAKMUR SEJATI,HUMUSINDO MAKMUR SEJATI,-1.792822,103.11206,15.0,Operating,2010,Establishment year based on other government record of establishment (e.g. Permit database),BATANG HARI,ID-1504,JAMBI,103.11206,-1.792822
M-01166,PO1000010018,PTPN III,BUKIT KAUSAR,PENGABUAN,-1.25170152149211,102.954324267832,30.0,Operating,2016,"Establishment year based off secondary sources (e.g. website, corporate report, etc)",TANJUNG JABUNG BARAT,ID-1507,JAMBI,102.95432427,-1.25170152
M-01167,PO1000010281,DARMEX AGRO,CERIA PRIMA,CP 1,1.36887238402211,109.684133411685,30.0,Operating,2014,Establishment year imputed based on Dinas Perkebunan Plantation Statistics reports (e.g. first year a mill appears in a Dinas Perkebunan Plantation Statistics report),BENGKAYANG,ID-6102,KALIMANTAN BARAT,109.68413341,1.36887238
M-01168,PO1000010055,DARMEX AGRO,CERIA PRIMA,CP 2,1.30076780134126,109.666917227178,30.0,Operating,2014,Establishment year imputed based on Dinas Perkebunan Plantation Statistics reports (e.g. first year a mill appears in a Dinas Perkebunan Plantation Statistics report),BENGKAYANG,ID-6102,KALIMANTAN BARAT,109.66691723,1.3007678
M-01169,PO1000008599,CARGILL,ANDES AGRO INVESTAMA,SEI KERANDI,-2.31231566695761,110.427482569736,120.0,Operating,2016,"Establishment year based off secondary sources (e.g. website, corporate report, etc)",KETAPANG,ID-6106,KALIMANTAN BARAT,110.42748257,-2.31231567
M-01170,PO1000010053,DARMEX AGRO,DARMEX AGRO,DARMEX AGRO,0.93633785964303,109.168695391876,45.0,Operating,2014,"Establishment year based off secondary sources (e.g. website, corporate report, etc)",BENGKAYANG,ID-6102,KALIMANTAN BARAT,109.16869539,0.93633786
M-01171,PO1000010024,INDOGUNTA,PERDANA SAWIT PLANTATION,ARGO MULYO,0.5035807,111.4889496,60.0,Operating,2017,Establishment year based on other government record of establishment (e.g. Permit database),SINTANG,ID-6107,KALIMANTAN BARAT,111.4889496,0.5035807
M-01172,PO1000010050,HPI-AGRO (DJARUM),KAPUAS RIMBA SEJAHTERA,RUAI,0.613359602581306,109.931435523348,30.0,Operating,2016,"Establishment year based off secondary sources (e.g. website, corporate report, etc)",LANDAK,ID-6103,KALIMANTAN BARAT,109.93143552,0.6133596
M-01173,PO1000009356,SINAR MAS,KRESNA DUTA AGROINDO,RANTAU PANJANG,0.970765775122206,116.828237477195,30.0,Operating,2015,Establishment year imputed based on Dinas Perkebunan Plantation Statistics reports (e.g. first year a mill appears in a Dinas Perkebunan Plantation Statistics report),KUTAI TIMUR,ID-6404,KALIMANTAN TIMUR,116.82823748,0.97076578
M-01176,PO1000010046,KPN CORP,SAWIT UNGGUL AGRO NIAGA,SAWIT UNGGUL AGRO NIAGA,-0.35113693226429,117.393621490892,30.0,Operating,2017,Establishment year imputed based on Dinas Perkebunan Plantation Statistics reports (e.g. first year a mill appears in a Dinas Perkebunan Plantation Statistics report),KUTAI KARTANEGARA,ID-6403,KALIMANTAN TIMUR,117.39362149,-0.35113693
M-01178,PO1000010031,ADARO,ALAM TRI ABADI,ALAM TRI ABADI,-2.13795447737156,115.48848038742,30.0,No longer operating,2006,Establishment year based on dinas perkebunan record of establishment (e.g. Dinas Perkebunan Plantation Statistics report of establishment dates),TABALONG,ID-6309,KALIMANTAN SELATAN,115.48848039,-2.13795448
M-01179,PO1000007436,JHONLIN,ADISURYA CIPTA LESTARI,BUKIT TALIUD,-3.45221150751254,115.642161434065,30.0,Operating,2017,"Establishment year based off secondary sources (e.g. website, corporate report, etc)",TANAH BUMBU,ID-6310,KALIMANTAN SELATAN,115.64216143,-3.45221151
M-01181,PO1000009021,AGRINA,KHARISMA ALAM PERSADA,KHARISMA ALAM PERSADA 2,-2.92878843517766,114.951443055717,45.0,Operating,2018,"Establishment year based off secondary sources (e.g. website, corporate report, etc)",TAPIN,ID-6305,KALIMANTAN SELATAN,114.95144306,-2.92878844
M-01182,PO1000005203,ASTRA AGRO LESTARI,SURYAINDAH NUSANTARA PAGI,SURYAINDAH NUSANTARA PAGI,-2.255,111.976,45.0,Operating,2008,Establishment year based on dinas perkebunan record of establishment (e.g. Dinas Perkebunan Plantation Statistics report of establishment dates),KOTAWARINGIN BARAT,ID-6201,KALIMANTAN TENGAH,111.976,-2.255
M-01183,PO1000006370,ASAM JAWA,SAWIT MAS NUGRAHA PERDANA,SAWIT MAS NUGRAHA PERDANA,-2.65397727224282,112.245910827447,30.0,Operating,2013,Establishment year based on dinas perkebunan record of establishment (e.g. Dinas Perkebunan Plantation Statistics report of establishment dates),SERUYAN,ID-6208,KALIMANTAN TENGAH,112.24591083,-2.65397727
M-01184,PO1000010029,BEST INDUSTRY,WANA SAWIT SUBUR LESTARI,WANA SAWIT SUBUR LESTARI 2,-2.62153539209191,112.098145353729,90.0,Operating,2012,Establishment year based on dinas perkebunan record of establishment (e.g. Dinas Perkebunan Plantation Statistics report of establishment dates),SERUYAN,ID-6208,KALIMANTAN TENGAH,112.09814535,-2.62153539
M-01185,PO1000008431,BEST INDUSTRY,TUNAS AGRO SUBUR KENCANA,TUNAS AGRO SUBUR KENCANA,-1.82855880631911,112.913130105491,120.0,Operating,2008,Establishment year based on dinas perkebunan record of establishment (e.g. Dinas Perkebunan Plantation Statistics report of establishment dates),KOTAWARINGIN TIMUR,ID-6202,KALIMANTAN TENGAH,112.91313011,-1.82855881
M-01186,PO1000006227,BEST INDUSTRY,BANGUN JAYA ALAM PERMAI,BANGUN JAYA ALAM PERMAI PKS 1,-2.29948468823855,111.973425184324,120.0,Operating,2004,Establishment year based on dinas perkebunan record of establishment (e.g. Dinas Perkebunan Plantation Statistics report of establishment dates),KOTAWARINGIN BARAT,ID-6201,KALIMANTAN TENGAH,111.97342518,-2.29948469
M-01187,PO1000007396,MUSIM MAS,MULTI PERSADA GATRA MEGAH,MULTI PERSADA GATRA MEGAH,-0.770692145259587,114.740664447966,45.0,Operating,2017,Establishment year based on dinas perkebunan record of establishment (e.g. Dinas Perkebunan Plantation Statistics report of establishment dates),BARITO UTARA,ID-6205,KALIMANTAN TENGAH,114.74066445,-0.77069215
M-01188,PO1000010078,GENTING PLANTATIONS,GLOBALINDO AGUNG LESTARI,GLOBALINDO,-2.58494444444444,114.594416666667,90.0,Operating,2016,Establishment year based on dinas perkebunan record of establishment (e.g. Dinas Perkebunan Plantation Statistics report of establishment dates),KAPUAS,ID-6203,KALIMANTAN TENGAH,114.59441667,-2.58494444
M-01189,PO1000010043,BEST INDUSTRY,BANGUN JAYA ALAM PERMAI,BANGUN JAYA ALAM PERMAI PKS 2,-2.09189020101626,112.040568303875,90.0,Operating,2015,Establishment year based on dinas perkebunan record of establishment (e.g. Dinas Perkebunan Plantation Statistics report of establishment dates),KOTAWARINGIN BARAT,ID-6201,KALIMANTAN TENGAH,112.0405683,-2.0918902
M-01190,PO1000006984,SINAR MAS,AGROLESTARI SENTOSA,JALEMO,-1.34992672054029,113.501477091972,60.0,Operating,2016,Establishment year based on dinas perkebunan record of establishment (e.g. Dinas Perkebunan Plantation Statistics report of establishment dates),GUNUNG MAS,ID-6211,KALIMANTAN TENGAH,113.50147709,-1.34992672
M-01191,PO1000010026,WILMAR,SARANA TITIAN PERMATA,SARANA TITIAN PERMATA PKS 2,-2.90454553960937,112.6127658907,60.0,Operating,2017,Establishment year based on dinas perkebunan record of establishment (e.g. Dinas Perkebunan Plantation Statistics report of establishment dates),SERUYAN,ID-6208,KALIMANTAN TENGAH,112.61276589,-2.90454554
M-01192,PO1000009211,BUMITAMA GUNAJAYA AGRO (BGA),WINDU NABATINDO ABADI,SUNGAI CEMPAGA,-1.79799884809755,112.98540580395,60.0,Operating,2011,Establishment year based on dinas perkebunan record of establishment (e.g. Dinas Perkebunan Plantation Statistics report of establishment dates),KOTAWARINGIN TIMUR,ID-6202,KALIMANTAN TENGAH,112.9854058,-1.79799885
M-01193,PO1000010252,UNKNOWN,SEMPURNA SEJAHTERA,BAMBANGAN,4.16214708630082,117.70135806198,30.0,Operating,2018,"Establishment year based off secondary sources (e.g. website, corporate report, etc)",NUNUKAN,ID-6504,KALIMANTAN UTARA,117.70135806,4.16214709
M-01194,PO1000010040,KARYA CANGGIH MANDIRI UTAMA (KCMU)/GAJAH TUNGGAL,LAMPUNG INTER PERTIWI,LAMPUNG INTER PERTIWI,-3.86473227622447,105.286161648987,45.0,Operating,2006,Establishment year imputed based on Dinas Perkebunan Plantation Statistics reports (e.g. first year a mill appears in a Dinas Perkebunan Plantation Statistics report),MESUJI,ID-1811,LAMPUNG,105.28616165,-3.86473228
M-01195,PO1000009014,DARMEX AGRO,KENCANA AMAL TANI,KENCANA AMAL TANI,-0.639240867804207,102.492935087802,45.0,Operating,2004,"Mill known to exist in 2004 (source: Golder Associates (2006). Appendix VIII: Summary of Renewable Potential in Indonesia POM, Retrieved October 10, 2018, http://www.adb.org/Documents/Reports/Consulta nt/46557-INO/36557-INO-TACR- AppendixVIII.pdf)",INDRAGIRI HULU,ID-1402,RIAU,102.49293509,-0.63924087
M-01196,PO1000010048,KPN CORP,TH INDO PLANTATIONS,RAMIN,0.245446230452479,102.978319066988,45.0,Operating,2008,Establishment year imputed based on Dinas Perkebunan Plantation Statistics reports (e.g. first year a mill appears in a Dinas Perkebunan Plantation Statistics report),PELALAWAN,ID-1404,RIAU,102.97831907,0.24544623
M-01197,PO1000010253,KPN CORP,TH INDO PLANTATIONS,TEMBUSU,0.1969289293586,103.009814402042,20.0,Operating,2009,"Establishment year based off secondary sources (e.g. website, corporate report, etc)",INDRAGIRI HILIR,ID-1403,RIAU,103.0098144,0.19692893
M-01198,PO1000010254,KPN CORP,TH INDO PLANTATIONS,JATI,0.10601769308309,103.17041278834,30.0,Operating,2008,Establishment year imputed based on Dinas Perkebunan Plantation Statistics reports (e.g. first year a mill appears in a Dinas Perkebunan Plantation Statistics report),INDRAGIRI HILIR,ID-1403,RIAU,103.17041279,0.10601769
M-01199,PO1000010255,KPN CORP,TH INDO PLANTATIONS,AGATHIS,0.103194509892548,103.034445403504,30.0,Operating,2011,"Establishment year based off secondary sources (e.g. website, corporate report, etc)",INDRAGIRI HILIR,ID-1403,RIAU,103.0344454,0.10319451
M-01200,PO1000011184,PERMATA HIJAU,PELITA AGUNG AGRINDUSTRI,PELITA AGUNG AGRINDUSTRI,1.429364,101.1889,60.0,Operating,2006,"Establishment year based off secondary sources (e.g. website, corporate report, etc)",BENGKALIS,ID-1408,RIAU,101.1889,1.429364
M-01201,PO1000010057,PANCA PUTRA GANDA,TOR GANDA,CINDUR,1.44444557265271,100.336505463958,15.0,Operating,2013,Establishment year imputed based on Dinas Perkebunan Plantation Statistics reports (e.g. first year a mill appears in a Dinas Perkebunan Plantation Statistics report),ROKAN HILIR,ID-1409,RIAU,100.33650546,1.44444557
M-01202,PO1000004080,META EPSI,ANDIRA AGRO,ANDIRA AGRO,-2.78818792464468,105.096024246092,45.0,Operating,2010,Establishment year imputed based on Dinas Perkebunan Plantation Statistics reports (e.g. first year a mill appears in a Dinas Perkebunan Plantation Statistics report),BANYUASIN,ID-1607,SUMATERA SELATAN,105.09602425,-2.78818792
M-01203,PO1000010041,CAHAYA PUTIH,SUMBER WANGI ALAM,SUMBER WANGI ALAM,-3.84563738297325,105.189790738282,15.0,Operating,2005,Establishment year imputed based on Dinas Perkebunan Plantation Statistics reports (e.g. first year a mill appears in a Dinas Perkebunan Plantation Statistics report),OGAN KOMERING ILIR,ID-1602,SUMATERA SELATAN,105.18979074,-3.84563738
M-01204,PO1000009588,MINANGA,MINANGA OGAN,SEI INAI,-4.06304003969637,104.130246450102,60.0,Operating,2013,"Establishment year based off secondary sources (e.g. website, corporate report, etc)",OGAN KOMERING ULU,ID-1601,SUMATERA SELATAN,104.13024645,-4.06304004
M-01205,PO1000010038,RAJAWALI NUSANTARA INDONESIA (RNI),MITRA OGAN,PKS II,-3.91238870015698,104.328139550351,30.0,Operating,2005,"Establishment year based off secondary sources (e.g. website, corporate report, etc)",OGAN KOMERING ULU,ID-1601,SUMATERA SELATAN,104.32813955,-3.9123887
M-01206,PO1000010074,UNKNOWN,SINAR UTAMA NABATI,SINAR UTAMA NABATI,-0.391060452293489,101.417513613257,45.0,Operating,2017,"Establishment year based off secondary sources (e.g. website, corporate report, etc)",KUANTAN SINGINGI,ID-1401,RIAU,101.41751361,-0.39106045
M-01207,NA,KPN CORP,TH INDO PLANTATIONS,SUNTAI,0.116860735345368,103.14967368355,60.0,No longer operating,2004,"Mill known to exist in 2004 (source: Golder Associates (2006). Appendix VIII: Summary of Renewable Potential in Indonesia POM, Retrieved October 10, 2018, http://www.adb.org/Documents/Reports/Consulta nt/46557-INO/36557-INO-TACR- AppendixVIII.pdf)",INDRAGIRI HILIR,ID-1403,RIAU,103.14967368,0.11686074
M-01208,PO1000010256,SINAR JAYA AGRO INVESTAMA (SJAI),GAJAH SAKTI SAWIT,GAJAH SAKTI SAWIT,-2.867818,101.43663,45.0,Operating,2018,"Establishment year based off secondary sources (e.g. website, corporate report, etc)",MUKO-MUKO,ID-1706,BENGKULU,101.43663,-2.867818
M-01209,PO1000010042,UNKNOWN,SELATAN AGUNG SEJAHTERA,SELATAN AGUNG SEJAHTERA,-3.168996,103.10575,60.0,Operating,2018,"Earliest year mill found to exist based on photo-interpretation of high-resolution satellite imagery, manufacturing census data, traceability reports and other secondary sources (or combination of these sources)",MUSI RAWAS,ID-1605,SUMATERA SELATAN,103.10575,-3.168996
M-01210,PO1000010257,ADIMULIA,ADIMULIA PALMO LESTARI,ADIMULIA PALMO LESTARI,-1.706087,102.782404,45.0,Operating,2018,"Earliest year mill found to exist based on photo-interpretation of high-resolution satellite imagery, manufacturing census data, traceability reports and other secondary sources (or combination of these sources)",BATANG HARI,ID-1504,JAMBI,102.782404,-1.706087
M-01211,PO1000010016,UNKNOWN,PALMA GEMILANG KENCANA,PALMA GEMILANG KENCANA,-1.298552,103.48644,45.0,Operating,2018,"Establishment year based off secondary sources (e.g. website, corporate report, etc)",TANJUNG JABUNG TIMUR,ID-1506,JAMBI,103.48644,-1.298552
M-01212,PO1000009025,UNKNOWN,CIPTA TUMBUH BERBUAH,CIPTA TUMBUH BERBUAH,-0.290032,109.587613,45.0,Operating,2018,"Establishment year based off secondary sources (e.g. website, corporate report, etc)",KUBU RAYA,ID-6112,KALIMANTAN BARAT,109.587613,-0.290032
M-01213,PO1000009557,PTPN III,PERKEBUNAN NUSANTARA XIV,LUWU,-2.615758,120.654783,30.0,Operating,1992,"Establishment year based off secondary sources (e.g. website, corporate report, etc)",LUWU TIMUR,ID-7325,SULAWESI SELATAN,120.654783,-2.615758
M-01214,PO1000010077,GAHARU CORP,PRATAMA UNGGUL SEJAHTERA,PRATAMA UNGGUL SEJAHTERA,-2.848872,107.617075,45.0,Operating,2017,"Establishment year based off secondary sources (e.g. website, corporate report, etc)",BELITUNG,ID-1902,KEP. BANGKA BELITUNG,107.617075,-2.848872
M-01215,PO1000010258,BUANA SRIWIJAYA SEJAHTERA (BSS),SRI ANDAL LESTARI,SRI ANDAL LESTARI,-2.785727,104.362489,60.0,Operating,2017,"Establishment year based off secondary sources (e.g. website, corporate report, etc)",BANYUASIN,ID-1607,SUMATERA SELATAN,104.362489,-2.785727
M-01216,PO1000010007,MENTHOBI KARYATAMA RAYA (MKTR),KHATULISTIWA SINERGI OMNIDAYA,KHATULISTIWA SINERGI OMNIDAYA,-2.220946,111.458937,30.0,Operating,2017,"Establishment year based off secondary sources (e.g. website, corporate report, etc)",LAMANDAU,ID-6207,KALIMANTAN TENGAH,111.458937,-2.220946
M-01217,PO1000010047,UNKNOWN,AGRINDO SAWIT MANDIRI,AGRINDO SAWIT MANDIRI,-2.347605,112.304779,45.0,Operating,2018,"Establishment year based off secondary sources (e.g. website, corporate report, etc)",SERUYAN,ID-6208,KALIMANTAN TENGAH,112.304779,-2.347605
M-01218,PO1000008155,ROYAL GOLDEN EAGLE,MITRA UNGGUL PUSAKA,PENARIKAN,0.193358,101.795075,45.0,Operating,2018,Establishment year imputed based on Dinas Perkebunan Plantation Statistics reports (e.g. first year a mill appears in a Dinas Perkebunan Plantation Statistics report),PELALAWAN,ID-1404,RIAU,101.795075,0.193358
M-01219,PO1000009020,UNKNOWN,MULIA TANI JAYA,MULIA TANI JAYA,3.8665,98.3549,30.0,Operating,2017,Establishment year based on other government record of establishment (e.g. Permit database),LANGKAT,ID-1213,SUMATERA UTARA,98.3549,3.8665
M-01220,PO1000009355,UNKNOWN,MUTIARA SAWIT LESTARI,MUTIARA SAWIT LESTARI,4.8285,97.839944,45.0,Operating,2017,"Establishment year based off secondary sources (e.g. website, corporate report, etc)",ACEH TIMUR,ID-1105,ACEH,97.839944,4.8285
M-01221,PO1000009409,TSH RESOURCES,ANDALAS WAHANA BERJAYA,ANDALAS WAHANA BERJAYA,-1.1193889,101.551222,60.0,Operating,2017,"Establishment year based off secondary sources (e.g. website, corporate report, etc)",DHARMASRAYA,ID-1311,SUMATERA BARAT,101.551222,-1.1193889
M-01222,PO1000009559,UNKNOWN,KURNIA BATANG HARI BERJAYA,KURNIA BATANG HARI BERJAYA,-1.788731,103.079706,60.0,Operating,2018,"Establishment year based off secondary sources (e.g. website, corporate report, etc)",BATANG HARI,ID-1504,JAMBI,103.079706,-1.788731
M-01223,PO1000009567,UNKNOWN,SAWIT INTI PRIMA PERKASA,SAWIT INTI PRIMA PERKASA,1.254767,101.153567,30.0,Operating,2017,"Establishment year based off secondary sources (e.g. website, corporate report, etc)",BENGKALIS,ID-1408,RIAU,101.153567,1.254767
M-01224,PO1000010012,UNKNOWN,BERKAT SAWIT SUKAMAJU,BERKAT SAWIT SUKAMAJU,-2.674508,104.07935,30.0,Operating,2018,"Establishment year based off secondary sources (e.g. website, corporate report, etc)",MUSI BANYUASIN,ID-1606,SUMATERA SELATAN,104.07935,-2.674508
M-01225,PO1000010014,UNKNOWN,ERASAKTI WIRAFORESTAMA,ERASAKTI WIRA FORESTAMA 3,-1.518977,103.636972,90.0,Operating,2016,"Earliest year mill found to exist based on photo-interpretation of high-resolution satellite imagery, manufacturing census data, traceability reports and other secondary sources (or combination of these sources)",MUARO JAMBI,ID-1505,JAMBI,103.636972,-1.518977
M-01226,PO1000010030,UNKNOWN,SUMBER BUMI SAWIT JADI RAYA,SUMBER BUMI SAWIT JADI RAYA,2.8025,99.2025,30.0,Operating,2018,"Establishment year based off secondary sources (e.g. website, corporate report, etc)",SIMALUNGUN,ID-1209,SUMATERA UTARA,99.2025,2.8025
M-01227,PO1000010039,UNKNOWN,GIGA PUTRA PERKASA,GIGA ROKAN RIAU,0.421039,100.814372,60.0,Operating,2018,"Earliest year mill found to exist based on photo-interpretation of high-resolution satellite imagery, manufacturing census data, traceability reports and other secondary sources (or combination of these sources)",ROKAN HULU,ID-1407,RIAU,100.814372,0.421039
M-01228,PO1000010044,UNKNOWN,JAYA AGRO MANDIRI,JAYA AGRO MANDIRI,-4.860676,104.940247,30.0,Operating,2009,"Earliest year mill found to exist based on photo-interpretation of high-resolution satellite imagery, manufacturing census data, traceability reports and other secondary sources (or combination of these sources)",LAMPUNG UTARA,ID-1806,LAMPUNG,104.940247,-4.860676
M-01230,PO1000010049,WIDYA,MANAKARRA UNGGUL LESTARI,LELING,-2.200428,119.431559,45.0,Operating,2013,"Establishment year based off secondary sources (e.g. website, corporate report, etc)",MAMUJU,ID-7604,SULAWESI BARAT,119.431559,-2.200428
M-01231,PO1000010052,SK PLUS,PRIMA MAS LESTARI,PRIMA MAS LESTARI,-1.707144,102.160727,45.0,Operating,2018,"Establishment year based off secondary sources (e.g. website, corporate report, etc)",BUNGO,ID-1509,JAMBI,102.160727,-1.707144
M-01232,PO1000010056,PANCADAYA PERKASA,ALAM PERMAI MAKMUR RAYA,ALAM PERMAI MAKMUR RAYA,-1.0989,116.6137,45.0,Operating,2018,"Establishment year based off secondary sources (e.g. website, corporate report, etc)",PENAJAM PASER UTARA,ID-6409,KALIMANTAN TIMUR,116.6137,-1.0989
M-01233,PO1000010062,UNKNOWN,CAHAYA UNGGUL PRIMA,CAHAYA UNGGUL PRIMA,0.46372,111.34469,45.0,Operating,2019,"Establishment year based off secondary sources (e.g. website, corporate report, etc)",SINTANG,ID-6107,KALIMANTAN BARAT,111.34469,0.46372
M-01234,PO1000010065,SUMBER TANI AGUNG (STA),KARYA AGUNG SAWITA,PAPASO,0.8944848,100.1118054,60.0,Operating,2018,"Establishment year based off secondary sources (e.g. website, corporate report, etc)",PADANG LAWAS,ID-1221,SUMATERA UTARA,100.1118054,0.8944848
M-01235,PO1000010069,SK PLUS,PERMATA NUSA SEJATI,PERMATA NUSA SEJATI,4.173797,117.444342,45.0,Operating,2018,"Establishment year based off secondary sources (e.g. website, corporate report, etc)",NUNUKAN,ID-6504,KALIMANTAN UTARA,117.444342,4.173797
M-01236,PO1000010075,SIN TEK HUAT,GLOBALINDO AGRO LESTARI,BANYUASIH,-6.628,105.62525,30.0,Operating,2017,"Earliest year mill found to exist based on photo-interpretation of high-resolution satellite imagery, manufacturing census data, traceability reports and other secondary sources (or combination of these sources)",PANDEGLANG,ID-3601,BANTEN,105.62525,-6.628
M-01237,PO1000010076,UNKNOWN,DANG MERDU BERJAYA,DANG MERDU BERJAYA,-3.181898,104.58712,,Operating,2009,"Earliest year mill found to exist based on photo-interpretation of high-resolution satellite imagery, manufacturing census data, traceability reports and other secondary sources (or combination of these sources)",OGAN ILIR,ID-1610,SUMATERA SELATAN,104.58712,-3.181898
M-01238,PO1000010010,SAWIT LESTARI,PRIMANUSA GLOBAL LESTARI,PRIMANUSA GLOBAL LESTARI,-1.9925023,119.3176086,60.0,Operating,2018,"Establishment year based off secondary sources (e.g. website, corporate report, etc)",MAMUJU TENGAH,ID-7606,SULAWESI BARAT,119.3176086,-1.9925023
M-01239,PO1000010015,UNKNOWN,SURYA SUMBER SAWIT ABADI,SURYA SUMBER SAWIT ABADI,-1.471122,102.62099,60.0,Operating,2018,"Establishment year based off secondary sources (e.g. website, corporate report, etc)",TEBO,ID-1508,JAMBI,102.62099,-1.471122
M-01240,PO1000010028,UNKNOWN,BALAM SAWIT SEJAHTERA,BALAM SAWIT SEJAHTERA,1.697444,100.684667,45.0,Operating,2017,"Establishment year based off secondary sources (e.g. website, corporate report, etc)",ROKAN HILIR,ID-1409,RIAU,100.684667,1.697444
M-01241,PO1000006362,KARYAMAS PLANTATION,KAPUASINDO PALM INDUSTRY,SUNGAI TAWANG,0.784071,111.777027,120.0,Operating,2017,"Earliest year mill found to exist based on photo-interpretation of high-resolution satellite imagery, manufacturing census data, traceability reports and other secondary sources (or combination of these sources)",KAPUAS HULU,ID-6108,KALIMANTAN BARAT,111.777027,0.784071
M-01242,PO1000013512,MENTHOBI KARYATAMA RAYA (MKTR),MENTHOBI MAKMUR LESTARI,MENTHOBI MAKMUR LESTARI,-2.247774,111.431036,30.0,Operating,2018,"Establishment year based off secondary sources (e.g. website, corporate report, etc)",LAMANDAU,ID-6207,KALIMANTAN TENGAH,111.431036,-2.247774
M-01243,PO1000011159,PTPN III,AGRO SINERGI NUSANTARA,BATEE PUTEH,4.453511,95.927442,30.0,Operating,2017,"Establishment year based off secondary sources (e.g. website, corporate report, etc)",ACEH JAYA,ID-1116,ACEH,95.927442,4.453511
M-01244,NA,UNKNOWN,CIPTA SAWITA JAYA CEMERLANG,CIPTA SAWITA JAYA CEMERLANG,3.20228,99.061712,30.0,Operating,2017,"Establishment year based off secondary sources (e.g. website, corporate report, etc)",SERDANG BEDAGAI,ID-1218,SUMATERA UTARA,99.061712,3.20228
M-01245,PO1000011174,DHANISTHA SURYA NUSANTARA,MULIA BHAKTI KAHURIPAN,KENAYA,-0.956916,110.4042,30.0,Operating,2019,"Establishment year based off secondary sources (e.g. website, corporate report, etc)",KETAPANG,ID-6106,KALIMANTAN BARAT,110.4042,-0.956916
M-01246,PO1000010815,WILMAR,AGRONUSA INVESTAMA,AGRONUSA INVESTAMA 3,1.421448,109.537279,30.0,Operating,2018,"Establishment year based off secondary sources (e.g. website, corporate report, etc)",SAMBAS,ID-6101,KALIMANTAN BARAT,109.537279,1.421448
M-01247,NA,GENTING PLANTATIONS,VARITA MAJUTAMA,VARITA MAJUTAMA,-2.583533,133.221722,90.0,Operating,2010,"Earliest year mill found to exist based on photo-interpretation of high-resolution satellite imagery, manufacturing census data, traceability reports and other secondary sources (or combination of these sources)",TELUK BINTUNI,ID-9104,PAPUA BARAT,133.221722,-2.583533
M-01248,PO1000011477,EAGLE HIGH PLANTATIONS,TANDAN SAWITA PAPUA,TULIP,-2.866472,140.880551,60.0,Operating,2018,"Establishment year based off secondary sources (e.g. website, corporate report, etc)",KEEROM,ID-9420,PAPUA,140.880551,-2.866472
M-01249,PO1000010882,BUKIT BERLIAN,AGRO ARTHA SURYA,AGRO ARTHA SURYA,0.748525,122.431052,45.0,Operating,2018,"Establishment year based off secondary sources (e.g. website, corporate report, etc)",BOALEMO,ID-7501,GORONTALO,122.431052,0.748525
M-01250,NA,UNKNOWN,JAS MULIA,SUKAMAJU,-2.571929,120.431743,30.0,Operating,2017,"Establishment year based off secondary sources (e.g. website, corporate report, etc)",LUWU UTARA,ID-7322,SULAWESI SELATAN,120.431743,-2.571929
M-01251,PO1000010793,UNKNOWN,IKA BINA AGRO WISESA,IKA BINA AGRO WISESA,5.132995,97.090792,30.0,Operating,2019,"Establishment year based off secondary sources (e.g. website, corporate report, etc)",ACEH UTARA,ID-1111,ACEH,97.090792,5.132995
M-01252,PO1000011263,UNKNOWN,BERSAMA OESAHA SARAGIH SEJAHTERA,BERSAMA OESAHA SARAGIH SEJAHTERA,3.209839,98.884306,30.0,Operating,2018,"Establishment year based off secondary sources (e.g. website, corporate report, etc)",SIMALUNGUN,ID-1209,SUMATERA UTARA,98.884306,3.209839
M-01253,PO1000014641,KORINDO,DONGIN PRABHAWA,POP-M,-7.38683,139.732337,75.0,Operating,2016,"Establishment year based off secondary sources (e.g. website, corporate report, etc)",MERAUKE,ID-9401,PAPUA,139.732337,-7.38683
M-01254,PO1000014163,KORINDO,BERKAT CIPTA ABADI,POP-C,-6.857339,140.513259,100.0,Operating,2017,"Earliest year mill found to exist based on photo-interpretation of high-resolution satellite imagery, manufacturing census data, traceability reports and other secondary sources (or combination of these sources)",MERAUKE,ID-9401,PAPUA,140.513259,-6.857339
M-01255,PO1000011406,GOODHOPE,NABIRE BARU,NABIRE BARU,-3.461406,135.255822,45.0,Operating,2019,"Establishment year based off secondary sources (e.g. website, corporate report, etc)",NABIRE,ID-9404,PAPUA,135.255822,-3.461406
M-01256,PO1000010944,KPN CORP,GRAHA AGRO NUSANTARA,GRAHA AGRO NUSANTARA,-0.083792,109.700685,60.0,Operating,2018,"Establishment year based off secondary sources (e.g. website, corporate report, etc)",KUBU RAYA,ID-6112,KALIMANTAN BARAT,109.700685,-0.083792
M-01257,PO1000011913,UNKNOWN,GUNUNG RINJUAN SEJAHTERA,GUNUNG RINJUAN SEJAHTERA,0.360378,109.365598,30.0,Operating,2019,"Establishment year based off secondary sources (e.g. website, corporate report, etc)",LANDAK,ID-6103,KALIMANTAN BARAT,109.365598,0.360378
M-01258,PO1000011194,UNKNOWN,KENCANA AGRO PERSADA,KENCANA AGRO PERSADA,0.607024,101.240552,45.0,Operating,2019,"Establishment year based off secondary sources (e.g. website, corporate report, etc)",KAMPAR,ID-1406,RIAU,101.240552,0.607024
M-01259,PO1000010795,CB INDUSTRIAL PRODUCT HOLDING BHD (CBIP),BERKALA MAJU BERSAMA,MANUHING,-1.459937,113.397689,45.0,Operating,2019,"Establishment year based off secondary sources (e.g. website, corporate report, etc)",GUNUNG MAS,ID-6211,KALIMANTAN TENGAH,113.397689,-1.459937
M-01260,PO1000011166,KPN CORP,WAHANA KARYA SEJAHTERA MANDIRI,WAHANA KARYA SEJAHTERA MANDIRI,-2.1104556,119.3349683,45.0,Operating,2018,"Establishment year based off secondary sources (e.g. website, corporate report, etc)",MAMUJU TENGAH,ID-7606,SULAWESI BARAT,119.3349683,-2.1104556
M-01261,PO1000011319,PTPN III,SINERGI PERKEBUNAN NUSANTARA,TOMATA,-1.9895853,121.011422,30.0,Operating,2017,"Establishment year based off secondary sources (e.g. website, corporate report, etc)",MOROWALI UTARA,ID-7212,SULAWESI TENGAH,121.011422,-1.9895853
M-01262,NA,KALIMANTAN PLANTATION UNIT (KPU),RIMBA MATOA LESTARI,RIMBA MATOA LESTARI,-2.457118,139.90691,45.0,Operating,2017,"Establishment year based off secondary sources (e.g. website, corporate report, etc)",JAYAPURA,ID-9403,PAPUA,139.90691,-2.457118
M-01263,PO1000010802,DHARMA SATYA NUSANTARA (DSN),AGRO ANDALAN,POM 8,-0.102946,111.029222,30.0,Operating,2019,"Establishment year based off secondary sources (e.g. website, corporate report, etc)",SEKADAU,ID-6109,KALIMANTAN BARAT,111.029222,-0.102946
M-01264,PO1000010735,POSCO INTERNATIONAL,BIO INTI AGRINDO,PKS 1,-6.961821,140.514451,60.0,Operating,2017,"Establishment year based off secondary sources (e.g. website, corporate report, etc)",MERAUKE,ID-9401,PAPUA,140.514451,-6.961821
M-01265,PO1000012465,UNKNOWN,BUMI MAJU SAWIT,BUMI MAJU SAWIT,-2.4557815,120.9455698,30.0,Operating,2008,"Establishment year based off secondary sources (e.g. website, corporate report, etc)",LUWU TIMUR,ID-7325,SULAWESI SELATAN,120.9455698,-2.4557815
M-01266,PO1000016374,WIDYA,UNGGUL WIDYA TEKNOLOGI LESTARI,AGRIBARAS,-1.521051,119.433931,45.0,Operating,2013,"Earliest year mill found to exist based on photo-interpretation of high-resolution satellite imagery, manufacturing census data, traceability reports and other secondary sources (or combination of these sources)",MAMUJU UTARA,ID-7605,SULAWESI BARAT,119.433931,-1.521051
M-01267,PO1000010794,KEMINDO,KHARISMA WIRAJAYA PALMA,KHARISMA WIRAJAYA PALMA,0.825361,100.91525,45.0,Operating,2017,"Establishment year based off secondary sources (e.g. website, corporate report, etc)",KAMPAR,ID-1406,RIAU,100.91525,0.825361
M-01268,PO1000011193,BUMI GADING PRIMA (BGP),GADING SAWIT KENCANA,GADING SAWIT KENCANA,-2.510437,112.554112,45.0,Operating,2019,"Establishment year based off secondary sources (e.g. website, corporate report, etc)",KOTAWARINGIN TIMUR,ID-6202,KALIMANTAN TENGAH,112.554112,-2.510437
M-01269,PO1000011195,UNITED MALACCA BHD (UMB),LIFERE AGRO KAPUAS,ARWANA,-2.739941,114.456954,45.0,Operating,2019,"Establishment year based off secondary sources (e.g. website, corporate report, etc)",KAPUAS,ID-6203,KALIMANTAN TENGAH,114.456954,-2.739941
M-01270,PO1000010883,ROYAL GOLDEN EAGLE,SAWIT JAMBI LESTARI,RANTAU GEDANG,-1.531916,102.905037,60.0,Operating,2018,"Establishment year based off secondary sources (e.g. website, corporate report, etc)",BATANG HARI,ID-1504,JAMBI,102.905037,-1.531916
M-01271,PO1000010805,UNKNOWN,KARYA HEVEA INDONESIA,KARYA HEVEA INDONESIA,3.374415,99.018957,20.0,Operating,2018,"Establishment year based off secondary sources (e.g. website, corporate report, etc)",SERDANG BEDAGAI,ID-1218,SUMATERA UTARA,99.018957,3.374415
M-01272,PO1000011557,UNKNOWN,SURYA SAWIT SEJAHTERA,SURYA SAWIT SEJAHTERA,-2.598634,120.565274,45.0,Operating,2019,"Establishment year based off secondary sources (e.g. website, corporate report, etc)",LUWU UTARA,ID-7322,SULAWESI SELATAN,120.565274,-2.598634
M-01273,PO1000015586,MAHITALA INGKENG GEMAH (MIG),MERBAUJAYA INDAHRAYA,KENDARI,-4.336712,122.439752,60.0,Operating,2019,"Establishment year based off secondary sources (e.g. website, corporate report, etc)",KONAWE SELATAN,ID-7405,SULAWESI TENGGARA,122.439752,-4.336712
M-01274,PO1000011182,UNKNOWN,MUSTIKA AGUNG SAWIT GEMILANG,MUSTIKA AGUNG SAWIT GEMILANG,-0.52523,101.992889,45.0,Operating,2019,"Establishment year based off secondary sources (e.g. website, corporate report, etc)",INDRAGIRI HULU,ID-1402,RIAU,101.992889,-0.52523
M-01275,NA,CAPITOL,YONGJING INVESTINDO,YONGJING INVESTINDO,-0.930507,133.853845,30.0,No longer operating,1991,"Establishment year based off secondary sources (e.g. website, corporate report, etc)",MANOKWARI,ID-9105,PAPUA BARAT,133.853845,-0.930507
M-01276,PO1000011160,PTPN III,PERKEBUNAN NUSANTARA II,ARSO,-2.784752,140.722898,30.0,No longer operating,1992,"Establishment year based off secondary sources (e.g. website, corporate report, etc)",KEEROM,ID-9420,PAPUA,140.722898,-2.784752
M-01277,PO1000010791,SAWIT LESTARI,AWANA SAWIT LESTARI,AWANA SAWIT LESTARI,-1.705362,119.30939,45.0,Operating,2019,"Establishment year based off secondary sources (e.g. website, corporate report, etc)",MAMUJU UTARA,ID-7605,SULAWESI BARAT,119.30939,-1.705362
M-01278,PO1000011179,SUMBER TANI AGUNG (STA),MADINA AGROLESTARI,SIKAPAS,1.217038,98.895173,60.0,Operating,2019,"Establishment year based off secondary sources (e.g. website, corporate report, etc)",MANDAILING NATAL,ID-1202,SUMATERA UTARA,98.895173,1.217038
M-01279,PO1000010806,KENCANA AGRI,DELTA SUBUR PERMAI,DELTA SUBUR PERMAI,-1.216084,122.518494,30.0,Operating,2019,"Establishment year based off secondary sources (e.g. website, corporate report, etc)",BANGGAI,ID-7202,SULAWESI TENGAH,122.518494,-1.216084
M-01280,PO1000011310,SD GUTHRIE,PADANG PALMA PERMAI,TAMIANG,4.305611,98.026694,30.0,No longer operating,1986,"Establishment year based off secondary sources (e.g. website, corporate report, etc)",ACEH TAMIANG,ID-1114,ACEH,98.026694,4.305611
M-01281,PO1000013777,UNKNOWN,PD PERKEBUNAN SUMATERA UTARA,SIMPANG GAMBIR,0.596173,99.299786,30.0,Operating,2011,"Establishment year based off secondary sources (e.g. website, corporate report, etc)",MANDAILING NATAL,ID-1202,SUMATERA UTARA,99.299786,0.596173
M-01282,NA,UNKNOWN,RAJA MARGA,SINABANG,2.587551,96.081865,30.0,Operating,2018,"Establishment year based off secondary sources (e.g. website, corporate report, etc)",SIMEULUE,ID-1101,ACEH,96.081865,2.587551
M-01283,NA,NUSAINA,NUSA INA,NUSA INA,-2.903052,129.799361,30.0,Operating,2018,"Establishment year based off secondary sources (e.g. website, corporate report, etc)",MALUKU TENGAH,ID-8103,MALUKU,129.799361,-2.903052
M-01284,NA,PANCA PUTRA GANDA,TOR GANDA,BUKIT HARAPAN I,1.472882,100.12722,60.0,Operating,2013,"Earliest year mill found to exist based on photo-interpretation of high-resolution satellite imagery, manufacturing census data, traceability reports and other secondary sources (or combination of these sources)",PADANG LAWAS UTARA,ID-1220,SUMATERA UTARA,100.12722,1.472882
M-01285,PO1000010811,SAGO NAULI,TRI BAHTERA SRIKANDI,ANGGOLI,1.538178,98.985872,45.0,Operating,2019,"Establishment year based off secondary sources (e.g. website, corporate report, etc)",TAPANULI TENGAH,ID-1204,SUMATERA UTARA,98.985872,1.538178
M-01286,PO1000011556,UNKNOWN,MERLUNG INTI LESTARI,MERLUNG INTI LESTARI,-1.328548,103.273748,30.0,Operating,2019,"Establishment year based off secondary sources (e.g. website, corporate report, etc)",MUARO JAMBI,ID-1505,JAMBI,103.273748,-1.328548
M-01287,PO1000011180,UNKNOWN,TIAN TUJUHPULUH UTAMA,TIAN TUJUHPULUH UTAMA,1.684059,100.533512,30.0,Operating,2019,"Establishment year based off secondary sources (e.g. website, corporate report, etc)",ROKAN HILIR,ID-1409,RIAU,100.533512,1.684059
M-01288,PO1000010796,SK PLUS,PALMA AGROINDO MANDIRI,PALMA AGROINDO MANDIRI,-2.382507,111.308306,60.0,Operating,2019,"Establishment year based off secondary sources (e.g. website, corporate report, etc)",KOTAWARINGIN BARAT,ID-6201,KALIMANTAN TENGAH,111.308306,-2.382507
M-01289,PO1000011188,DHANISTHA SURYA NUSANTARA,PERTIWI LENGGARA AGROMAS,PERDANA,-2.199698,110.813842,60.0,Operating,2019,"Establishment year based off secondary sources (e.g. website, corporate report, etc)",KETAPANG,ID-6106,KALIMANTAN BARAT,110.813842,-2.199698
M-01290,PO1000010240,DHARMA SATYA NUSANTARA (DSN),KARYA PRIMA AGRO SEJAHTERA,POM 7,1.283797,116.914374,60.0,Operating,2017,"Establishment year based off secondary sources (e.g. website, corporate report, etc)",KUTAI TIMUR,ID-6404,KALIMANTAN TIMUR,116.914374,1.283797
M-01291,PO1000011311,ASTRA AGRO LESTARI,SAWIT JAYA ABADI,SAWIT JAYA ABADI 2,-1.959153,120.829501,30.0,Operating,2016,"Establishment year based off secondary sources (e.g. website, corporate report, etc)",POSO,ID-7204,SULAWESI TENGAH,120.829501,-1.959153
M-01292,NA,UNKNOWN,INDUK KOPERASI UNIT DESA,INDUK KOPERASI UNIT DESA,-1.691947,103.592431,5.0,Operating,2019,"Establishment year based off secondary sources (e.g. website, corporate report, etc)",MUARO JAMBI,ID-1505,JAMBI,103.592431,-1.691947
M-01293,PO1000006247,UNKNOWN,MULTIAGRO SUMATERA JAYA,PULO DOGOM,2.567391,99.57839,30.0,Operating,2014,"Earliest year mill found to exist based on photo-interpretation of high-resolution satellite imagery, manufacturing census data, traceability reports and other secondary sources (or combination of these sources)",LABUHAN BATU UTARA,ID-1223,SUMATERA UTARA,99.57839,2.567391
M-01294,NA,UNKNOWN,LAURA SEGAR JAYA,LAURA SEGAR JAYA,4.137736,117.721172,15.0,Operating,2012,"Earliest year mill found to exist based on photo-interpretation of high-resolution satellite imagery, manufacturing census data, traceability reports and other secondary sources (or combination of these sources)",NUNUKAN,ID-6504,KALIMANTAN UTARA,117.721172,4.137736
M-01295,PO1000014236,PIPIT,NUNUKAN BARA SUKSES,SEBUKU,3.998315,116.822615,90.0,Operating,2019,"Establishment year based off secondary sources (e.g. website, corporate report, etc)",NUNUKAN,ID-6504,KALIMANTAN UTARA,116.822615,3.998315
M-01296,PO1000011591,PUPUK KALTIM,KALIMANTAN AGRO NUSANTARA,KALIMANTAN AGRO NUSANTARA,0.675594,117.22658,30.0,Operating,2020,"Establishment year based off secondary sources (e.g. website, corporate report, etc)",KUTAI TIMUR,ID-6404,KALIMANTAN TIMUR,117.22658,0.675594
M-01297,PO1000013517,UNKNOWN,BIYU IYAS MALELA,BIYU IYAS MALELA,3.28099,99.28925,20.0,Operating,2019,"Establishment year based off secondary sources (e.g. website, corporate report, etc)",BATU BARA,ID-1219,SUMATERA UTARA,99.28925,3.28099
M-01298,PO1000011558,UNKNOWN,KASMAR MATANO PERSADA,KASMAR MATANO PERSADA,-2.541617,120.30346,30.0,Operating,2020,"Establishment year based off secondary sources (e.g. website, corporate report, etc)",LUWU UTARA,ID-7322,SULAWESI SELATAN,120.30346,-2.541617
M-01299,PO1000010807,HPI-AGRO (DJARUM),KIARA SAWIT ABADI,GELATIK,0.81729,111.01222,45.0,Operating,2019,"Establishment year based off secondary sources (e.g. website, corporate report, etc)",SINTANG,ID-6107,KALIMANTAN BARAT,111.01222,0.81729
M-01300,PO1000008641,KUALA LUMPUR KEPONG (KLK),LANGKAT NUSANTARA KEPONG,TANJUNG KELILING,3.511326,98.306438,80.0,Operating,2019,"Establishment year based off secondary sources (e.g. website, corporate report, etc)",LANGKAT,ID-1213,SUMATERA UTARA,98.306438,3.511326
M-01301,PO1000017929,INDOGUNTA,BERAU SAWIT SEJAHTERA,BERAU SAWIT SEJAHTERA,1.36092,117.07806,60.0,Operating,2019,Establishment year based on other government record of establishment (e.g. Permit database),KUTAI TIMUR,ID-6404,KALIMANTAN TIMUR,117.07806,1.36092
M-01302,PO1000011307,FANGIONO AGRO PLANTATION (FAP AGRI),BORNEO BHAKTI SEJAHTERA,BORNEO BHAKTI SEJAHTERA,0.493567,115.367221,60.0,Operating,2019,Establishment year based on other government record of establishment (e.g. Permit database),MAHAKAM ULU,ID-6411,KALIMANTAN TIMUR,115.367221,0.493567
M-01304,PO1000011305,TRIPUTRA AGRO PERSADA,NATURA PASIFIC NUSANTARA,NATURA PASIFIC NUSANTARA,2.248392,116.985773,30.0,Operating,2019,"Establishment year based off secondary sources (e.g. website, corporate report, etc)",BERAU,ID-6405,KALIMANTAN TIMUR,116.985773,2.248392
M-01305,PO1000011552,UNKNOWN,LANGKAT MAKMUR JAYA SAWITA,LANGKAT MAKMUR JAYA SAWITA,3.877333,98.34033,20.0,Operating,2020,"Establishment year based off secondary sources (e.g. website, corporate report, etc)",LANGKAT,ID-1213,SUMATERA UTARA,98.34033,3.877333
M-01306,PO1000012848,UNKNOWN,ARSI GRIYA PLANTATIONS,ARSI GRIYA PLANTATIONS,-2.861348,104.940869,15.0,Operating,2019,"Establishment year based off secondary sources (e.g. website, corporate report, etc)",BANYUASIN,ID-1607,SUMATERA SELATAN,104.940869,-2.861348
M-01307,PO1000011554,KPN CORP,CITRA MAHKOTA,CITRA MAHKOTA,-0.356909,112.12835,60.0,Operating,2017,"Establishment year based off secondary sources (e.g. website, corporate report, etc)",SINTANG,ID-6107,KALIMANTAN BARAT,112.12835,-0.356909
M-01308,PO1000011196,TRIPUTRA AGRO PERSADA,SUKSES KARYA MANDIRI,SUKSES KARYA MANDIRI,-2.188519,111.341834,45.0,Operating,2019,"Establishment year based off secondary sources (e.g. website, corporate report, etc)",SUKAMARA,ID-6206,KALIMANTAN TENGAH,111.341834,-2.188519
M-01309,PO1000010808,PARNA RAYA,MITRA ANDALAN SEJAHTERA,MITRA ANDALAN SEJAHTERA,0.080256,109.277861,30.0,Operating,2019,"Establishment year based off secondary sources (e.g. website, corporate report, etc)",MEMPAWAH,ID-6104,KALIMANTAN BARAT,109.277861,0.080256
M-01310,PO1000011197,KPN CORP,AGRIPRIMA CIPTA PERSADA,AGRIPRIMA CIPTA PERSADA,-7.445166,140.504651,45.0,Operating,2019,"Establishment year based off secondary sources (e.g. website, corporate report, etc)",MERAUKE,ID-9401,PAPUA,140.504651,-7.445166
M-01311,PO1000011917,FIRST RESOURCES,MITRA KARYA SENTOSA,MITRA KARYA SENTOSA,0.764622,110.668431,60.0,Operating,2020,Establishment year based on other government record of establishment (e.g. Permit database),SANGGAU,ID-6105,KALIMANTAN BARAT,110.668431,0.764622
M-01312,PO1000012846,FIRST RESOURCES,CITRA AGRO KENCANA,CITRA AGRO KENCANA,-0.472249,115.593392,60.0,Operating,2020,"Establishment year based off secondary sources (e.g. website, corporate report, etc)",KUTAI BARAT,ID-6402,KALIMANTAN TIMUR,115.593392,-0.472249
M-01314,NA,MULIA SAWIT AGRO LESTARI (MSAL),PERSADA SEJAHTERA AGRO MAKMUR,PERSADA SEJAHTERA AGRO MAKMUR,-1.380493,113.060142,60.0,Operating,2020,"Establishment year based off secondary sources (e.g. website, corporate report, etc)",KATINGAN,ID-6209,KALIMANTAN TENGAH,113.060142,-1.380493
M-01315,PO1000011992,SK PLUS,SELARAS MITRA SARIMBA,SELARAS MITRA SARIMBA,-1.412903,102.265927,30.0,Operating,2020,"Establishment year based off secondary sources (e.g. website, corporate report, etc)",TEBO,ID-1508,JAMBI,102.265927,-1.412903
M-01316,PO1000011911,UNKNOWN,SAWIT JAYA MANDIRI LESTARI,SAWIT JAYA MANDIRI LESTARI,-0.442897,102.257218,45.0,Operating,2020,"Establishment year based off secondary sources (e.g. website, corporate report, etc)",INDRAGIRI HULU,ID-1402,RIAU,102.257218,-0.442897
M-01317,PO1000015293,SINAR JAYA AGRO INVESTAMA (SJAI),UTAMA AGRINDO MAS,UTAMA AGRINDO MAS,-3.97481,122.272838,45.0,Operating,2019,"Establishment year based off secondary sources (e.g. website, corporate report, etc)",KONAWE,ID-7403,SULAWESI TENGGARA,122.272838,-3.97481
M-01318,PO1000010945,DAMAI PLANTATION,SAMBOJA INTI PERKASA,SAMBOJA INTI PERKASA,-0.297022,111.64135,30.0,Operating,2018,"Establishment year based off secondary sources (e.g. website, corporate report, etc)",MELAWI,ID-6110,KALIMANTAN BARAT,111.64135,-0.297022
M-01319,PO1000011306,DHARMA AGUNG WIJAYA (DAW),HANUSENTRA AGRO LESTARI,HANUSENTRA AGRO LESTARI,1.178108,117.901007,45.0,Operating,2019,"Establishment year based off secondary sources (e.g. website, corporate report, etc)",KUTAI TIMUR,ID-6404,KALIMANTAN TIMUR,117.901007,1.178108
M-01320,PO1000011553,UNKNOWN,GASING SAWIT ABADI,GASING SAWIT ABADI,-2.555336,104.768052,60.0,Operating,2020,"Establishment year based off secondary sources (e.g. website, corporate report, etc)",BANYUASIN,ID-1607,SUMATERA SELATAN,104.768052,-2.555336
M-01321,PO1000012842,IJM PLANTATIONS BERHAD,PRIMA BAHAGIA PERMAI,PRIMA BAHAGIA PERMAI,2.672174,117.745799,60.0,Operating,2019,"Establishment year based off secondary sources (e.g. website, corporate report, etc)",BULUNGAN,ID-6502,KALIMANTAN UTARA,117.745799,2.672174
M-01322,NA,SALIM GROUP,HIJAUPERTIWI INDAH PLANTATIONS,LUPAK DALAM,-3.290455,114.266477,45.0,Operating,2020,"Establishment year based off secondary sources (e.g. website, corporate report, etc)",KAPUAS,ID-6203,KALIMANTAN TENGAH,114.266477,-3.290455
M-01323,PO1000016378,UNKNOWN,MAKIN MAJU,MAKIN MAJU,3.806438,98.369344,,Operating,2014,"Earliest year mill found to exist based on photo-interpretation of high-resolution satellite imagery, manufacturing census data, traceability reports and other secondary sources (or combination of these sources)",LANGKAT,ID-1213,SUMATERA UTARA,98.369344,3.806438
M-01324,PO1000011301,WINGS AGRO,INTI SELARAS PERKASA,INTI SELARAS PERKASA,2.738416,117.208548,30.0,Operating,2019,"Establishment year based off secondary sources (e.g. website, corporate report, etc)",BULUNGAN,ID-6502,KALIMANTAN UTARA,117.208548,2.738416
M-01325,PO1000012424,UNKNOWN,WIJAYA BORNEO TIGANNA,BATANG KELUR,-2.842906,116.051245,20.0,Operating,2020,"Establishment year based off secondary sources (e.g. website, corporate report, etc)",KOTABARU,ID-6302,KALIMANTAN SELATAN,116.051245,-2.842906
M-01326,PO1000015839,CITRA BORNEO INDAH (CBI),MENTENG KENCANA MAS,KANAMIT,-2.947801,114.182294,60.0,Operating,2019,"Establishment year based off secondary sources (e.g. website, corporate report, etc)",PULANG PISAU,ID-6210,KALIMANTAN TENGAH,114.182294,-2.947801
M-01327,NA,BEST INDUSTRY,SURYA MAS CIPTA PERKASA,SURYA MAS CIPTA PERKASA 2,-3.151297,113.645131,60.0,Operating,2019,"Earliest year mill found to exist based on photo-interpretation of high-resolution satellite imagery, manufacturing census data, traceability reports and other secondary sources (or combination of these sources)",PULANG PISAU,ID-6210,KALIMANTAN TENGAH,113.645131,-3.151297
M-01328,NA,BEST INDUSTRY,TUNAS AGRO SUBUR KENCANA,TUNAS AGRO SUBUR KENCANA 3,-2.250799,112.825632,75.0,Operating,2019,"Establishment year based off secondary sources (e.g. website, corporate report, etc)",KOTAWARINGIN TIMUR,ID-6202,KALIMANTAN TENGAH,112.825632,-2.250799
M-01329,NA,CITRA BORNEO INDAH (CBI),MIRZA PRATAMA PUTRA,SUMBER CAHAYA,-1.957885,111.498094,60.0,Operating,2019,"Establishment year based off secondary sources (e.g. website, corporate report, etc)",LAMANDAU,ID-6207,KALIMANTAN TENGAH,111.498094,-1.957885
M-01330,PO1000011318,SUNGAI BUDI,BUMI PERKASA GEMILANG,PKS 10,-0.3471673,109.6925559,45.0,Operating,2019,"Establishment year based off secondary sources (e.g. website, corporate report, etc)",KUBU RAYA,ID-6112,KALIMANTAN BARAT,109.6925559,-0.3471673
M-01331,NA,DARMEX AGRO,WANA HIJAU SEMESTA,WANA HIJAU SEMESTA,1.514572,109.597111,60.0,Operating,2016,"Establishment year based off secondary sources (e.g. website, corporate report, etc)",SAMBAS,ID-6101,KALIMANTAN BARAT,109.597111,1.514572
M-01332,PO1000011198,UNKNOWN,BUMI KHATULISTIWA MANDIRI,BUMI KHATULISTIWA MANDIRI,-3.274456,105.814332,30.0,Operating,2019,"Establishment year based off secondary sources (e.g. website, corporate report, etc)",OGAN KOMERING ILIR,ID-1602,SUMATERA SELATAN,105.814332,-3.274456
M-01333,NA,INCASI RAYA (GUNAS),TRANSCO ENERGI UTAMA,TRANSCO ENERGI UTAMA,-2.063254,101.00628,60.0,Operating,2018,"Establishment year based off secondary sources (e.g. website, corporate report, etc)",PESISIR SELATAN,ID-1302,SUMATERA BARAT,101.00628,-2.063254
M-01334,NA,JATINOM INDAH,SAWIT ARUM MADANI,SAWIT ARUM MADANI,-8.15099,112.224573,15.0,Operating,2016,"Establishment year based off secondary sources (e.g. website, corporate report, etc)",BLITAR,ID-3505,JAWA TIMUR,112.224573,-8.15099
M-01335,NA,UNKNOWN,SEJAHTERA MAKMUR SEJATI,SEJAHTERA MAKMUR SEJATI,4.033168,98.23619,,Operating,2016,"Establishment year based off secondary sources (e.g. website, corporate report, etc)",LANGKAT,ID-1213,SUMATERA UTARA,98.23619,4.033168
M-01336,PO1000011309,IKHASAS,RAFI KAMAJAYA ABADI,RAFI KAMAJAYA ABADI,-0.241347,111.620812,45.0,Operating,2020,"Establishment year based off secondary sources (e.g. website, corporate report, etc)",MELAWI,ID-6110,KALIMANTAN BARAT,111.620812,-0.241347
M-01337,PO1000011312,ASTRA AGRO LESTARI,TRI BUANA MAS,TRI BUANA MAS,-2.727976,114.843076,45.0,Operating,2020,"Establishment year based off secondary sources (e.g. website, corporate report, etc)",TAPIN,ID-6305,KALIMANTAN SELATAN,114.843076,-2.727976
M-01338,PO1000011167,KPN CORP,ALAM JAYA PERSADA,ALAM JAYA PERSADA,-0.931401,117.150349,45.0,Operating,2016,Establishment year imputed based on Dinas Perkebunan Plantation Statistics reports (e.g. first year a mill appears in a Dinas Perkebunan Plantation Statistics report),KUTAI KARTANEGARA,ID-6403,KALIMANTAN TIMUR,117.150349,-0.931401
M-01339,PO1000010713,MUSIM MAS,GLOBALINDO ALAM PERKASA,GLOBALINDO ALAM PERKASA,-2.668315,112.772772,45.0,Operating,2019,"Establishment year based off secondary sources (e.g. website, corporate report, etc)",KOTAWARINGIN TIMUR,ID-6202,KALIMANTAN TENGAH,112.772772,-2.668315
M-01340,PO1000011300,FANGIONO AGRO PLANTATION (FAP AGRI),BULUNGAN HIJAU PERKASA,BULUNGAN HIJAU PERKASA,3.926914,116.816416,60.0,Operating,2020,"Establishment year based off secondary sources (e.g. website, corporate report, etc)",NUNUKAN,ID-6504,KALIMANTAN UTARA,116.816416,3.926914
M-01341,PO1000011478,PANCA EKA,SINDORA SERAYA,SINDORA SERAYA,1.891157,100.952188,45.0,Operating,2020,"Establishment year based off secondary sources (e.g. website, corporate report, etc)",ROKAN HILIR,ID-1409,RIAU,100.952188,1.891157
M-01342,NA,SUNGAI BUDI,TUNAS BARU LAMPUNG,PKS 6,-5.10253,105.557228,45.0,Operating,2018,"Establishment year based off secondary sources (e.g. website, corporate report, etc)",LAMPUNG TIMUR,ID-1804,LAMPUNG,105.557228,-5.10253
M-01343,PO1000014229,TRIPUTRA AGRO PERSADA,ANUGERAH AGUNG PRIMA ABADI,ANUGERAH AGUNG PRIMA ABADI,1.539045,117.188634,45.0,Operating,2020,"Establishment year based off secondary sources (e.g. website, corporate report, etc)",BERAU,ID-6405,KALIMANTAN TIMUR,117.188634,1.539045
M-01344,NA,PANCA PUTRA GANDA,TOR GANDA,PATOGU JANJI,1.318362,100.010552,60.0,Operating,2016,"Earliest year mill found to exist based on photo-interpretation of high-resolution satellite imagery, manufacturing census data, traceability reports and other secondary sources (or combination of these sources)",PADANG LAWAS,ID-1221,SUMATERA UTARA,100.010552,1.318362
M-01345,PO1000010731,POSCO INTERNATIONAL,BIO INTI AGRINDO,PKS 2,-7.094861,140.808389,60.0,Operating,2019,"Establishment year based off secondary sources (e.g. website, corporate report, etc)",MERAUKE,ID-9401,PAPUA,140.808389,-7.094861
M-01346,PO1000013829,SINAR MAS,HARAPAN RIMBA RAYA,SEI KEDANG,-0.65853,115.49657,80.0,Operating,2020,"Establishment year based off secondary sources (e.g. website, corporate report, etc)",KUTAI BARAT,ID-6402,KALIMANTAN TIMUR,115.49657,-0.65853
M-01347,PO1000016959,INCASI RAYA (GUNAS),BINTARA TANI NUSANTARA,SINTANG,-0.136031,111.946838,45.0,Operating,2019,"Earliest year mill found to exist based on photo-interpretation of high-resolution satellite imagery, manufacturing census data, traceability reports and other secondary sources (or combination of these sources)",SINTANG,ID-6107,KALIMANTAN BARAT,111.946838,-0.136031
M-01348,PO1000011910,UNKNOWN,MAHATO INTI SAWIT,MAHATO INTI SAWIT,1.373556,100.298667,30.0,Operating,2020,"Establishment year based off secondary sources (e.g. website, corporate report, etc)",ROKAN HULU,ID-1407,RIAU,100.298667,1.373556
M-01349,PO1000013497,GENTING PLANTATIONS,AGRO ABADI CEMERLANG,CEMERLANG,-0.33919,110.18917,60.0,Operating,2020,Establishment year based on other government record of establishment (e.g. Permit database),SANGGAU,ID-6105,KALIMANTAN BARAT,110.18917,-0.33919
M-01350,PO1000014639,UNION SAMPOERNA TRIPUTRA PERSADA (USTP),HARAPAN HIBRIDA KALBAR,SUNGAI JELAI ESTATE,-2.52731,111.11258,60.0,Operating,2020,"Establishment year based off secondary sources (e.g. website, corporate report, etc)",KETAPANG,ID-6106,KALIMANTAN BARAT,111.11258,-2.52731
M-01351,PO1000011993,UNKNOWN,KELANTAN SAKTI,KELANTAN SAKTI,-3.503269,104.94076,60.0,Operating,2020,"Establishment year based off secondary sources (e.g. website, corporate report, etc)",OGAN KOMERING ILIR,ID-1602,SUMATERA SELATAN,104.94076,-3.503269
M-01352,PO1000014162,UNKNOWN,PARMA DARMA GLOBAL SAWIT,PARMA DARMA GLOBAL SAWIT,-2.541765,120.411736,30.0,Operating,2020,"Establishment year based off secondary sources (e.g. website, corporate report, etc)",LUWU UTARA,ID-7322,SULAWESI SELATAN,120.411736,-2.541765
M-01353,PO1000014169,UNKNOWN,ICHIKO AGRO LESTARI,ICHIKO AGRO LESTARI,-0.503975,109.485049,30.0,Operating,2020,"Establishment year based off secondary sources (e.g. website, corporate report, etc)",KUBU RAYA,ID-6112,KALIMANTAN BARAT,109.485049,-0.503975
M-01354,NA,JHONLIN,KODECO AGROJAYA MANDIRI,DANAU BIRU,-3.507185,115.915981,60.0,Operating,2020,"Establishment year based off secondary sources (e.g. website, corporate report, etc)",TANAH BUMBU,ID-6310,KALIMANTAN SELATAN,115.915981,-3.507185
M-01355,PO1000013486,ADR,KASIH AGRO MANDIRI,KASIH JAYA MANDIRI,-2.84421,104.33168,45.0,Operating,2020,"Establishment year based off secondary sources (e.g. website, corporate report, etc)",BANYUASIN,ID-1607,SUMATERA SELATAN,104.33168,-2.84421
M-01356,PO1000013891,TIANJIN JULONG,WAHANA PLANTATION AND PRODUCTS,WAHANA PLANTATION AND PRODUCTS,0.01125,111.55934,45.0,Operating,2018,"Establishment year based off secondary sources (e.g. website, corporate report, etc)",SINTANG,ID-6107,KALIMANTAN BARAT,111.55934,0.01125
M-01357,PO1000014176,PALMA SERASIH,NUSARAYA AGRO SAWIT,MEJANG INDAH,1.306305,116.907782,90.0,Operating,2020,"Establishment year based off secondary sources (e.g. website, corporate report, etc)",KUTAI TIMUR,ID-6404,KALIMANTAN TIMUR,116.907782,1.306305
M-01358,PO1000011912,UNKNOWN,SAWIT RUPAT SEJAHTERA,SAWIT RUPAT SEJAHTERA,1.93512,101.73336,20.0,Operating,2020,"Establishment year based off secondary sources (e.g. website, corporate report, etc)",BENGKALIS,ID-1408,RIAU,101.73336,1.93512
M-01359,PO1000014952,UNKNOWN,SIRATA-RATA ALAS TONGA,SIMONIS,2.26647,99.62415,30.0,Operating,2017,"Establishment year based off secondary sources (e.g. website, corporate report, etc)",LABUHAN BATU UTARA,ID-1223,SUMATERA UTARA,99.62415,2.26647
M-01360,PO1000012847,MP EVANS,TEGUH JAYAPRIMA ABADI,RAHAYU,-0.20301,116.77165,40.0,Operating,2020,"Establishment year based off secondary sources (e.g. website, corporate report, etc)",KUTAI KARTANEGARA,ID-6403,KALIMANTAN TIMUR,116.77165,-0.20301
M-01361,PO1000012623,ORIENTAL HOLDINGS BERHAD,PRATAMA PALM ABADI,PRATAMA PALM ABADI,-2.764979,103.253577,60.0,Operating,2020,"Establishment year based off secondary sources (e.g. website, corporate report, etc)",MUSI RAWAS,ID-1605,SUMATERA SELATAN,103.253577,-2.764979
M-01362,PO1000013408,SINAR MAS,BANGUN NUSA MANDIRI,KENARI,-2.16562,110.9207,80.0,Operating,2020,"Establishment year based off secondary sources (e.g. website, corporate report, etc)",KETAPANG,ID-6106,KALIMANTAN BARAT,110.9207,-2.16562
M-01363,PO1000012845,UNKNOWN,SANLING SAWIT SEJAHTERA,SANLING SAWIT SEJAHTERA,-0.38001,102.16418,45.0,Operating,2020,"Establishment year based off secondary sources (e.g. website, corporate report, etc)",INDRAGIRI HULU,ID-1402,RIAU,102.16418,-0.38001
M-01364,PO1000012852,UNKNOWN,YUNI BERSAUDARA SEJAHTERA,YUNI BERSAUDARA SEJAHTERA,-0.02655,101.18982,45.0,Operating,2020,"Establishment year based off secondary sources (e.g. website, corporate report, etc)",KAMPAR,ID-1406,RIAU,101.18982,-0.02655
M-01365,PO1000012622,UNKNOWN,PALMARIS RAYA,AIRAPA,0.444782,99.259285,60.0,Operating,2020,"Establishment year based off secondary sources (e.g. website, corporate report, etc)",MANDAILING NATAL,ID-1202,SUMATERA UTARA,99.259285,0.444782
M-01366,PO1000015876,UNKNOWN,SAWIT SUMATERA PERKASA,SAWIT SUMATERA PERKASA,2.59105,99.67852,,Operating,2020,"Establishment year based off secondary sources (e.g. website, corporate report, etc)",LABUHAN BATU UTARA,ID-1223,SUMATERA UTARA,99.67852,2.59105
M-01367,NA,UNKNOWN,KOPERASI JASA MANDIRI JAYA LESTARI,KOPERASI JASA MANDIRI JAYA LESTARI,1.8196581,101.31355,5.0,Operating,2018,"Establishment year based off secondary sources (e.g. website, corporate report, etc)",DUMAI (KOTA),ID-1473,RIAU,101.31355,1.8196581
M-01368,PO1000017401,UNKNOWN,SEJAHTERA MANDIRI SAWITA,SMS 2,3.793,98.48785,,Operating,2021,"Establishment year based off secondary sources (e.g. website, corporate report, etc)",LANGKAT,ID-1213,SUMATERA UTARA,98.48785,3.793
M-01369,PO1000013778,GENK AGRO MAS,BALAM BERLIAN SAWIT,BALAM BERLIAN SAWIT,1.67968,100.80811,60.0,Operating,2020,"Establishment year based off secondary sources (e.g. website, corporate report, etc)",ROKAN HILIR,ID-1409,RIAU,100.80811,1.67968
M-01370,PO1000012844,UNKNOWN,SAWIT INTI RAYA,SAWIT INTI RAYA,-0.45685,102.17033,45.0,Operating,2020,"Establishment year based off secondary sources (e.g. website, corporate report, etc)",INDRAGIRI HULU,ID-1402,RIAU,102.17033,-0.45685
M-01371,PO1000014226,UNKNOWN,MITRA AGRO SEMBADA,MITRA AGRO SEMBADA,-2.0376066,105.897452,60.0,Operating,2021,"Establishment year based off secondary sources (e.g. website, corporate report, etc)",BANGKA,ID-1901,KEP. BANGKA BELITUNG,105.897452,-2.0376066
M-01372,PO1000012843,FIRST RESOURCES,SETIA AGRINDO MANDIRI,SETIA AGRINDO MANDIRI,-0.43384,102.96595,90.0,Operating,2020,"Establishment year based off secondary sources (e.g. website, corporate report, etc)",INDRAGIRI HILIR,ID-1403,RIAU,102.96595,-0.43384
M-01373,PO1000013838,UNKNOWN,MUTIARA HIJAU LESTARI,MUTIARA HIJAU LESTARI,-2.58083,106.24459,60.0,Operating,2020,"Establishment year based off secondary sources (e.g. website, corporate report, etc)",BANGKA TENGAH,ID-1904,KEP. BANGKA BELITUNG,106.24459,-2.58083
M-01374,PO1000013887,UNKNOWN,PUTRA BANGKA TANI,PUTRA BANGKA TANI,-2.35723,106.209271,45.0,Operating,2020,"Establishment year based off secondary sources (e.g. website, corporate report, etc)",BANGKA TENGAH,ID-1904,KEP. BANGKA BELITUNG,106.209271,-2.35723
M-01375,PO1000013779,UNKNOWN,PERAWANG AGRO SEJAHTERA,PERAWANG AGRO SEJAHTERA,0.59674,101.620679,45.0,Operating,2020,"Establishment year based off secondary sources (e.g. website, corporate report, etc)",SIAK,ID-1405,RIAU,101.620679,0.59674
M-01376,PO1000014231,GOODHOPE,SUMBER HASIL PRIMA,SUMBER HASIL PRIMA,-0.29827,112.43737,30.0,Operating,2020,"Establishment year based off secondary sources (e.g. website, corporate report, etc)",SINTANG,ID-6107,KALIMANTAN BARAT,112.43737,-0.29827
M-01377,PO1000013498,GOODHOPE,BATU MAS SEJAHTERA,BATU MAS SEJAHTERA,-1.014113,110.52982,60.0,Operating,2021,"Establishment year based off secondary sources (e.g. website, corporate report, etc)",KETAPANG,ID-6106,KALIMANTAN BARAT,110.52982,-1.014113
M-01378,PO1000016678,UNKNOWN,SAWITTA JAYA SEJAHTERA,SAWITTA JAYA SEJAHTERA,2.7946111,99.217111,,Operating,2018,"Establishment year based off secondary sources (e.g. website, corporate report, etc)",SIMALUNGUN,ID-1209,SUMATERA UTARA,99.217111,2.7946111
M-01379,NA,SAWIT LESTARI,BENGKULU SAWIT LESTARI,AIR TERAS,-4.131564,102.641244,30.0,Operating,2020,"Establishment year based off secondary sources (e.g. website, corporate report, etc)",SELUMA,ID-1705,BENGKULU,102.641244,-4.131564
M-01381,PO1000011991,ROYAL GOLDEN EAGLE,RIGUNAS AGRI UTAMA,AGRO SEJAHTERA,-0.516005,102.016656,60.0,Operating,2020,"Establishment year based off secondary sources (e.g. website, corporate report, etc)",INDRAGIRI HULU,ID-1402,RIAU,102.016656,-0.516005
M-01382,NA,SHANGHAI XINJIU CHEMICAL CO.,SEBAUNG SAWIT PLANTATIONS,SEBAUNG SAWIT PLANTATIONS,3.8356611,117.33919,45.0,Operating,2020,"Establishment year based off secondary sources (e.g. website, corporate report, etc)",NUNUKAN,ID-6504,KALIMANTAN UTARA,117.33919,3.8356611
M-01383,PO1000014159,KALIMANTAN SAWIT KUSUMA (KSK),MITRA SAUDARA LESTARI,MITRA SAUDARA LESTARI,-2.5809907,111.025134,60.0,Operating,2020,"Establishment year based off secondary sources (e.g. website, corporate report, etc)",KETAPANG,ID-6106,KALIMANTAN BARAT,111.025134,-2.5809907
M-01384,PO1000012448,MUSIM MAS,LESTARI ABADI PERKASA,LESTARI ABADI PERKASA,-1.72495,110.67433,60.0,Operating,2021,"Establishment year based off secondary sources (e.g. website, corporate report, etc)",KETAPANG,ID-6106,KALIMANTAN BARAT,110.67433,-1.72495
M-01385,PO1000014294,UNKNOWN,INTI MITRA SAWIT LESTARI,INTI MITRA SAWIT LESTARI,4.0568041,98.130659,20.0,Operating,2021,"Establishment year based off secondary sources (e.g. website, corporate report, etc)",LANGKAT,ID-1213,SUMATERA UTARA,98.130659,4.0568041
M-01386,PO1000014589,UNKNOWN,CAHAYA AGRO SAWITA SEJAHTERA,CAHAYA AGRO SAWITA SEJAHTERA,4.0518919,98.134425,,Operating,2021,"Establishment year based off secondary sources (e.g. website, corporate report, etc)",LANGKAT,ID-1213,SUMATERA UTARA,98.134425,4.0518919
M-01387,PO1000014290,UNKNOWN,SEURAMOE AGRO PERSADA,SEURAMOE AGRO PERSADA,4.9401785,97.409309,30.0,Operating,2021,"Establishment year based off secondary sources (e.g. website, corporate report, etc)",ACEH UTARA,ID-1111,ACEH,97.409309,4.9401785
M-01388,PO1000014230,SUBARNI,MON JAMBEE,MON JAMBEE,3.9302306,96.66116,30.0,Operating,2021,"Establishment year based off secondary sources (e.g. website, corporate report, etc)",ACEH BARAT DAYA,ID-1112,ACEH,96.66116,3.9302306
M-01389,PO1000014173,BAHRUNY,SATYA AGUNG,SATYA AGUNG,5.0123595,97.1046742,30.0,Operating,2021,"Establishment year based off secondary sources (e.g. website, corporate report, etc)",ACEH UTARA,ID-1111,ACEH,97.1046742,5.0123595
M-01390,PO1000014174,UNKNOWN,SAWIT MANDIRI LESTARI,TAPIN BINI,-1.9128478,111.213004,60.0,Operating,2021,"Establishment year based off secondary sources (e.g. website, corporate report, etc)",LAMANDAU,ID-6207,KALIMANTAN TENGAH,111.213004,-1.9128478
M-01391,PO1000012851,SK PLUS,BUKIT JEJER SUKSES,BUKIT JEJER SUKSES,-2.292059,121.791854,60.0,Operating,2021,"Establishment year based off secondary sources (e.g. website, corporate report, etc)",MOROWALI,ID-7203,SULAWESI TENGAH,121.791854,-2.292059
M-01392,NA,KALIMANTAN AGRO SEJAHTERA (KAS),AGRO MANUNGGAL SELARAS,AGRO MANUNGGAL SELARAS,-0.89136,115.79645,60.0,Operating,2021,"Establishment year based off secondary sources (e.g. website, corporate report, etc)",KUTAI BARAT,ID-6402,KALIMANTAN TIMUR,115.79645,-0.89136
M-01393,PO1000016537,UNKNOWN,MANDIRI PALMERA AGRINDO,MANDIRI PALMERA AGRINDO,-2.5173,120.76147,30.0,Operating,2021,"Establishment year based off secondary sources (e.g. website, corporate report, etc)",LUWU TIMUR,ID-7325,SULAWESI SELATAN,120.76147,-2.5173
M-01394,PO1000014289,UNKNOWN,BUGAK PALMA SEJAHTERA,BUGAK PALMA SEJAHTERA,4.8937483,97.56507,20.0,Operating,2021,"Establishment year based off secondary sources (e.g. website, corporate report, etc)",ACEH TIMUR,ID-1105,ACEH,97.56507,4.8937483
M-01395,PO1000014234,AGRINA,BUMI TATA LESTARI,BUMI TATA LESTARI,0.798433,110.70758,45.0,Operating,2020,Establishment year based on other government record of establishment (e.g. Permit database),SANGGAU,ID-6105,KALIMANTAN BARAT,110.70758,0.798433
M-01396,PO1000014171,WIDYA,MULIA INTI PERKASA,MULIA INTI PERKASA,2.292887,116.908401,45.0,Operating,2021,"Establishment year based off secondary sources (e.g. website, corporate report, etc)",BERAU,ID-6405,KALIMANTAN TIMUR,116.908401,2.292887
M-01397,PO1000015300,UNKNOWN,BATU GUNUNG MULIA PUTRA AGRO,KOPERASI MAKMUR SAWIT,-3.90294,114.84096,45.0,Operating,2021,"Establishment year based off secondary sources (e.g. website, corporate report, etc)",TANAH LAUT,ID-6301,KALIMANTAN SELATAN,114.84096,-3.90294
M-01398,PO1000013886,UNKNOWN,DUA SEMERU PUTRA MANDIRI,DUA SEMERU PUTRA MANDIRI,-2.287339,102.6761,45.0,Operating,2021,"Establishment year based off secondary sources (e.g. website, corporate report, etc)",SAROLANGUN,ID-1503,JAMBI,102.6761,-2.287339
M-01399,PO1000014955,UNKNOWN,ACEH TRUMON ANUGERAH KITA,ACEH TRUMON ANUGERAH KITA,2.85946,97.78918,45.0,Operating,2021,"Establishment year based off secondary sources (e.g. website, corporate report, etc)",ACEH SELATAN,ID-1103,ACEH,97.78918,2.85946
M-01400,PO1000013890,MINANGA,DINAMIKA PRIMA ARTHA,DINAMIKA PRIMA ARTHA,0.66557,117.3917,30.0,Operating,2021,"Establishment year based off secondary sources (e.g. website, corporate report, etc)",KUTAI TIMUR,ID-6404,KALIMANTAN TIMUR,117.3917,0.66557
M-01401,PO1000015294,UNKNOWN,TANI PRIMA MAKMUR,TANI PRIMA MAKMUR,-3.76475,122.07073,45.0,Operating,2020,"Establishment year based off secondary sources (e.g. website, corporate report, etc)",KONAWE,ID-7403,SULAWESI TENGGARA,122.07073,-3.76475
M-01402,PO1000014591,UNKNOWN,GELUMBANG AGRO SENTOSA,GELUMBANG AGRO SENTOSA,-3.2285431,104.46733,45.0,Operating,2022,"Establishment year based off secondary sources (e.g. website, corporate report, etc)",MUARA ENIM,ID-1603,SUMATERA SELATAN,104.46733,-3.2285431
M-01403,PO1000013499,KAYAN PATRIA PRATAMA,KAYAN PATRIA PRATAMA,KAYAN PLANTATION,2.68365,117.60644,30.0,Operating,2021,"Establishment year based off secondary sources (e.g. website, corporate report, etc)",BULUNGAN,ID-6502,KALIMANTAN UTARA,117.60644,2.68365
M-01404,PO1000012849,UNKNOWN,PALMA BUMI LESTARI,NGKADU MILL,0.47717,110.06243,30.0,Operating,2021,"Establishment year based off secondary sources (e.g. website, corporate report, etc)",LANDAK,ID-6103,KALIMANTAN BARAT,110.06243,0.47717
M-01405,PO1000013888,KURNIA,KURNIA PALMA AGUNG LESTARI,KURNIA PALMA AGUNG LESTARI,-1.790549,102.25963,75.0,Operating,2021,"Establishment year based off secondary sources (e.g. website, corporate report, etc)",MERANGIN,ID-1502,JAMBI,102.25963,-1.790549
M-01406,NA,UNKNOWN,ARUS PUTRA MAJU,ARUS PUTRA MAJU,-3.97281057,105.3871727,10.0,Operating,2015,"Earliest year mill found to exist based on photo-interpretation of high-resolution satellite imagery, manufacturing census data, traceability reports and other secondary sources (or combination of these sources)",MESUJI,ID-1811,LAMPUNG,105.3871727,-3.97281057
M-01407,PO1000013495,UNKNOWN,MUARA SAWIT LESTARI,MUARA SAWIT LESTARI,-2.279434,101.16456,60.0,Operating,2021,"Establishment year based off secondary sources (e.g. website, corporate report, etc)",PESISIR SELATAN,ID-1302,SUMATERA BARAT,101.16456,-2.279434
M-01408,PO1000014224,UNKNOWN,BUMI ANUGERAH SAWIT,BUMI ANUGERAH SAWIT,-3.3672504,101.899741,45.0,Operating,2021,"Establishment year based off secondary sources (e.g. website, corporate report, etc)",BENGKULU UTARA,ID-1703,BENGKULU,101.899741,-3.3672504
M-01409,PO1000014227,UNKNOWN,PAYUNG MITRAJAYA MANDIRI,PAYUNG MITRAJAYA MANDIRI,-1.92091,105.70905,45.0,Operating,2021,"Establishment year based off secondary sources (e.g. website, corporate report, etc)",BANGKA,ID-1901,KEP. BANGKA BELITUNG,105.70905,-1.92091
M-01410,PO1000016373,UNKNOWN,AGRI SINAR KENCANA,AGRI SINAR KENCANA,3.659656,98.57782,60.0,Operating,2021,"Establishment year based off secondary sources (e.g. website, corporate report, etc)",DELI SERDANG,ID-1212,SUMATERA UTARA,98.57782,3.659656
M-01411,PO1000013889,UNKNOWN,PANCA MITRA KATINGAN,PANCA MITRA KATINGAN,-1.69768,113.13929,90.0,Operating,2021,"Establishment year based off secondary sources (e.g. website, corporate report, etc)",KATINGAN,ID-6209,KALIMANTAN TENGAH,113.13929,-1.69768
M-01412,PO1000014225,UNKNOWN,HANAU PANEN RAYA SEJAHTERA,HANAU PANEN RAYA SEJAHTERA,-2.36434,112.14477,60.0,Operating,2021,"Establishment year based off secondary sources (e.g. website, corporate report, etc)",SERUYAN,ID-6208,KALIMANTAN TENGAH,112.14477,-2.36434
M-01413,NA,MUKTI,ADAU AGRO KALBAR,ADAU AGRO KALBAR,-0.82672,111.44816,30.0,Operating,2021,"Establishment year based off secondary sources (e.g. website, corporate report, etc)",MELAWI,ID-6110,KALIMANTAN BARAT,111.44816,-0.82672
M-01414,PO1000014292,MUKTI,MUSTIKA AGUNG SENTOSA,MUSTIKA AGUNG SENTOSA,-0.5015554,110.358695,80.0,Operating,2021,"Establishment year based off secondary sources (e.g. website, corporate report, etc)",KETAPANG,ID-6106,KALIMANTAN BARAT,110.358695,-0.5015554
M-01415,PO1000014620,UNKNOWN,MITRA UTAMA BINTANG,MITRA UTAMA BINTANG,1.2900338,109.38543,30.0,Operating,2022,"Establishment year based off secondary sources (e.g. website, corporate report, etc)",SAMBAS,ID-6101,KALIMANTAN BARAT,109.38543,1.2900338
M-01416,PO1000014165,PTPN III,PERKEBUNAN NUSANTARA XIII,PAMUKAN,-2.686566,116.20324,30.0,Operating,2017,"Establishment year based off secondary sources (e.g. website, corporate report, etc)",KOTABARU,ID-6302,KALIMANTAN SELATAN,116.20324,-2.686566
M-01417,PO1000014168,KORINDO,GELORA MANDIRI MEMBANGUN,GELORA MANDIRI MEMBANGUN,-0.78713,128.27785,30.0,Operating,2022,"Establishment year based off secondary sources (e.g. website, corporate report, etc)",HALMAHERA SELATAN,ID-8204,MALUKU UTARA,128.27785,-0.78713
M-01418,PO1000014293,ROYAL GOLDEN EAGLE,INTI INDOSAWIT SUBUR,PANGKALAN LESUNG,0.0269,102.12168,30.0,Operating,2021,"Establishment year based off secondary sources (e.g. website, corporate report, etc)",PELALAWAN,ID-1404,RIAU,102.12168,0.0269
M-01419,PO1000017993,UNKNOWN,KAMPAR TUNGGAL AGRINDO,KAMPAR TUNGGAL AGRINDO,0.7514,101.18929,15.0,Operating,2020,"Establishment year based off secondary sources (e.g. website, corporate report, etc)",KAMPAR,ID-1406,RIAU,101.18929,0.7514
M-01420,PO1000014235,SUMBER TANI AGUNG (STA),KARYA SUKSES UTAMA PRIMA,SERET AYON,1.038951,109.30835,30.0,Operating,2020,"Establishment year based off secondary sources (e.g. website, corporate report, etc)",SAMBAS,ID-6101,KALIMANTAN BARAT,109.30835,1.038951
M-01421,NA,GLENEALY PLANTATIONS,ABDI BORNEO PLANTATIONS,ABDI,2.77555,117.55465,45.0,Operating,2021,"Establishment year based off secondary sources (e.g. website, corporate report, etc)",BULUNGAN,ID-6502,KALIMANTAN UTARA,117.55465,2.77555
M-01422,PO1000014170,MP EVANS,BUMI MAS AGRO,BENUANG,0.886877,118.40169,60.0,Operating,2021,"Establishment year based off secondary sources (e.g. website, corporate report, etc)",KUTAI TIMUR,ID-6404,KALIMANTAN TIMUR,118.40169,0.886877
M-01423,PO1000014590,UNKNOWN,ANDERSON UNEDO,ANDERSON UNEDO,0.66475,101.08255,45.0,Operating,2021,"Establishment year based off secondary sources (e.g. website, corporate report, etc)",KAMPAR,ID-1406,RIAU,101.08255,0.66475
M-01424,PO1000014622,UNKNOWN,PERSADA KARYA SAWIT,PERSADA KARYA SAWIT,-0.32023,116.6833,60.0,Operating,2022,"Establishment year based off secondary sources (e.g. website, corporate report, etc)",KUTAI KARTANEGARA,ID-6403,KALIMANTAN TIMUR,116.6833,-0.32023
M-01425,PO1000016380,UNKNOWN,PELANTARAN SAWIT PERKASA,PELANTARAN SAWIT PERKASA,-2.01701,113.03037,45.0,Operating,2022,"Establishment year based off secondary sources (e.g. website, corporate report, etc)",KOTAWARINGIN TIMUR,ID-6202,KALIMANTAN TENGAH,113.03037,-2.01701
M-01426,NA,BUMITAMA GUNAJAYA AGRO (BGA),BUMITAMA GUNAJAYA ABADI,TONAM RAYA,-2.428722,111.29928128,60.0,Operating,2021,"Establishment year based off secondary sources (e.g. website, corporate report, etc)",KOTAWARINGIN BARAT,ID-6201,KALIMANTAN TENGAH,111.29928128,-2.428722
M-01427,PO1000014164,TRIPUTRA AGRO PERSADA,GAWI BAHANDEP SAWIT MEKAR,GAWI BAHANDEP SAWIT MEKAR 2,-2.8859072,112.407390443973,45.0,Operating,2022,"Establishment year based off secondary sources (e.g. website, corporate report, etc)",SERUYAN,ID-6208,KALIMANTAN TENGAH,112.40739044,-2.8859072
M-01428,PO1000014232,UNKNOWN,SALAPIAN INDO SAWIT,SALAPIAN INDO SAWIT,3.459416,98.31305648,30.0,Operating,2021,"Establishment year based off secondary sources (e.g. website, corporate report, etc)",LANGKAT,ID-1213,SUMATERA UTARA,98.31305648,3.459416
M-01429,PO1000014237,UNKNOWN,FENYEN AGRO LESTARI,FENYEN AGRO LESTARI,-1.808549,105.976557,30.0,Operating,2019,"Establishment year based off secondary sources (e.g. website, corporate report, etc)",BANGKA,ID-1901,KEP. BANGKA BELITUNG,105.976557,-1.808549
M-01430,PO1000014222,UNKNOWN,AIR KAMPAR,AIR KAMPAR,0.4232102,101.184213,45.0,Operating,2021,"Establishment year based off secondary sources (e.g. website, corporate report, etc)",KAMPAR,ID-1406,RIAU,101.184213,0.4232102
M-01431,PO1000013868,KUALA LUMPUR KEPONG (KLK),PUTRA BONGAN JAYA,PUTRA BONGAN JAYA,-0.6695,116.33145,60.0,Operating,2021,"Establishment year based off secondary sources (e.g. website, corporate report, etc)",KUTAI BARAT,ID-6402,KALIMANTAN TIMUR,116.33145,-0.6695
M-01432,NA,BUKIT BERLIAN,CITRA MULIA PERKASA,CITRA MULIA PERKASA,0.8682074,120.80292,,Operating,2021,"Establishment year based off secondary sources (e.g. website, corporate report, etc)",TOLI-TOLI,ID-7206,SULAWESI TENGAH,120.80292,0.8682074
M-01433,PO1000014223,UNKNOWN,TEGUH WIRA PRATAMA,TEGUH WIRA PRATAMA,-2.5867,120.93088,60.0,Operating,2021,"Establishment year based off secondary sources (e.g. website, corporate report, etc)",LUWU TIMUR,ID-7325,SULAWESI SELATAN,120.93088,-2.5867
M-01434,NA,HENAN JIUJIU CHEMICAL CO.,PALEM SEGAR LESTARI,PALEM SEGAR LESTARI,3.8215156,117.61337,45.0,Operating,2020,"Earliest year mill found to exist based on photo-interpretation of high-resolution satellite imagery, manufacturing census data, traceability reports and other secondary sources (or combination of these sources)",NUNUKAN,ID-6504,KALIMANTAN UTARA,117.61337,3.8215156
M-01435,PO1000016962,UNKNOWN,MUTIARA AGRO SEJAHTERA,MUTIARA AGRO SEJAHTERA,-1.92411,105.74793,30.0,Operating,2021,"Establishment year based off secondary sources (e.g. website, corporate report, etc)",BANGKA,ID-1901,KEP. BANGKA BELITUNG,105.74793,-1.92411
M-01436,PO1000015298,UNKNOWN,BUMI TAMIANG SENTOSA,BUMI TAMIANG SENTOSA,4.152849,97.973095,45.0,Operating,2022,"Establishment year based off secondary sources (e.g. website, corporate report, etc)",ACEH TAMIANG,ID-1114,ACEH,97.973095,4.152849
M-01437,NA,UNKNOWN,ANUGERAH SAWIT SEJAHTERA,ANUGERAH SAWIT SEJAHTERA,0.27605354,101.39015,,Operating,2021,"Earliest year mill found to exist based on photo-interpretation of high-resolution satellite imagery, manufacturing census data, traceability reports and other secondary sources (or combination of these sources)",KAMPAR,ID-1406,RIAU,101.39015,0.27605354
M-01438,PO1000014233,UNKNOWN,BANGKA AGRO MANDIRI,BANGKA AGRO MANDIRI,-2.3474013,106.107789,60.0,Operating,2021,"Establishment year based off secondary sources (e.g. website, corporate report, etc)",BANGKA TENGAH,ID-1904,KEP. BANGKA BELITUNG,106.107789,-2.3474013
M-01439,PO1000014623,ANUGERAH TANI MAKMUR,KARYA SAMO MAS,KARYA SAMO MAS,0.792813,100.472435,60.0,Operating,2022,"Establishment year based off secondary sources (e.g. website, corporate report, etc)",ROKAN HULU,ID-1407,RIAU,100.472435,0.792813
M-01440,PO1000014624,UNKNOWN,SIANIPAR INTEGRITAS AGRINDO,SIANIPAR INTEGRITAS AGRINDO,1.5385632,100.43375,60.0,Operating,2022,"Establishment year based off secondary sources (e.g. website, corporate report, etc)",ROKAN HILIR,ID-1409,RIAU,100.43375,1.5385632
M-01441,PO1000014625,UNKNOWN,RIAU ANUGERAH SENTOSA,RIAU ANUGERAH SENTOSA,1.08292563,100.81723,60.0,Operating,2022,"Establishment year based off secondary sources (e.g. website, corporate report, etc)",ROKAN HULU,ID-1407,RIAU,100.81723,1.08292563
M-01442,PO1000016382,UNKNOWN,SENTOSA AGRI PRIMA,SENTOSA AGRI PRIMA,-3.55879,105.2655,30.0,Operating,2021,"Establishment year based off secondary sources (e.g. website, corporate report, etc)",OGAN KOMERING ILIR,ID-1602,SUMATERA SELATAN,105.2655,-3.55879
M-01443,PO1000015292,ROYAL GOLDEN EAGLE,PUSAKA MEGAH BUMI NUSANTARA,RANTAU BARU (PRB),0.40835,101.76724,45.0,Operating,2022,"Establishment year based off secondary sources (e.g. website, corporate report, etc)",PELALAWAN,ID-1404,RIAU,101.76724,0.40835
M-01444,PO1000014959,UNKNOWN,SUKSES INTI PALMA,SUKSES INTI PALMA,-1.88803,103.51227,45.0,Operating,2022,"Establishment year based off secondary sources (e.g. website, corporate report, etc)",MUARO JAMBI,ID-1505,JAMBI,103.51227,-1.88803
M-01445,PO1000014957,UNKNOWN,BRAU AGRO ASIA,BRAU AGRO ASIA,2.11853,117.09135,30.0,Operating,2022,"Establishment year based off secondary sources (e.g. website, corporate report, etc)",BERAU,ID-6405,KALIMANTAN TIMUR,117.09135,2.11853
M-01446,PO1000014956,UNKNOWN,PALMA SUMBER LESTARI,PALMA SUMBER LESTARI,-1.58259,119.36002,60.0,Operating,2022,"Establishment year based off secondary sources (e.g. website, corporate report, etc)",MAMUJU UTARA,ID-7605,SULAWESI BARAT,119.36002,-1.58259
M-01447,PO1000014958,UNKNOWN,SAWIT NUSANTARA INDONESIA,SAWIT NUSANTARA INDONESIA,-3.4639926,103.052789,45.0,Operating,2022,"Establishment year based off secondary sources (e.g. website, corporate report, etc)",EMPAT LAWANG,ID-1611,SUMATERA SELATAN,103.052789,-3.4639926
M-01448,NA,CAHAYA PUTIH,TREEKREASI MARGAMULIA,TREEKREASI MARGAMULIA,-3.618303,104.7886707,5.0,No longer operating,2005,"Establishment year based off secondary sources (e.g. website, corporate report, etc)",OGAN KOMERING ILIR,ID-1602,SUMATERA SELATAN,104.7886707,-3.618303
M-01449,PO1000014618,DHARMA SATYA NUSANTARA (DSN),DHARMA INTISAWIT NUGRAHA,POM 11,1.25574,116.8816,45.0,Operating,2022,"Establishment year based off secondary sources (e.g. website, corporate report, etc)",KUTAI TIMUR,ID-6404,KALIMANTAN TIMUR,116.8816,1.25574
M-01450,PO1000014640,DHARMA SATYA NUSANTARA (DSN),PILAR WANAPERSADA,POM 12,-2.012454,111.374011,45.0,Operating,2022,"Establishment year based off secondary sources (e.g. website, corporate report, etc)",LAMANDAU,ID-6207,KALIMANTAN TENGAH,111.374011,-2.012454
M-01451,PO1000015297,UNKNOWN,BANYUASIN SAWIT LESTARI,BANYUASIN SAWIT LESTARI,-2.59757173,104.365357,45.0,Operating,2022,"Establishment year based off secondary sources (e.g. website, corporate report, etc)",BANYUASIN,ID-1607,SUMATERA SELATAN,104.365357,-2.59757173
M-01452,PO1000017403,SUPERVENTURE,ASIA SAWIT MAKMUR JAYA,SUNGAI PAKU,-0.16558,101.28976,45.0,Operating,2022,"Establishment year based off secondary sources (e.g. website, corporate report, etc)",KUANTAN SINGINGI,ID-1401,RIAU,101.28976,-0.16558
M-01453,NA,CILIANDRY ANKY ABADI,ANUGERAH ABADI MULTI USAHA,ANUGERAH ABADI MULTI USAHA,-1.97915,115.97991,45.0,Operating,2022,"Establishment year based off secondary sources (e.g. website, corporate report, etc)",PASER,ID-6401,KALIMANTAN TIMUR,115.97991,-1.97915
M-01454,PO1000016535,TRIPUTRA AGRO PERSADA,KEDAP SAYAAQ DUA,KEDAP SAYAAQ DUA,-0.253326,115.976669,30.0,Operating,2022,"Establishment year based off secondary sources (e.g. website, corporate report, etc)",KUTAI BARAT,ID-6402,KALIMANTAN TIMUR,115.976669,-0.253326
M-01455,NA,SALIM GROUP,PERUSAHAAN PERKEBUNAN LONDON SUMATRA INDONESIA,ISUY MAKMUR,-0.5425444,116.0442339,45.0,Operating,2021,"Establishment year based off secondary sources (e.g. website, corporate report, etc)",KUTAI BARAT,ID-6402,KALIMANTAN TIMUR,116.0442339,-0.5425444
M-01456,PO1000014636,UNKNOWN,SAWIT SUKSES SEJATI,SAWIT SUKSES SEJATI,1.00666,99.01859,45.0,Operating,2022,"Establishment year based off secondary sources (e.g. website, corporate report, etc)",MANDAILING NATAL,ID-1202,SUMATERA UTARA,99.01859,1.00666
M-01457,PO1000014637,KALIMANTAN AGRO SEJAHTERA (KAS),KALIMANTAN AGRO MAKMUR,KALIMANTAN AGRO MAKMUR,-0.20627,115.98541,60.0,Operating,2023,"Establishment year based off secondary sources (e.g. website, corporate report, etc)",KUTAI BARAT,ID-6402,KALIMANTAN TIMUR,115.98541,-0.20627
M-01458,PO1000014950,UNKNOWN,BETAMI,BETAMI,4.28604,98.0991,30.0,Operating,2022,"Establishment year based off secondary sources (e.g. website, corporate report, etc)",ACEH TAMIANG,ID-1114,ACEH,98.0991,4.28604
M-01459,PO1000014951,UNKNOWN,HATONDUHAN DEARMA SAWITA,HATONDUHAN DEARMA SAWITA,2.8064295,99.1939546,40.0,Operating,2022,"Establishment year based off secondary sources (e.g. website, corporate report, etc)",SIMALUNGUN,ID-1209,SUMATERA UTARA,99.1939546,2.8064295
M-01460,PO1000014953,UNKNOWN,KARYA PANEN TERUS,KARYA PANEN TERUS,-0.0144351,102.3610113,45.0,Operating,2022,"Establishment year based off secondary sources (e.g. website, corporate report, etc)",PELALAWAN,ID-1404,RIAU,102.3610113,-0.0144351
M-01461,PO1000015291,GENK AGRO MAS,KENCANA AGRO SEJAHTERA,KENCANA AGRO SEJAHTERA,1.37664899,100.32708328,30.0,Operating,2022,"Establishment year based off secondary sources (e.g. website, corporate report, etc)",ROKAN HULU,ID-1407,RIAU,100.32708328,1.37664899
M-01462,PO1000015296,UNKNOWN,MENARA SENTRAREJEKI,MENARA SENTRAREJEKI,-2.0022763,103.68245,60.0,Operating,2022,"Establishment year based off secondary sources (e.g. website, corporate report, etc)",MUSI BANYUASIN,ID-1606,SUMATERA SELATAN,103.68245,-2.0022763
M-01463,PO1000015299,UNKNOWN,MENTARI SAWIT MAKMUR,MENTARI SAWIT MAKMUR,-2.61378,106.33447,,Operating,2022,"Establishment year based off secondary sources (e.g. website, corporate report, etc)",BANGKA SELATAN,ID-1905,KEP. BANGKA BELITUNG,106.33447,-2.61378
M-01464,NA,UNKNOWN,ASIA PALEM LESTARI,RASAU JAYA,-0.29243,109.38337,30.0,Operating,2019,"Establishment year based off secondary sources (e.g. website, corporate report, etc)",KUBU RAYA,ID-6112,KALIMANTAN BARAT,109.38337,-0.29243
M-01465,PO1000016534,PASIFIK AGRO SENTOSA (PAS),JALIN VANEO,SEI PINANG,-0.9918344,110.181235,30.0,Operating,2021,"Establishment year based off secondary sources (e.g. website, corporate report, etc)",KAYONG UTARA,ID-6111,KALIMANTAN BARAT,110.181235,-0.9918344
M-01466,PO1000016376,UNKNOWN,CITRA SAWIT INDAH LESTARI,CITRA SAWIT INDAH LESTARI,2.854844,99.908828,60.0,Operating,2019,"Establishment year based off secondary sources (e.g. website, corporate report, etc)",ASAHAN,ID-1208,SUMATERA UTARA,99.908828,2.854844
M-01467,PO1000016539,UNKNOWN,SAMIRA MAKMUR SEJAHTERA,SAMIRA MAKMUR SEJAHTERA,3.76856,96.73292,30.0,Operating,2022,"Establishment year based off secondary sources (e.g. website, corporate report, etc)",ACEH BARAT DAYA,ID-1112,ACEH,96.73292,3.76856
M-01468,PO1000016967,BUANA SRIWIJAYA SEJAHTERA (BSS),BUANA SRIWIJAYA SEJAHTERA,BUANA SRIWIJAYA SEJAHTERA,-2.5386986,103.033073,90.0,Operating,2022,"Establishment year based off secondary sources (e.g. website, corporate report, etc)",MUSI RAWAS UTARA,ID-1613,SUMATERA SELATAN,103.033073,-2.5386986
M-01469,PO1000017400,FIRST RESOURCES,SURYA DUMAI AGRINDO,SURYA DUMAI AGRINDO,1.3507342,102.06612477,45.0,Operating,2022,"Establishment year based off secondary sources (e.g. website, corporate report, etc)",BENGKALIS,ID-1408,RIAU,102.06612477,1.3507342
M-01470,NA,UNKNOWN,MARITA MAKMUR JAYA,MARITA MAKMUR JAYA,1.97384,101.41143,45.0,Operating,2021,"Establishment year based off secondary sources (e.g. website, corporate report, etc)",BENGKALIS,ID-1408,RIAU,101.41143,1.97384
M-01471,PO1000015870,UNKNOWN,PULO PADANG SAWIT PERMAI,PULO PADANG,2.13320409,99.8558761,30.0,Operating,2022,"Establishment year based off secondary sources (e.g. website, corporate report, etc)",LABUHAN BATU,ID-1207,SUMATERA UTARA,99.8558761,2.13320409
M-01472,PO1000017680,ANGLO-EASTERN PLANTATION (AEP),HIJAU PRYAN PERDANA,HIJAU PRYAN PERDANA,2.46215,100.27162,80.0,Operating,2023,"Establishment year based off secondary sources (e.g. website, corporate report, etc)",LABUHAN BATU,ID-1207,SUMATERA UTARA,100.27162,2.46215
M-01473,PO1000015587,UNKNOWN,KAMPAR ALAM MAS INTI,KAMPAR ALAM MAS INTI,0.56645589,101.1731847,45.0,Operating,2022,"Establishment year based off secondary sources (e.g. website, corporate report, etc)",KAMPAR,ID-1406,RIAU,101.1731847,0.56645589
M-01474,PO1000017964,UNKNOWN,ANUGERAH PUTRA LANGKAT,ANUGERAH PUTRA LANGKAT,3.72093523,98.1988092,8.0,Operating,2010,"Establishment year based off secondary sources (e.g. website, corporate report, etc)",LANGKAT,ID-1213,SUMATERA UTARA,98.1988092,3.72093523
M-01475,PO1000017996,CITRA BORNEO INDAH (CBI),CITRA BORNEO INDAH,SUNGAI KUNING,-2.3083,111.4994,60.0,Operating,2021,"Establishment year based off secondary sources (e.g. website, corporate report, etc)",LAMANDAU,ID-6207,KALIMANTAN TENGAH,111.4994,-2.3083
M-01476,PO1000016677,KEMINDO,KAMPARINDO AGRO INDUSTRI,KAMPARINDO AGRO INDUSTRI 2,-0.7521,101.72671,45.0,Operating,2022,"Establishment year based off secondary sources (e.g. website, corporate report, etc)",KUANTAN SINGINGI,ID-1401,RIAU,101.72671,-0.7521
M-01477,NA,UNKNOWN,ANUGERAH MAKMUR JAYA,ANUGERAH MAKMUR JAYA,3.320727,99.127989,,Operating,2021,"Earliest year mill found to exist based on photo-interpretation of high-resolution satellite imagery, manufacturing census data, traceability reports and other secondary sources (or combination of these sources)",TEBING TINGGI (KOTA),ID-1274,SUMATERA UTARA,99.127989,3.320727
M-01478,PO1000015871,GENK AGRO MAS,SAWIT MAKMUR PERKASA,SAWIT MAKMUR PERKASA,-0.71137391,101.32506,45.0,Operating,2023,"Establishment year based off secondary sources (e.g. website, corporate report, etc)",SIJUNJUNG,ID-1304,SUMATERA BARAT,101.32506,-0.71137391
M-01479,PO1000015874,UNKNOWN,SRI ULINA ERSADA KARINA,SRI ULINA ERSADA KARINA,1.32153,101.06748,45.0,Operating,2023,"Establishment year based off secondary sources (e.g. website, corporate report, etc)",BENGKALIS,ID-1408,RIAU,101.06748,1.32153
M-01480,PO1000015878,UNKNOWN,SURYA INTI PALMOIL,SURYA INTI PALMOIL,-2.46701,112.03604,,Operating,2022,"Establishment year based off secondary sources (e.g. website, corporate report, etc)",SERUYAN,ID-6208,KALIMANTAN TENGAH,112.03604,-2.46701
M-01481,NA,MP EVANS,EVANS LESTARI,KENANGA,-3.21623,103.05537,60.0,Operating,2023,"Establishment year based off secondary sources (e.g. website, corporate report, etc)",MUSI RAWAS,ID-1605,SUMATERA SELATAN,103.05537,-3.21623
M-01482,NA,GENTING PLANTATIONS,KAPUAS MAJU JAYA,GEMILANG,-1.01089,114.27274,40.0,Operating,2023,"Establishment year based off secondary sources (e.g. website, corporate report, etc)",KAPUAS,ID-6203,KALIMANTAN TENGAH,114.27274,-1.01089
M-01483,NA,UNKNOWN,HAMPARAN SAWIT MAKMUR,HAMPARAN SAWIT MAKMUR,3.63676,98.56815,15.0,Operating,2019,"Establishment year based off secondary sources (e.g. website, corporate report, etc)",DELI SERDANG,ID-1212,SUMATERA UTARA,98.56815,3.63676
M-01484,PO1000016379,UNKNOWN,PALMA LESTARI JAYA,PALMA LESTARI JAYA,1.09032,121.34894,60.0,Operating,2023,"Establishment year based off secondary sources (e.g. website, corporate report, etc)",BUOL,ID-7207,SULAWESI TENGAH,121.34894,1.09032
M-01485,PO1000016381,UNKNOWN,MAKMUR PALMA LESTARI,MAKMUR PALMA LESTARI,0.67476,100.85806,45.0,Operating,2023,"Establishment year based off secondary sources (e.g. website, corporate report, etc)",KAMPAR,ID-1406,RIAU,100.85806,0.67476
M-01486,PO1000016536,KENCANA AGRI,LOKA INDAH LESTARI,LOKA INDAH LESTARI,0.74308,121.28562,30.0,Operating,2023,"Establishment year based off secondary sources (e.g. website, corporate report, etc)",POHUWATO,ID-7503,GORONTALO,121.28562,0.74308
M-01487,PO1000015872,UNKNOWN,TARI AGRO NABATI,TARI AGRO NABATI,2.3966,99.69526,10.0,Operating,2022,"Establishment year based off secondary sources (e.g. website, corporate report, etc)",LABUHAN BATU UTARA,ID-1223,SUMATERA UTARA,99.69526,2.3966
M-01488,PO1000015875,UNKNOWN,ERASAKTI WIRAFORESTAMA,ERASAKTI WIRA FORESTAMA 4,-1.52952316,103.63946,50.0,Operating,2022,"Establishment year based off secondary sources (e.g. website, corporate report, etc)",MUARO JAMBI,ID-1505,JAMBI,103.63946,-1.52952316
M-01489,PO1000017066,SINAR JAYA AGRO INVESTAMA (SJAI),AGRISENTRA LESTARI,AGRISENTRA LESTARI,0.02315,110.10649,30.0,Operating,2021,Establishment year based on other government record of establishment (e.g. Permit database),SANGGAU,ID-6105,KALIMANTAN BARAT,110.10649,0.02315
M-01490,PO1000017156,UNKNOWN,SAWIT MAS MAKMUR,SAWIT MAS MAKMUR,3.35356,99.23658,,Operating,2022,"Establishment year based off secondary sources (e.g. website, corporate report, etc)",SERDANG BEDAGAI,ID-1218,SUMATERA UTARA,99.23658,3.35356
M-01491,PO1000017995,INDONUSA,INTERNUSA JAYA SEJAHTERA,INTERNUSA JAYA SEJAHTERA,-7.28099,140.77914,60.0,Operating,2023,"Establishment year based off secondary sources (e.g. website, corporate report, etc)",MERAUKE,ID-9401,PAPUA,140.77914,-7.28099
M-01492,PO1000017399,FANGIONO AGRO PLANTATION (FAP AGRI),MARSAM CITRA ADIPERKASA,MARSAM CITRA ADIPERKASA,0.27135,115.34439,60.0,Operating,2023,"Establishment year based off secondary sources (e.g. website, corporate report, etc)",MAHAKAM ULU,ID-6411,KALIMANTAN TIMUR,115.34439,0.27135
M-01493,PO1000015868,UNKNOWN,GUNUNG ANDALAN SUKSES,GUNUNG ANDALAN SUKSES,-4.59246,121.50319,60.0,Operating,2023,"Establishment year based off secondary sources (e.g. website, corporate report, etc)",BOMBANA,ID-7406,SULAWESI TENGGARA,121.50319,-4.59246
M-01494,PO1000015869,UNKNOWN,INDAH SUBUR SAWIT,INDAH SUBUR SAWIT,0.52758,109.37094,60.0,Operating,2023,"Establishment year based off secondary sources (e.g. website, corporate report, etc)",LANDAK,ID-6103,KALIMANTAN BARAT,109.37094,0.52758
M-01495,PO1000016183,UNKNOWN,KELANTAN SAKTI,KELANTAN SAKTI 2,-4.01695,105.07719,60.0,Operating,2023,"Establishment year based off secondary sources (e.g. website, corporate report, etc)",OGAN KOMERING ILIR,ID-1602,SUMATERA SELATAN,105.07719,-4.01695
M-01496,PO1000016184,UNKNOWN,SUMATERA PALMA ANDALAN,SUMATERA PALMA ANDALAN,-2.900015,103.30538,45.0,Operating,2023,"Establishment year based off secondary sources (e.g. website, corporate report, etc)",MUSI RAWAS,ID-1605,SUMATERA SELATAN,103.30538,-2.900015
M-01497,NA,UNKNOWN,GORA MANDAU SAWIT,GORA MANDAU SAWIT,1.2761961,101.30557,15.0,Operating,2021,"Establishment year based off secondary sources (e.g. website, corporate report, etc)",BENGKALIS,ID-1408,RIAU,101.30557,1.2761961
M-01498,PO1000016676,CISADANE RAYA,SAMUKTI KARYA LESTARI,SAMUKTI KARYA LESTARI,1.3725492,98.92845,45.0,Operating,2023,"Establishment year based off secondary sources (e.g. website, corporate report, etc)",TAPANULI SELATAN,ID-1203,SUMATERA UTARA,98.92845,1.3725492
M-01499,NA,UNKNOWN,SAHABAT SEJATI SETIA SELALU,SAHABAT SEJATI SETIA SELALU,2.83147,99.46649,15.0,Operating,2023,"Establishment year based off secondary sources (e.g. website, corporate report, etc)",ASAHAN,ID-1208,SUMATERA UTARA,99.46649,2.83147
M-01500,PO1000016972,WILIAN PERKASA,SEMUNAI SAWIT PERKASA,PKS 2,1.05899,101.27661,30.0,Operating,2022,"Establishment year based off secondary sources (e.g. website, corporate report, etc)",BENGKALIS,ID-1408,RIAU,101.27661,1.05899
M-01501,PO1000016960,INCASI RAYA (GUNAS),SUMATERA JAYA AGRO LESTARI,TAYAN,-0.0879,109.96568,60.0,Operating,2021,Establishment year based on other government record of establishment (e.g. Permit database),SANGGAU,ID-6105,KALIMANTAN BARAT,109.96568,-0.0879
M-01502,PO1000016958,ENSEM,ENSEM SAWITA,MUSI RAWAS,-2.872558,103.29648,30.0,Operating,2024,"Establishment year based off secondary sources (e.g. website, corporate report, etc)",MUSI RAWAS,ID-1605,SUMATERA SELATAN,103.29648,-2.872558
M-01503,PO1000016961,KPN CORP,KARYA AGUNG MEGAH UTAMA,KARYA AGUNG MEGAH UTAMA,-0.258286,99.97749,30.0,Operating,2024,"Establishment year based off secondary sources (e.g. website, corporate report, etc)",AGAM,ID-1307,SUMATERA BARAT,99.97749,-0.258286
M-01504,PO1000016963,UNKNOWN,RIZTIA KARYA MANDIRI,RIZTIA KARYA MANDIRI,2.44361,98.06206,15.0,Operating,2023,"Establishment year based off secondary sources (e.g. website, corporate report, etc)",ACEH SINGKIL,ID-1102,ACEH,98.06206,2.44361
M-01505,PO1000016964,UNKNOWN,SAHABAT SAWIT ROKAN SEJAHTERA,SAHABAT SAWIT ROKAN SEJAHTERA,1.368619,100.51954,45.0,Operating,2023,"Establishment year based off secondary sources (e.g. website, corporate report, etc)",ROKAN HILIR,ID-1409,RIAU,100.51954,1.368619
M-01506,PO1000016966,SIN TEK HUAT,AGRINDO PANCA TUNGGAL PERKASA,AGRINDO PANCA TUNGGAL PERKASA,-2.36778,102.78979,30.0,Operating,2024,"Establishment year based off secondary sources (e.g. website, corporate report, etc)",SAROLANGUN,ID-1503,JAMBI,102.78979,-2.36778
M-01507,PO1000016968,LAMBANG AGRO PLANTATION,BINTANG PERMATA KHATULISTIWA,BINTANG PERMATA KHATULISTIWA,-0.3882702,112.1533,45.0,Operating,2024,"Establishment year based off secondary sources (e.g. website, corporate report, etc)",SINTANG,ID-6107,KALIMANTAN BARAT,112.1533,-0.3882702
M-01508,PO1000016969,UNKNOWN,KURNIA MERANGIN BERJAYA,KURNIA MERANGIN BERJAYA,-2.18252,102.4709,90.0,Operating,2024,"Establishment year based off secondary sources (e.g. website, corporate report, etc)",MERANGIN,ID-1502,JAMBI,102.4709,-2.18252
M-01509,PO1000016970,UNKNOWN,DALANTA MARSADA SUKSES,DALANTA MARSADA SUKSES,2.124846,98.29241,,Operating,2024,"Establishment year based off secondary sources (e.g. website, corporate report, etc)",TAPANULI TENGAH,ID-1204,SUMATERA UTARA,98.29241,2.124846
M-01510,PO1000016971,UNKNOWN,REJEKI ABADI SAMBOSAR,REJEKI ABADI SAMBOSAR,3.1331,98.97124,20.0,Operating,2024,"Establishment year based off secondary sources (e.g. website, corporate report, etc)",SIMALUNGUN,ID-1209,SUMATERA UTARA,98.97124,3.1331
M-01511,PO1000017030,POSCO INTERNATIONAL,BIO INTI AGRINDO,PKS 3,-7.04748,140.88334,90.0,Operating,2024,"Establishment year based off secondary sources (e.g. website, corporate report, etc)",MERAUKE,ID-9401,PAPUA,140.88334,-7.04748
M-01512,PO1000017060,UNKNOWN,JULIPRIMA KENTJANA,JULIPRIMA KENTJANA,4.43314,95.917573,10.0,Operating,2024,"Establishment year based off secondary sources (e.g. website, corporate report, etc)",ACEH JAYA,ID-1116,ACEH,95.917573,4.43314
M-01513,PO1000017062,UNKNOWN,AGRO BORNEO MAS,AGRO BORNEO MAS,-2.37131,112.43637,,Operating,2024,"Establishment year based off secondary sources (e.g. website, corporate report, etc)",SERUYAN,ID-6208,KALIMANTAN TENGAH,112.43637,-2.37131
M-01514,PO1000017063,UNKNOWN,MITRA MURATARA SEJAHTERA,MITRA MURATARA SEJAHTERA,-2.92282,102.77128,45.0,Operating,2024,"Establishment year based off secondary sources (e.g. website, corporate report, etc)",MUSI RAWAS UTARA,ID-1613,SUMATERA SELATAN,102.77128,-2.92282
M-01515,PO1000017064,UNKNOWN,KASPARI AGRO SENTOSA,KASPARI AGRO SENTOSA,-1.783705,103.48869,45.0,Operating,2024,"Establishment year based off secondary sources (e.g. website, corporate report, etc)",MUARO JAMBI,ID-1505,JAMBI,103.48869,-1.783705
M-01516,PO1000017065,UNKNOWN,SURYA LESTARI USAHA MANDIRI,SURYA LESTARI USAHA MANDIRI,-2.17854,102.82248,30.0,Operating,2024,"Establishment year based off secondary sources (e.g. website, corporate report, etc)",SAROLANGUN,ID-1503,JAMBI,102.82248,-2.17854
M-01517,PO1000017067,BUMITAMA GUNAJAYA AGRO (BGA),BUMI AGRO PRIMA,BUMI AGRO PRIMA,-1.47594,113.94334,60.0,Operating,2024,"Establishment year based off secondary sources (e.g. website, corporate report, etc)",GUNUNG MAS,ID-6211,KALIMANTAN TENGAH,113.94334,-1.47594
M-01518,PO1000017404,UNKNOWN,SURYA SAWIT MANDIRI,SURYA SAWIT MANDIRI,0.6337463,100.60071,10.0,Operating,2024,"Establishment year based off secondary sources (e.g. website, corporate report, etc)",ROKAN HULU,ID-1407,RIAU,100.60071,0.6337463
M-01519,PO1000017402,UNKNOWN,SUMATERA KARYA AGRO,SUMATERA KARYA AGRO,0.76413,100.49836,45.0,Operating,2024,"Establishment year based off secondary sources (e.g. website, corporate report, etc)",ROKAN HULU,ID-1407,RIAU,100.49836,0.76413
M-01520,PO1000017406,UNKNOWN,HAMPARAN KEMILAU INDAH,HAMPARAN KEMILAU INDAH,0.59589,99.20057,60.0,Operating,2024,"Establishment year based off secondary sources (e.g. website, corporate report, etc)",MANDAILING NATAL,ID-1202,SUMATERA UTARA,99.20057,0.59589
M-01521,PO1000017398,DILLAH,MADINRA INTI SAWIT,MADINRA INTI SAWIT,-4.284464,121.61544,45.0,Operating,2023,"Establishment year based off secondary sources (e.g. website, corporate report, etc)",KOLAKA,ID-7404,SULAWESI TENGGARA,121.61544,-4.284464
M-01522,PO1000017930,UNKNOWN,SAWIT PERMAI PRATAMA,SAWIT PERMAI PRATAMA,-1.67584,121.91041,,Operating,2023,"Establishment year based off secondary sources (e.g. website, corporate report, etc)",MOROWALI UTARA,ID-7212,SULAWESI TENGAH,121.91041,-1.67584
M-01523,PO1000016538,SK PLUS,PERMATA TIMUR LESTARI,PUNDU,-1.95784,113.10061,60.0,Operating,2023,"Establishment year based off secondary sources (e.g. website, corporate report, etc)",KOTAWARINGIN TIMUR,ID-6202,KALIMANTAN TENGAH,113.10061,-1.95784
M-01524,PO1000017731,ANDALAN ENERGI AGRO,PERMATA LESTARI JAYA,PERMATA LESTARI JAYA,0.94409,111.21663,40.0,Operating,2024,"Establishment year based off secondary sources (e.g. website, corporate report, etc)",SINTANG,ID-6107,KALIMANTAN BARAT,111.21663,0.94409
M-01525,PO1000017931,UNKNOWN,MITRA ANDALAN SAWIT,MITRA ANDALAN SAWIT,-2.20267,119.21682,45.0,Operating,2024,"Establishment year based off secondary sources (e.g. website, corporate report, etc)",MAMUJU TENGAH,ID-7606,SULAWESI BARAT,119.21682,-2.20267
M-01526,PO1000017396,UNKNOWN,KARYA ALAM PERDANA,KARYA ALAM PERDANA,-4.29589,122.11729,45.0,Operating,2024,"Establishment year based off secondary sources (e.g. website, corporate report, etc)",KONAWE SELATAN,ID-7405,SULAWESI TENGGARA,122.11729,-4.29589
M-01527,PO1000017988,MAC SHIP HOLDING PTE LTD,RANTAU AGRONUSA SEJAHTERA,RANTAU AGRONUSA SEJAHTERA,0.45201,101.18079,30.0,Operating,2024,"Establishment year based off secondary sources (e.g. website, corporate report, etc)",KAMPAR,ID-1406,RIAU,101.18079,0.45201
M-01528,NA,ROYAL GOLDEN EAGLE,TUNGGAL YUNUS ESTATE,KAMPAR,0.40782,101.22607,45.0,Operating,2024,"Establishment year based off secondary sources (e.g. website, corporate report, etc)",KAMPAR,ID-1406,RIAU,101.22607,0.40782
M-01529,NA,BEST INDUSTRY,KARYA LUHUR SEJATI,KARYA LUHUR SEJATI,-3.31215,113.86923,120.0,Operating,2024,"Establishment year based off secondary sources (e.g. website, corporate report, etc)",PULANG PISAU,ID-6210,KALIMANTAN TENGAH,113.86923,-3.31215
M-01530,PO1000018007,UNKNOWN,BANKA AGRO PLANTARI,BANKA AGRO PLANTARI,-2.72367,106.20891,45.0,Operating,2024,"Establishment year based off secondary sources (e.g. website, corporate report, etc)",BANGKA SELATAN,ID-1905,KEP. BANGKA BELITUNG,106.20891,-2.72367
M-01531,PO1000017932,ERAKARYA,ERAKARYA MUKTI JAYA,ERAKARYA MUKTI JAYA,1.84665,100.96378,45.0,Operating,2024,"Establishment year based off secondary sources (e.g. website, corporate report, etc)",ROKAN HILIR,ID-1409,RIAU,100.96378,1.84665
M-01532,NA,UNKNOWN,JAYA PRATAMA SAWIT,JAYA PRATAMA SAWIT,3.089775,99.59913,15.0,Operating,2021,"Establishment year based off secondary sources (e.g. website, corporate report, etc)",BATU BARA,ID-1219,SUMATERA UTARA,99.59913,3.089775
M-01533,NA,GENTING PLANTATIONS,UNITED AGRO INDONESIA,UNITED AGRO INDONESIA,-2.548423,114.69563,80.0,Operating,2024,"Establishment year based off secondary sources (e.g. website, corporate report, etc)",KAPUAS,ID-6203,KALIMANTAN TENGAH,114.69563,-2.548423
M-01534,NA,UNKNOWN,BUKIT KUANSING PERMAI,CENGAR,-0.7262942,101.511514,,Operating,2024,"Establishment year based off secondary sources (e.g. website, corporate report, etc)",KUANTAN SINGINGI,ID-1401,RIAU,101.511514,-0.7262942
M-01535,NA,INDOGUNTA,RIMBUN SAWIT PAPUA,RIMBUN SAWIT PAPUA,-2.915441,133.04879,60.0,Operating,2024,"Establishment year based off secondary sources (e.g. website, corporate report, etc)",FAKFAK,ID-9101,PAPUA BARAT,133.04879,-2.915441
M-01536,PO1000018005,ADR,SRIGUNUNG INTI AGRO PERSADA,SRIGUNUNG INTI AGRO PERSADA,-2.47066,103.98856,45.0,Operating,2023,"Establishment year based off secondary sources (e.g. website, corporate report, etc)",MUSI BANYUASIN,ID-1606,SUMATERA SELATAN,103.98856,-2.47066
M-01537,NA,UNKNOWN,INTI SAWIT GEMILANG,INTI SAWIT GEMILANG,1.238714,109.39038,5.0,Operating,2024,"Establishment year based off secondary sources (e.g. website, corporate report, etc)",SAMBAS,ID-6101,KALIMANTAN BARAT,109.39038,1.238714
M-01538,PO1000017678,UNKNOWN,HILTON DUTA LESTARI,HILTON DUTA LESTARI,0.57462,109.3325,30.0,Operating,2024,"Establishment year based off secondary sources (e.g. website, corporate report, etc)",LANDAK,ID-6103,KALIMANTAN BARAT,109.3325,0.57462
M-01539,NA,UNKNOWN,CAHAYA LESTARI SAWITA,CAHAYA LESTARI SAWITA,-0.441293,102.45175,20.0,Operating,2024,"Establishment year based off secondary sources (e.g. website, corporate report, etc)",INDRAGIRI HULU,ID-1402,RIAU,102.45175,-0.441293
M-01540,NA,UNKNOWN,RAMBAH SAWIT MANDIRI,RAMBAH SAWIT MANDIRI,0.818173,100.43571,45.0,Operating,2024,"Establishment year based off secondary sources (e.g. website, corporate report, etc)",ROKAN HULU,ID-1407,RIAU,100.43571,0.818173
M-01541,PO1000017999,UNKNOWN,SUKSES INTI PALMA,SUKSES INTI PALMA 2,-1.713532,103.711845,60.0,Operating,2024,"Establishment year based off secondary sources (e.g. website, corporate report, etc)",MUARO JAMBI,ID-1505,JAMBI,103.711845,-1.713532
M-01542,NA,UNKNOWN,PESONA SAWIT MAKMUR,PESONA SAWIT MAKMUR,-4.5319703,104.473769,45.0,Operating,2025,"Establishment year based off secondary sources (e.g. website, corporate report, etc)",WAY KANAN,ID-1807,LAMPUNG,104.473769,-4.5319703
M-01543,NA,UNKNOWN,SUBUR BERKAH LESTARI,SUBUR BERKAH LESTARI,-0.43841,101.61169,45.0,Operating,2025,"Establishment year based off secondary sources (e.g. website, corporate report, etc)",KUANTAN SINGINGI,ID-1401,RIAU,101.61169,-0.43841
M-01544,NA,UNKNOWN,PALMA LESTARI PUTRA BORNEO,PALMA LESTARI PUTRA BORNEO,-1.8685253,110.651571,,Operating,2025,"Establishment year based off secondary sources (e.g. website, corporate report, etc)",KETAPANG,ID-6106,KALIMANTAN BARAT,110.651571,-1.8685253
M-01545,NA,SUMBER TANI AGUNG (STA),FLORA NUSA PERDANA,FLORA NUSA PERDANA,-1.4964884,113.664381,60.0,Operating,2024,"Establishment year based off secondary sources (e.g. website, corporate report, etc)",GUNUNG MAS,ID-6211,KALIMANTAN TENGAH,113.664381,-1.4964884
M-01546,PO1000017677,NUSANTARA SAWIT SEJAHTERA (NSS),BORNEO SAWIT PERDANA,JEMARAS,-2.212381,113.011429,60.0,Operating,2023,"Establishment year based off secondary sources (e.g. website, corporate report, etc)",KOTAWARINGIN TIMUR,ID-6202,KALIMANTAN TENGAH,113.011429,-2.212381
M-01547,PO1000017934,SIPEF,AGRO MUARA RUPIT,AGRO MUARA RUPIT,-2.606119,102.86326,45.0,Operating,2024,"Establishment year based off secondary sources (e.g. website, corporate report, etc)",MUSI RAWAS UTARA,ID-1613,SUMATERA SELATAN,102.86326,-2.606119
M-01548,PO1000017935,UNKNOWN,NAGA BULAN,NAGA BULAN,3.2724054,99.100924,,Operating,2021,"Establishment year based off secondary sources (e.g. website, corporate report, etc)",SERDANG BEDAGAI,ID-1218,SUMATERA UTARA,99.100924,3.2724054
M-01549,PO1000017938,BUMITAMA GUNAJAYA AGRO (BGA),LESTARI GEMILANG INTISAWIT,BENGKIRAI JAYA,-1.5531336,110.604647,40.0,Operating,2024,"Establishment year based off secondary sources (e.g. website, corporate report, etc)",KETAPANG,ID-6106,KALIMANTAN BARAT,110.604647,-1.5531336
M-01550,PO1000018000,UNKNOWN,UJUNG TANJUNG SEJAHTERA,UJUNG TANJUNG SEJAHTERA,1.6231307,101.0498,30.0,Operating,2024,"Establishment year based off secondary sources (e.g. website, corporate report, etc)",ROKAN HILIR,ID-1409,RIAU,101.0498,1.6231307
M-01551,PO1000018001,UNKNOWN,TAMA BUANA JAYA,TAMA BUANA JAYA,-2.8390212,106.46534,45.0,Operating,2024,"Establishment year based off secondary sources (e.g. website, corporate report, etc)",BANGKA SELATAN,ID-1905,KEP. BANGKA BELITUNG,106.46534,-2.8390212
M-01552,PO1000018003,UNKNOWN,TARO RAKAYA TASYRA,TARO RAKAYA TASYRA,0.4219229,101.68544,,Operating,2024,"Establishment year based off secondary sources (e.g. website, corporate report, etc)",PELALAWAN,ID-1404,RIAU,101.68544,0.4219229
M-01553,PO1000018004,UNKNOWN,BERLIAN NUSANTARA PERKASA,PENAWAI,-0.6928851,116.214188,,Operating,2024,"Establishment year based off secondary sources (e.g. website, corporate report, etc)",KUTAI BARAT,ID-6402,KALIMANTAN TIMUR,116.214188,-0.6928851
M-01554,PO1000018006,UNKNOWN,TENERA SERGAI PERKASA,TENERA SERGAI PERKASA,3.1702382,99.016083,,Operating,2024,"Establishment year based off secondary sources (e.g. website, corporate report, etc)",SERDANG BEDAGAI,ID-1218,SUMATERA UTARA,99.016083,3.1702382
M-01555,PO1000018008,UNKNOWN,PORMAN ANUGERAH SEJATI,PORMAN ANUGERAH SEJATI,-1.4208013,102.71939,30.0,Operating,2024,"Establishment year based off secondary sources (e.g. website, corporate report, etc)",TEBO,ID-1508,JAMBI,102.71939,-1.4208013
M-01556,NA,UNKNOWN,MITRA SAWIT PERKASA,MITRA SAWIT PERKASA,1.8807109,100.130774,30.0,Operating,2025,"Establishment year based off secondary sources (e.g. website, corporate report, etc)",LABUHAN BATU SELATAN,ID-1222,SUMATERA UTARA,100.130774,1.8807109
M-01557,PO1000016533,UNKNOWN,BINA AGRO TANI,BINA AGRO TANI,-2.8089664,107.805266,60.0,Operating,2024,"Establishment year based off secondary sources (e.g. website, corporate report, etc)",BELITUNG,ID-1902,KEP. BANGKA BELITUNG,107.805266,-2.8089664
M-01558,NA,UNKNOWN,SINERGI INTEGRITAS AGROINDUSTRI,SINERGI INTEGRITAS AGROINDUSTRI,1.680715,100.442019,45.0,Operating,2024,"Establishment year based off secondary sources (e.g. website, corporate report, etc)",ROKAN HILIR,ID-1409,RIAU,100.442019,1.680715
M-01559,NA,UNKNOWN,MAKMUR PRIMA LESTARI,MAKMUR PRIMA LESTARI,0.02282,111.0162,60.0,Operating,2025,"Establishment year based off secondary sources (e.g. website, corporate report, etc)",SEKADAU,ID-6109,KALIMANTAN BARAT,111.0162,0.02282
M-01560,NA,UNKNOWN,ALAM SELATAN MANDIRI,ALAM SELATAN MANDIRI,-1.845462,110.41008,,Operating,2024,"Establishment year based off secondary sources (e.g. website, corporate report, etc)",KETAPANG,ID-6106,KALIMANTAN BARAT,110.41008,-1.845462
M-01561,NA,UNKNOWN,TUJUH SERANGKAI SAWIT PERDANA,TUJUH SERANGKAI SAWIT PERDANA,1.8492832,100.15496,,Operating,2024,"Establishment year based off secondary sources (e.g. website, corporate report, etc)",LABUHAN BATU SELATAN,ID-1222,SUMATERA UTARA,100.15496,1.8492832
M-01562,NA,UNKNOWN,KARYA INTI TANI,KARYA INTI TANI,-4.042939,104.150667,45.0,Operating,2024,"Establishment year based off secondary sources (e.g. website, corporate report, etc)",OGAN KOMERING ULU,ID-1601,SUMATERA SELATAN,104.150667,-4.042939
M-01563,NA,UNKNOWN,SELUMA SAWIT LESTARI,SELUMA SAWIT LESTARI,-3.950869,102.44124,45.0,Operating,2024,"Establishment year based off secondary sources (e.g. website, corporate report, etc)",SELUMA,ID-1705,BENGKULU,102.44124,-3.950869
M-01564,NA,SK PLUS,PERKASA SAWIT PERMAI,PERKASA SAWIT PERMAI,-1.06878,115.04356,,Operating,2024,"Establishment year based off secondary sources (e.g. website, corporate report, etc)",BARITO UTARA,ID-6205,KALIMANTAN TENGAH,115.04356,-1.06878
M-01565,NA,CITRA BORNEO INDAH (CBI),BORNEO SAWIT GEMILANG,BORNEO SAWIT GEMILANG,-3.0258329,114.13263,60.0,Operating,2024,"Establishment year based off secondary sources (e.g. website, corporate report, etc)",PULANG PISAU,ID-6210,KALIMANTAN TENGAH,114.13263,-3.0258329
M-01566,NA,UNKNOWN,PETAPAHAN MAKMUR JAYA,PETAPAHAN MAKMUR JAYA,0.67446,101.05027,3.0,Operating,2024,"Establishment year based off secondary sources (e.g. website, corporate report, etc)",KAMPAR,ID-1406,RIAU,101.05027,0.67446
M-01567,NA,UNKNOWN,BENSULI ASAM SAWIT,BENSULI ASAM SAWIT,1.783941,100.179193,15.0,Operating,2023,"Establishment year based off secondary sources (e.g. website, corporate report, etc)",LABUHAN BATU SELATAN,ID-1222,SUMATERA UTARA,100.179193,1.783941
M-01568,NA,UNKNOWN,TRI CAHAYA SAWIT,TRI CAHAYA SAWIT,3.094408,99.30676,15.0,Operating,2023,"Establishment year based off secondary sources (e.g. website, corporate report, etc)",SIMALUNGUN,ID-1209,SUMATERA UTARA,99.30676,3.094408
M-01569,NA,UNKNOWN,SENTANA KARYA BERSAMA,SENTANA KARYA BERSAMA,0.44336,101.57035,10.0,Operating,2024,"Establishment year based off secondary sources (e.g. website, corporate report, etc)",KAMPAR,ID-1406,RIAU,101.57035,0.44336
M-01570,NA,UNKNOWN,LUBUK SAWTINDO SEJAHTERA,LUBUK SAWTINDO SEJAHTERA,0.46236,101.1725,20.0,Operating,2024,"Establishment year based off secondary sources (e.g. website, corporate report, etc)",KAMPAR,ID-1406,RIAU,101.1725,0.46236
M-01571,NA,UNKNOWN,AGUNG PERMAI SAWITA,AGUNG PERMAI SAWITA,1.37122,100.35416,8.0,Operating,2024,"Establishment year based off secondary sources (e.g. website, corporate report, etc)",ROKAN HULU,ID-1407,RIAU,100.35416,1.37122
M-01572,NA,GAGAH PUTERA SATRIA (GPS),KUMAI SENTOSA,KUMAI SENTOSA,-3.27331,111.82326,45.0,Operating,2024,"Establishment year based off secondary sources (e.g. website, corporate report, etc)",KOTAWARINGIN BARAT,ID-6201,KALIMANTAN TENGAH,111.82326,-3.27331
M-01573,PO1000017927,KARYA PLANTATION,BERAU KARETINDO LESTARI,BERAU KARETINDO LESTARI,2.308032,117.01722,45.0,Operating,2024,"Establishment year based off secondary sources (e.g. website, corporate report, etc)",BERAU,ID-6405,KALIMANTAN TIMUR,117.01722,2.308032
M-01574,NA,WINGS AGRO,INDOPENTA SEJAHTERA ABADI,TAMIYANG LAYANG,-2.133749,114.99347,60.0,Operating,2024,"Establishment year based off secondary sources (e.g. website, corporate report, etc)",BARITO TIMUR,ID-6212,KALIMANTAN TENGAH,114.99347,-2.133749
M-01575,NA,UNKNOWN,BAGAN CITRA LESTARI,BAGAN CITRA LESTARI,1.68046,100.48639,5.0,Operating,2023,"Establishment year based off secondary sources (e.g. website, corporate report, etc)",ROKAN HILIR,ID-1409,RIAU,100.48639,1.68046
M-01576,NA,UNKNOWN,BAGAN MULTI SAWIT,BAGAN MULTI SAWIT,1.69323,100.53559,,Operating,2024,"Establishment year based off secondary sources (e.g. website, corporate report, etc)",ROKAN HILIR,ID-1409,RIAU,100.53559,1.69323
M-01577,PO1000017395,SK PLUS,PERMATA TIMUR LESTARI,BANGKAL,-2.53469,112.47905,60.0,Operating,2024,"Establishment year based off secondary sources (e.g. website, corporate report, etc)",SERUYAN,ID-6208,KALIMANTAN TENGAH,112.47905,-2.53469
M-01578,NA,UNKNOWN,CAHAYA GEMILANG SAWIT,CAHAYA GEMILANG SAWIT,0.0153286,117.370515,,Operating,2024,"Establishment year based off secondary sources (e.g. website, corporate report, etc)",KUTAI KARTANEGARA,ID-6403,KALIMANTAN TIMUR,117.370515,0.0153286
M-01579,PO1000016184,UNKNOWN,SUMATERA PALMA ANDALAN,PKS 2,-3.29389,103.28137,60.0,Operating,2025,"Establishment year based off secondary sources (e.g. website, corporate report, etc)",MUSI RAWAS,ID-1605,SUMATERA SELATAN,103.28137,-3.29389
M-01580,NA,UNKNOWN,SINERGI INTI MAKMUR,SINERGI INTI MAKMUR,-0.43676,101.38769,45.0,Operating,2025,"Establishment year based off secondary sources (e.g. website, corporate report, etc)",KUANTAN SINGINGI,ID-1401,RIAU,101.38769,-0.43676
M-01581,NA,KRISTON AGRO,TUMPUAN,TUMPUAN,1.29039,101.05435,20.0,Operating,2024,"Establishment year based off secondary sources (e.g. website, corporate report, etc)",BENGKALIS,ID-1408,RIAU,101.05435,1.29039
M-01582,NA,UNKNOWN,GEMILANG BERSAMA UTAMA,GEMILANG BERSAMA UTAMA,-1.74959,103.88255,30.0,Operating,2025,"Establishment year based off secondary sources (e.g. website, corporate report, etc)",MUARO JAMBI,ID-1505,JAMBI,103.88255,-1.74959
M-01583,NA,UNKNOWN,TETAP JAYA LESTARI,TETAP JAYA LESTARI,3.762148,98.48915,15.0,Operating,2020,"Establishment year based off secondary sources (e.g. website, corporate report, etc)",LANGKAT,ID-1213,SUMATERA UTARA,98.48915,3.762148
M-01584,NA,UNKNOWN,BENSULI SALAM MAKMUR,BENSULI SALAM MAKMUR,2.6330133,98.034869,15.0,Operating,2023,"Establishment year based off secondary sources (e.g. website, corporate report, etc)",SUBULUSSALAM (KOTA),ID-1175,ACEH,98.034869,2.6330133
M-01585,NA,UNKNOWN,MUTIARA SAWIT SELUMA,SENDAWAR,-4.2459397,102.764669,30.0,Operating,2025,"Establishment year based off secondary sources (e.g. website, corporate report, etc)",SELUMA,ID-1705,BENGKULU,102.764669,-4.2459397
M-01586,NA,UNKNOWN,SELUMA SAWIT MANDIRI,SELUMA SAWIT MANDIRI,-4.2299742,102.755172,45.0,Operating,2025,"Establishment year based off secondary sources (e.g. website, corporate report, etc)",SELUMA,ID-1705,BENGKULU,102.755172,-4.2299742
M-01588,NA,UNKNOWN,BERKAT BUMI SAWIT,BERKAT BUMI SAWIT,-3.3444226,102.11437,45.0,Operating,2025,"Establishment year based off secondary sources (e.g. website, corporate report, etc)",BENGKULU UTARA,ID-1703,BENGKULU,102.11437,-3.3444226
M-01589,NA,UNKNOWN,HOLI PALMA,HOLI PALMA,4.0544,98.130222,30.0,Operating,2022,"Establishment year based off secondary sources (e.g. website, corporate report, etc)",LANGKAT,ID-1213,SUMATERA UTARA,98.130222,4.0544
M-01590,NA,SUPERVENTURE,MANDIRI SAWIT BERSAMA,MSB 2,2.7194088,97.975928,45.0,Operating,2025,"Establishment year based off secondary sources (e.g. website, corporate report, etc)",SUBULUSSALAM (KOTA),ID-1175,ACEH,97.975928,2.7194088
M-01591,NA,UNKNOWN,HARI TANI SAWIT,HARI TANI SAWIT,1.95934,99.87522,,Operating,2024,"Establishment year based off secondary sources (e.g. website, corporate report, etc)",LABUHAN BATU,ID-1207,SUMATERA UTARA,99.87522,1.95934
M-01592,NA,UNKNOWN,FAJAR RIAU LESTARI,FAJAR RIAU LESTARI,-0.40403,101.64196,20.0,Operating,2023,"Establishment year based off secondary sources (e.g. website, corporate report, etc)",KUANTAN SINGINGI,ID-1401,RIAU,101.64196,-0.40403
M-01593,NA,UNKNOWN,BANGUNAN RAHMAT,BANGUNAN RAHMAT,0.41889,99.38987,,Operating,2024,"Establishment year based off secondary sources (e.g. website, corporate report, etc)",PASAMAN BARAT,ID-1312,SUMATERA BARAT,99.38987,0.41889
M-01594,NA,UNKNOWN,DOTON PUTRA KANDIS,DOTON PUTRA KANDIS,1.01137,101.27404,,Operating,2024,"Establishment year based off secondary sources (e.g. website, corporate report, etc)",SIAK,ID-1405,RIAU,101.27404,1.01137
M-01595,NA,SUNGAI BUDI,RAJA PALMA,RAJA PALMA,-2.22071,104.5266,,Operating,2024,"Establishment year based off secondary sources (e.g. website, corporate report, etc)",MUSI BANYUASIN,ID-1606,SUMATERA SELATAN,104.5266,-2.22071
M-01596,NA,UNKNOWN,ALAM SAWIT INDO,ALAM SAWIT INDO,4.78378,97.8037,25.0,Operating,2025,"Establishment year based off secondary sources (e.g. website, corporate report, etc)",ACEH TIMUR,ID-1105,ACEH,97.8037,4.78378
M-01597,PO1000017397,UNKNOWN,KUTAI SAWIT MANDIRI,KUTAI SAWIT MANDIRI,1.30145,117.06356,80.0,Operating,2024,"Establishment year based off secondary sources (e.g. website, corporate report, etc)",KUTAI TIMUR,ID-6404,KALIMANTAN TIMUR,117.06356,1.30145
M-01598,PO1000018002,SUBARNI,MON JAMBEE,MON JAMBEE 2,4.313285,96.178019,,Operating,2024,"Establishment year based off secondary sources (e.g. website, corporate report, etc)",ACEH BARAT,ID-1107,ACEH,96.178019,4.313285
M-01599,NA,UNKNOWN,BUKIT SUKSES MAKMUR,BUKIT SUKSES MAKMUR,1.77435,100.41882,,Operating,2024,"Establishment year based off secondary sources (e.g. website, corporate report, etc)",ROKAN HILIR,ID-1409,RIAU,100.41882,1.77435
M-01600,NA,UNKNOWN,TENERA INTI SAWIT,TENERA INTI SAWIT,0.9522392,100.9978,30.0,Operating,2025,"Establishment year based off secondary sources (e.g. website, corporate report, etc)",KAMPAR,ID-1406,RIAU,100.9978,0.9522392
M-01601,NA,UNKNOWN,ZAITUN NUSANTARA OIL,ZAITUN NUSANTARA OIL,4.5561113,97.926012,,Operating,2025,"Establishment year based off secondary sources (e.g. website, corporate report, etc)",ACEH TIMUR,ID-1105,ACEH,97.926012,4.5561113
M-01602,NA,KALIMANTAN AGRO SEJAHTERA (KAS),BORNEO CITRA PERSADA MANDIRI,BORNEO CITRA PERSADA MANDIRI,-0.68496212,115.78866,,Operating,2025,"Establishment year based off secondary sources (e.g. website, corporate report, etc)",KUTAI BARAT,ID-6402,KALIMANTAN TIMUR,115.78866,-0.68496212
M-01603,NA,UNKNOWN,PALMDALE AGROASIA LESTARI MAKMUR,PALMDALE AGROASIA LESTARI MAKMUR,-0.02568856,109.76956309,60.0,Operating,2023,"Establishment year based off secondary sources (e.g. website, corporate report, etc)",KUBU RAYA,ID-6112,KALIMANTAN BARAT,109.76956309,-0.02568856
M-01604,NA,TIANJIN JULONG,AGRO GADING SEJAHTERA,AGRO GADING SEJAHTERA,-4.5480882,104.1461679,,Operating,2024,"Establishment year based off secondary sources (e.g. website, corporate report, etc)",OGAN KOMERING ULU SELATAN,ID-1608,SUMATERA SELATAN,104.1461679,-4.5480882
M-01605,NA,UNKNOWN,KAKAK ADE PADANG PARIAMAN BERKAH,KAPABE MILL,-0.71991081,100.271551,10.0,Operating,2024,"Establishment year based off secondary sources (e.g. website, corporate report, etc)",PADANG PARIAMAN,ID-1306,SUMATERA BARAT,100.271551,-0.71991081
M-01606,NA,UNKNOWN,PERMAI ALAM RAYA,PERMAI ALAM RAYA,0.82848,110.5125,,Operating,2024,"Establishment year based off secondary sources (e.g. website, corporate report, etc)",SANGGAU,ID-6105,KALIMANTAN BARAT,110.5125,0.82848
M-01607,PO1000018009,UNKNOWN,PESONA SAWIT ABADI,PESONA SAWIT ABADI,1.7621929,117.967366,45.0,Operating,2025,"Establishment year based off secondary sources (e.g. website, corporate report, etc)",BERAU,ID-6405,KALIMANTAN TIMUR,117.967366,1.7621929
